url,final_url,status_code,title,server,content_type,content_length,tech,ip,response_time_ms,error
https://link,,0,,,,0,,,0,connect_error: [Errno -3] Temporary failure in name resolution
https://zkh.dpdns.org,https://zkh.dpdns.org,200,,nginx/1.20.1,text/html,12316,"Nginx,jQuery",,169,
https://files.clouddatatransfer.dpdns.org,https://files.clouddatatransfer.dpdns.org,200,FileDrop - Simple & Secure File Sharing,Apache/2.4.52 (Ubuntu),text/html,48229,Apache,,396,
https://cloud.mrzhou.dpdns.org:2053,https://cloud.mrzhou.dpdns.org:2053,404,,,,0,,,449,
https://vmissa.lingyingran.dpdns.org,https://vmissa.lingyingran.dpdns.org,404,,Caddy,text/plain,9,,,456,
https://clouddatatransfer.dpdns.org,https://clouddatatransfer.dpdns.org,200,FileDrop - Simple & Secure File Sharing,Apache/2.4.52 (Ubuntu),text/html,48229,Apache,,484,
http://bzks.dpdns.org,http://bzks.dpdns.org,200,404 Not Found,nginx,text/html,138,Nginx,,553,
http://3x.shandun.tangxiaoqi.dpdns.org,http://3x.shandun.tangxiaoqi.dpdns.org,200,404 Not Found,openresty,text/html,130,OpenResty,,571,
https://gohk.shuangyangshui.dpdns.org,https://gohk.shuangyangshui.dpdns.org,400,Invalid URL,AkamaiGHost,text/html,312,,,772,
https://bzks.dpdns.org,https://bzks.dpdns.org,200,404 Not Found,nginx,text/html,138,Nginx,,765,
https://ww.nkl333.dpdns.org,https://ww.nkl333.dpdns.org,404,,,,0,,,775,
https://chungshinghk.mansun.dpdns.org,https://chungshinghk.mansun.dpdns.org,200,中盛殯儀｜一站式殯儀服務,nginx/1.24.0 (Ubuntu),text/html,614,Nginx,,780,
https://jpsong.learnlg.dpdns.org,https://jpsong.learnlg.dpdns.org,404,,,,0,,,796,
https://lhchen.dpdns.org,https://lhchen.dpdns.org,403,Edge IP Restricted | lhchen.dpdns.org | Cloudflare,cloudflare,text/html,7462,Cloudflare,,809,
http://bobacc.dpdns.org,http://bobacc.dpdns.org,200,PHP 8.3.6 - phpinfo(),nginx/1.24.0 (Ubuntu),text/html,69586,Nginx,,850,
https://ggi.dpdns.org,https://ggi.dpdns.org,400,Invalid URL,AkamaiGHost,text/html,312,,,919,
https://api.tommukan.dpdns.org,https://api.tommukan.dpdns.org,200,即梦 API 管理控制台,nginx/1.24.0 (Ubuntu),text/html,48936,Nginx,,937,
https://bga.mangeek.dpdns.org,https://bga.mangeek.dpdns.org,200,403 Forbidden,nginx,text/html,138,Nginx,,977,
https://hk.warframe.dpdns.org,https://hk.warframe.dpdns.org,200,Welcome to nginx!,nginx/1.18.0 (Ubuntu),text/html,612,Nginx,,782,
https://www.aixue.dpdns.org,https://www.aixue.dpdns.org,200,aixue,nginx,text/html,57641,Nginx,,1021,
https://jp.muu.dpdns.org,https://jp.muu.dpdns.org,403,DNS points to prohibited IP | jp.muu.dpdns.org | Cloudflare,cloudflare,text/html,8126,Cloudflare,,1135,
https://bobacc.dpdns.org,https://bobacc.dpdns.org,200,PHP 8.3.6 - phpinfo(),nginx/1.24.0 (Ubuntu),text/html,69655,Nginx,,1083,
https://jcpt1.dpdns.org,https://jcpt1.dpdns.org,200,JCPT1 - AI API Gateway,nginx/1.24.0 (Ubuntu),text/html,3358,"Nginx,Vue.js",,1147,
https://lilmouse.dpdns.org,https://lilmouse.dpdns.org,200,Lilmouse 的小角落,nginx/1.28.3 (Ubuntu),text/html,13317,Nginx,,801,
https://luckyf.dpdns.org,https://luckyf.dpdns.org,200,,nginx,text/html,256,Nginx,,741,
http://shandun.tangxiaoqi.dpdns.org,https://shandun.tangxiaoqi.dpdns.org/,200,Access Temporarily Unavailable,openresty,text/html,1441,OpenResty,,1264,
https://ai.ydzl.dpdns.org,https://ai.ydzl.dpdns.org,200,AI智能视频,nginx,text/html,61478,Nginx,,1300,
https://api.cunzhangtc.dpdns.org,https://api.cunzhangtc.dpdns.org,200,村长 - AI API Gateway,nginx/1.24.0 (Ubuntu),text/html,45889,Nginx,,1341,
https://bmzk.dpdns.org,https://bmzk.dpdns.org,200,北溟之鲲的生活空间 – 记录点滴生活，分享精彩人生！,Apache/2.4.67 (Debian),text/html,65236,Apache,,912,
http://ai.ydzl.dpdns.org,https://ai.ydzl.dpdns.org/,200,AI智能视频,nginx,text/html,61478,Nginx,,1384,
http://parameter.541880.dpdns.org,http://parameter.541880.dpdns.org,200,魔万弱网参数,nginx,text/html,4952,Nginx,,529,
http://hk.warframe.dpdns.org,https://hk.warframe.dpdns.org/,200,Welcome to nginx!,nginx/1.18.0 (Ubuntu),text/html,612,Nginx,,1396,
http://innovaai.dpdns.org,https://innovaai.dpdns.org/,200,InnovaAI - AI API Gateway,Caddy,text/html,134577,Vue.js,,569,
https://jsyonghu.kfhd.dpdns.org,https://jsyonghu.kfhd.dpdns.org,401,,nginx,application/json,48,Nginx,,940,
https://lunavelle.dpdns.org,https://lunavelle.dpdns.org,200,恭喜，站点创建成功！,nginx,text/html,917,Nginx,,260,
https://pay.xiua8.dpdns.org,https://pay.xiua8.dpdns.org,200,嗨支付,nginx,text/html,5533,"Nginx,Vue.js",,750,
http://maomaodamowang.dpdns.org,https://maomaodamowang.dpdns.org/login,200,登录,nginx/1.18.0 (Ubuntu),text/html,4309,Nginx,,1595,
https://bulianglin779.dpdns.org,https://bulianglin779.dpdns.org/login,200,GEO 工作室｜可信内容与发布助手,nginx,text/html,7853,"Nginx,React",,932,
http://aixue.dpdns.org,https://aixue.dpdns.org/,200,aixue,nginx,text/html,57641,Nginx,,1666,
https://test.lvokic.dpdns.org,https://test.lvokic.dpdns.org,404,,,,0,,,247,
https://anyrouter.atboy.dpdns.org,https://anyrouter.atboy.dpdns.org,200,,nginx/1.22.1,text/html,4321,Nginx,,781,
http://api.cunzhangtc.dpdns.org,https://api.cunzhangtc.dpdns.org/,200,村长 - AI API Gateway,nginx/1.24.0 (Ubuntu),text/html,45889,Nginx,,1735,
https://junli.dpdns.org,https://junli.dpdns.org,200,Starter Template · Bootstrap,nginx/1.18.0 (Ubuntu),text/html,2299,"Bootstrap,Nginx,jQuery",,758,
http://lilmouse.dpdns.org,https://lilmouse.dpdns.org/,200,Lilmouse 的小角落,nginx/1.28.3 (Ubuntu),text/html,13317,Nginx,,1323,
https://frp.maisakurajima.dpdns.org,https://frp.maisakurajima.dpdns.org,200,AstrBot Dashboard,nginx,text/html,69574,"Bootstrap,Nginx",,759,
https://eahaa.dpdns.org,https://eahaa.dpdns.org,200,✨ Interactive Galaxy,openresty,text/html,4356,OpenResty,,716,
https://api.sunday23.dpdns.org,https://api.sunday23.dpdns.org,200,New API,nginx,text/html,1047,"Nginx,React",,718,
https://us.lyx.dpdns.org,https://us.lyx.dpdns.org,403,ERROR: The request could not be satisfied,CloudFront,text/html,915,,,335,
https://hk.dognat.dpdns.org,https://hk.dognat.dpdns.org,404,,,,0,,,676,
http://bulianglin779.dpdns.org,https://bulianglin779.dpdns.org/login,200,GEO 工作室｜可信内容与发布助手,nginx,text/html,7853,"Nginx,React",,1352,
https://hkmjc.dpdns.org,https://hkmjc.dpdns.org,200,mjc's blog,nginx/1.18.0 (Ubuntu),text/html,78582,"Express,Nginx",,1169,
http://luckyf.dpdns.org,https://luckyf.dpdns.org/,200,,nginx,text/html,256,Nginx,,1210,
http://pay.xiua8.dpdns.org,https://pay.xiua8.dpdns.org/,200,嗨支付,nginx,text/html,5533,"Nginx,Vue.js",,1188,
http://jsyonghu.kfhd.dpdns.org,https://jsyonghu.kfhd.dpdns.org/,401,,nginx,application/json,48,Nginx,,1228,
https://shebiao.dpdns.org,https://shebiao.dpdns.org,404,404 Not Found,nginx,text/html,207,Nginx,,815,
https://ttw.dadammm.dpdns.org,https://ttw.dadammm.dpdns.org,200,,,,1681,Vue.js,,688,
http://hy.qingmeng.dpdns.org,https://hy.qingmeng.dpdns.org/,200,清梦工具箱,nginx/1.22.1,text/html,8260,Nginx,,1210,
https://yutou1996.dpdns.org,https://yutou1996.dpdns.org,200,Home,nginx/1.18.0 (Ubuntu),text/html,15831,"Bootstrap,Nginx,jQuery",,897,
https://hk.lyx.dpdns.org,https://hk.lyx.dpdns.org,400,Invalid URL,AkamaiGHost,text/html,312,,,752,
http://api.sunday23.dpdns.org,https://api.sunday23.dpdns.org/,200,New API,nginx,text/html,1047,"Nginx,React",,1197,
https://substore.imzwr667.dpdns.org,https://substore.imzwr667.dpdns.org,200,Sub-Store,nginx,text/html,1980,Nginx,,687,
https://www.ddrayray.dpdns.org,https://www.ddrayray.dpdns.org,200,3D元素周期表,nginx/1.20.1,text/html,13983,Nginx,,939,
http://lanshanhu.dpdns.org,http://lanshanhu.dpdns.org,200,询智阁,nginx,text/html,19013,Nginx,,710,
http://windyun.dpdns.org,https://windyun.dpdns.org/,200,哪吒监控 Nezha Monitoring,nginx/1.22.1,text/html,4825,"Nginx,React",,1163,
http://nimoscl.duogongneng.dpdns.org,http://nimoscl.duogongneng.dpdns.org,200,凌云白,nginx,text/html,30394,Nginx,,873,
http://sspeihl.yasewanhg.dpdns.org,http://sspeihl.yasewanhg.dpdns.org,200,明涧求真,nginx,text/html,47158,"Nginx,jQuery",,922,
https://333.aronahhh.dpdns.org,https://en.wikipedia.org/wiki/Main_Page,200,"Wikipedia, the free encyclopedia",mw-web.codfw.main-6d75f6c48f-bl5mt,text/html,261351,Bootstrap,,1085,
http://substore.imzwr667.dpdns.org,https://substore.imzwr667.dpdns.org/,200,Sub-Store,nginx,text/html,1980,Nginx,,1104,
http://uwmkhvon.fooiuoplik.dpdns.org,http://uwmkhvon.fooiuoplik.dpdns.org,200,景昭珩,nginx,text/html,28542,"Bootstrap,Nginx,jQuery",,862,
http://veqkdx.toopert.dpdns.org,http://veqkdx.toopert.dpdns.org,200,淳意网,nginx,text/html,16360,Nginx,,887,
http://lgidp.soertubn.dpdns.org,http://lgidp.soertubn.dpdns.org,200,答悟,nginx,text/html,21706,"Bootstrap,Nginx,jQuery",,1066,
https://browser.gumor666.dpdns.org,https://browser.gumor666.dpdns.org,401,401 Authorization Required,nginx/1.31.4,text/html,179,Nginx,,678,
http://333.aronahhh.dpdns.org,https://en.wikipedia.org/wiki/Main_Page,200,"Wikipedia, the free encyclopedia",mw-web.codfw.main-6d75f6c48f-bl5mt,text/html,261351,Bootstrap,,815,
http://zmmdzdn.weiyutiop.dpdns.org,http://zmmdzdn.weiyutiop.dpdns.org,200,温柔纪事,nginx,text/html,23165,Nginx,,1054,
http://bhplr.gpplonert.dpdns.org,http://bhplr.gpplonert.dpdns.org,200,独藏生活碎笔,nginx,text/html,24667,"Nginx,jQuery",,1214,
http://uvgeszg.voopliux.dpdns.org,http://uvgeszg.voopliux.dpdns.org,200,启知阁,nginx,text/html,28523,"Nginx,jQuery",,1164,
http://zmjdqn.voopliux.dpdns.org,http://zmjdqn.voopliux.dpdns.org,200,自在温柔,nginx,text/html,28664,"Nginx,jQuery",,1138,
https://jpsbderp01.luoteachingkv.dpdns.org,https://jpsbderp01.luoteachingkv.dpdns.org,200,,nginx/1.22.1,text/html,586,Nginx,,880,
http://elwlp.ftiop.dpdns.org,http://elwlp.ftiop.dpdns.org,200,辰简川,nginx,text/html,34907,"Nginx,jQuery",,1342,
http://yswpei.meitayouha.dpdns.org,http://yswpei.meitayouha.dpdns.org,200,显理解惑,nginx,text/html,19274,"Bootstrap,Nginx",,1114,
http://pcpcju.boolpfont.dpdns.org,http://pcpcju.boolpfont.dpdns.org,200,青辰川,nginx,text/html,25215,"Bootstrap,Nginx",,1398,
https://nl.goldenvps.dpdns.org,https://nl.goldenvps.dpdns.org,404,,,,0,,,390,
http://browser.gumor666.dpdns.org,https://browser.gumor666.dpdns.org/,401,401 Authorization Required,nginx/1.31.4,text/html,179,Nginx,,1247,
https://meridian.chui.dpdns.org,https://meridian.chui.dpdns.org,200,Meridian — Emby 反代管理面板,nginx/1.18.0 (Ubuntu),text/html,9946,Nginx,,726,
https://mjcy.dpdns.org,https://mjcy.dpdns.org,200,软技场,nginx,text/html,48620,"Nginx,WordPress",,2003,
https://hkgdownloader.wodevps.dpdns.org,https://hkgdownloader.wodevps.dpdns.org,400,Invalid URL,AkamaiGHost,text/html,312,,,736,
https://api-1.sby01.dpdns.org,https://api-1.sby01.dpdns.org,200,视频解析API系统,nginx,text/html,1219,Nginx,,738,
http://hailan123.dpdns.org,https://hailan123.dpdns.org/,200,商品智能策划,nginx,text/html,27928,Nginx,,1184,
http://api-1.sby01.dpdns.org,https://api-1.sby01.dpdns.org/,200,视频解析API系统,nginx,text/html,1219,Nginx,,1236,
https://andeslabs.dpdns.org:5667,https://andeslabs.dpdns.org:5667,200,飞牛 fnOS,nginx,text/html,4557,"Nginx,React",,720,
https://aixue.dpdns.org,https://aixue.dpdns.org,200,aixue,nginx,text/html,57641,Nginx,,949,
https://www.huozhong.dpdns.org,https://www.huozhong.dpdns.org,200,首页 - MC鲁观世界,nginx,text/html,13363,Nginx,,733,
https://mcp-cn.awstest.jasondeng.dpdns.org,https://mcp-cn.awstest.jasondeng.dpdns.org,401,,awselb/2.0,text/plain,12,,,715,
http://hk.m77.dpdns.org,,0,,,,0,,,0,connect_error: [Errno -2] Name or service not known
https://skysun.dpdns.org,https://skysun.dpdns.org/index.php/login,200,Login – Nextcloud,,text/html,17889,PHP,,1092,
https://apifh1125.dpdns.org,https://apifh1125.dpdns.org/unlock,200,iCloudPy 控制台,nginx/1.24.0 (Ubuntu),text/html,639,Nginx,,1040,
https://xykj.sby01.dpdns.org,https://xykj.sby01.dpdns.org,404,404 Not Found,nginx,text/html,146,Nginx,,747,
https://mkswenmingahidai.dpdns.org,https://mkswenmingahidai.dpdns.org,426,,nginx,text/plain,16,Nginx,,709,
https://pub.mkswenmingahidai.dpdns.org,https://pub.mkswenmingahidai.dpdns.org,426,,nginx,text/plain,16,Nginx,,736,
https://rok.kieranma.dpdns.org,https://rok.kieranma.dpdns.org,400,Invalid URL,AkamaiGHost,text/html,312,,,709,
http://www.huozhong.dpdns.org,http://www.huozhong.dpdns.org,200,首页 - MC鲁观世界,nginx,text/html,13363,Nginx,,478,
http://zeropoint.dpdns.org,http://zeropoint.dpdns.org,502,502 Bad Gateway,nginx/1.26.3,text/html,157,Nginx,,412,
https://hk.ehua9588.dpdns.org,https://hk.ehua9588.dpdns.org,404,Not Found on Accelerator,,text/html,287,,,792,
https://komari.imzwr667.dpdns.org,https://komari.imzwr667.dpdns.org,200,Komari-Theme-LuminaPlus,nginx,text/html,6014,Nginx,,629,
https://openpanda365.dpdns.org,https://openpanda365.dpdns.org,200,96.one,Microsoft-IIS,text/html,12320,IIS,,696,
https://www.shenqiweb.dpdns.org,https://shenqi.best/,200,神奇工具箱,nginx,text/html,20725,Nginx,,2097,
https://zeropoint.dpdns.org,https://zeropoint.dpdns.org,502,502 Bad Gateway,nginx/1.26.3,text/html,157,Nginx,,676,
https://monitor.zeropoint.dpdns.org,https://monitor.zeropoint.dpdns.org,502,502 Bad Gateway,nginx/1.26.3,text/html,157,Nginx,,688,
http://xykj.sby01.dpdns.org,https://xykj.sby01.dpdns.org/,404,404 Not Found,nginx,text/html,146,Nginx,,1266,
https://www.xiaopengwm.dpdns.org,https://www.xiaopengwm.dpdns.org,200,Cloudreve,Tengine,text/html,3771,React,,732,
https://shenqi1375.dpdns.org,https://shenqi.best/,200,神奇工具箱,nginx,text/html,20725,Nginx,,1883,
http://mkswenmingahidai.dpdns.org,https://mkswenmingahidai.dpdns.org/,426,,nginx,text/plain,16,Nginx,,1233,
https://h5.sdk.mobileztgame.com.t1s7rm9yx6.dpdns.org,,0,,,,0,,,0,connect_error: [Errno 111] Connection refused
https://www.shenqi1375.dpdns.org,https://shenqi.best/,200,神奇工具箱,nginx,text/html,20725,Nginx,,1825,
http://pub.mkswenmingahidai.dpdns.org,https://pub.mkswenmingahidai.dpdns.org/,426,,nginx,text/plain,16,Nginx,,1227,
https://shenqiweb.dpdns.org,https://shenqi.best/,200,神奇工具箱,nginx,text/html,20725,Nginx,,1963,
https://api.yinzhu.dpdns.org,https://api.yinzhu.dpdns.org,404,,nginx/1.24.0 (Ubuntu),application/json,72,Nginx,,688,
https://hksjdiwzm.lufeis.dpdns.org,https://hksjdiwzm.lufeis.dpdns.org,404,,,,0,,,677,
https://imzwr667.dpdns.org,https://imzwr667.dpdns.org,200,Ray's Control Center,nginx,text/html,18865,Nginx,,679,
http://banshef.dpdns.org,https://banshef.dpdns.org/,200,诗词天地,openresty,text/html,26627,OpenResty,,1448,
https://agion.sock.dpdns.org,https://agion.sock.dpdns.org,200,恭喜，站点创建成功！,nginx,text/html,917,Nginx,,258,
https://great429.dpdns.org,https://great429.dpdns.org,403,403 Forbidden,nginx/1.18.0 (Ubuntu),text/html,162,Nginx,,690,
https://alexleehkg.dpdns.org,https://alexleehkg.dpdns.org,200,Apache2 Ubuntu Default Page: It works,Apache/2.4.66 (Ubuntu),text/html,10672,Apache,,1144,
https://ailin.dpdns.org,https://ailin.dpdns.org,200,Octop,nginx,text/html,7424,"Nginx,React",,669,
http://huozhong.dpdns.org,http://huozhong.dpdns.org,200,首页 - MC鲁观世界,nginx,text/html,13363,Nginx,,477,
http://www.ddrayray.dpdns.org,https://www.ddrayray.dpdns.org/,200,3D元素周期表,nginx/1.20.1,text/html,13983,Nginx,,1325,
https://xknb77.dpdns.org,https://xknb77.dpdns.org,200,抱歉，站点已暂停,nginx,text/html,3460,Nginx,,786,
http://www.aixue.dpdns.org,https://www.aixue.dpdns.org/,200,aixue,nginx,text/html,57641,Nginx,,1311,
https://huozhong.dpdns.org,https://huozhong.dpdns.org,200,首页 - MC鲁观世界,nginx,text/html,13363,Nginx,,655,
https://tus.citytour.dpdns.org,,0,,,,0,,,0,error: Server disconnected without sending a response.
https://k4.0691.dpdns.org,https://k4.0691.dpdns.org,404,,,,0,,,760,
https://mtv.hkguy.dpdns.org,https://mtv.hkguy.dpdns.org,400,Invalid URL,AkamaiGHost,text/html,312,,,701,
https://navidrome.hkguy.dpdns.org,https://navidrome.hkguy.dpdns.org,502,502 Bad Gateway,openresty,text/html,154,OpenResty,,712,
https://lululand.dpdns.org,https://lululand.dpdns.org,200,,,text/html,10566,,,689,
https://qmsl.dpdns.org,https://qmsl.dpdns.org,200,球迷沙龙,nginx,text/html,12603,Nginx,,695,
https://wbxllyh.dpdns.org,https://wbxllyh.dpdns.org,403,Edge IP Restricted | wbxllyh.dpdns.org | Cloudflare,cloudflare,text/html,7766,Cloudflare,,754,
http://andeslabs.dpdns.org,https://andeslabs.dpdns.org:5667,200,飞牛 fnOS,nginx,text/html,4557,"Nginx,React",,1191,
https://applemanager.apifh1125.dpdns.org,https://applemanager.apifh1125.dpdns.org/unlock,200,iCloudPy 控制台,nginx/1.24.0 (Ubuntu),text/html,639,Nginx,,1024,
https://xrayyy.dpdns.org,https://xrayyy.dpdns.org,200,购物 - Ai大模型自助购买,nginx,text/html,6645,"Bootstrap,Nginx",,823,
http://en.885.dpdns.org,http://en.885.dpdns.org,200,Proxy Everything,cloudflare,text/html,3610,Cloudflare,,119,
https://meet.liangdai.dpdns.org,https://meet.liangdai.dpdns.org,200,LexiMate · 雅思 AI 翻译,nginx,text/html,681,Nginx,,680,
https://hutiancheng.dpdns.org,https://hutiancheng.dpdns.org,200,柚话说 YooChat — AI 驱动的英语学习平台,nginx/1.22.1,text/html,89181,Nginx,,1113,
http://d.toluoshao1.dpdns.org,http://d.toluoshao1.dpdns.org,200,SMS Platform,nginx/1.27.5,text/html,603,Nginx,,488,
http://hacs.peterchancch.dpdns.org,https://hacs.peterchancch.dpdns.org/,403,403 Forbidden,nginx,text/html,146,Nginx,,1172,
http://ayu8.dpdns.org,http://ayu8.dpdns.org,404,,,,182,,,433,
http://bltsal.dpdns.org,http://bltsal.dpdns.org,200,404 Not Found,openresty,text/html,130,OpenResty,,623,
https://spamuse.dpdns.org,https://spamuse.dpdns.org/en_us/,200,Spamuse,nginx,text/html,262656,"Nginx,WordPress",,1796,
https://111.yipancai.dpdns.org,https://111.yipancai.dpdns.org,418,,TencentEdgeOne,,0,,,733,
https://gslin.dpdns.org,,0,,,,0,,,0,connect_error: [Errno 111] Connection refused
https://grdyq.mds.dpdns.org,https://grdyq.mds.dpdns.org,200,莫森订阅优选,cloudflare,text/html,13921,Cloudflare,,1108,
https://sub.conetcdataone.dpdns.org,https://sub.conetcdataone.dpdns.org,400,Invalid URL,AkamaiGHost,text/html,312,,,662,
https://pfsense.alexleehkg.dpdns.org,https://pfsense.alexleehkg.dpdns.org,200,Apache2 Ubuntu Default Page: It works,Apache/2.4.66 (Ubuntu),text/html,10672,Apache,,1105,
http://year.dpdns.org,http://year.dpdns.org,404,,istio-envoy,,0,,,500,
http://tne.holl.dpdns.org,http://tne.holl.dpdns.org,200,404 Not Found,openresty,text/html,130,OpenResty,,610,
http://b.tmshop.dpdns.org,http://b.tmshop.dpdns.org,404,404 Not Found,openresty,text/html,150,OpenResty,,489,
http://a.tmshop.dpdns.org,http://a.tmshop.dpdns.org,404,404 Not Found,openresty,text/html,150,OpenResty,,499,
https://jieni666.dpdns.org,https://jieni666.dpdns.org,400,Invalid URL,AkamaiGHost,text/html,312,,,661,
http://yspmc.dpdns.org,http://yspmc.dpdns.org,403,403 Forbidden,nginx,text/html,146,Nginx,,511,
http://www.shuxueyst.dpdns.org,https://shuxueyst.dpdns.org/student/login,200,课堂助手智能体,nginx/1.18.0 (Ubuntu),text/html,11959,Nginx,,1819,
https://1p.gslin.dpdns.org,,0,,,,0,,,0,connect_error: [Errno 111] Connection refused
http://qmsl.dpdns.org,https://qmsl.dpdns.org/,200,球迷沙龙,nginx,text/html,12603,Nginx,,1259,
https://npm.hkguy.dpdns.org,https://npm.hkguy.dpdns.org,200,Nginx Proxy Manager,openresty,text/html,1482,OpenResty,,709,
https://ktv6.hkguy.dpdns.org,https://ktv6.hkguy.dpdns.org/login?redirect=%2F,200,MoonTVPlus,openresty,text/html,20749,OpenResty,,935,
https://dpanel.hkguy.dpdns.org,https://dpanel.hkguy.dpdns.org,200,,openresty,text/html,794,OpenResty,,710,
https://hk.heying168.dpdns.org,https://hk.heying168.dpdns.org,200,Decoraat,nginx/1.28.0,text/html,3083,Nginx,,686,
https://xn88.dpdns.org,https://xn88.dpdns.org,200,BDmarket App 下载,nginx,text/html,6196,Nginx,,691,
https://lingweikang.dpdns.org,https://lingweikang.dpdns.org,400,Invalid URL,AkamaiGHost,text/html,310,,,750,
https://ad7gm.dpdns.org,https://ad7gm.dpdns.org,200,Game次元,nginx,text/html,88671,Nginx,,2127,
http://yuner.dpdns.org,http://yuner.dpdns.org,200,404 Not Found,nginx,text/html,138,Nginx,,524,
http://supertom.dpdns.org,http://supertom.dpdns.org,200,404 Not Found,nginx,text/html,138,Nginx,,499,
http://ysrgfw.hanxi.dpdns.org,,0,,,,0,,,0,connect_error: [Errno 111] Connection refused
http://lululand.dpdns.org,https://lululand.dpdns.org/,200,,,text/html,10566,,,1181,
https://520bt.dpdns.org,https://520bt.dpdns.org,403,403 Forbidden,nginx,text/html,146,Nginx,,609,
http://xn88.dpdns.org,http://xn88.dpdns.org,403,403 Forbidden,nginx,text/html,146,Nginx,,511,
http://xixl.dpdns.org,http://xixl.dpdns.org,200,没有找到站点,nginx,text/html,1326,Nginx,,477,
http://qq.color111111.dpdns.org,http://qq.color111111.dpdns.org,200,404 Not Found,nginx,text/html,138,Nginx,,520,
https://a.ccyy.dpdns.org,https://a.ccyy.dpdns.org,404,Not Found on Accelerator,,text/html,297,,,758,
https://xn28.dpdns.org,https://xn28.dpdns.org,200,BDmarket App 下载,nginx,text/html,6196,Nginx,,739,
http://b.zs82.dpdns.org,http://b.zs82.dpdns.org,404,404 Not Found,nginx/1.24.0,text/html,153,Nginx,,461,
http://xn28.dpdns.org,http://xn28.dpdns.org,403,403 Forbidden,nginx,text/html,146,Nginx,,457,
http://xzmwndj.dpdns.org,http://xzmwndj.dpdns.org,200,默认房间,nginx,text/html,51389,Nginx,,515,
http://a.ilog.dpdns.org,http://a.ilog.dpdns.org,200,welcome use kangle!,kangle/3.5,text/html,235,,,518,
http://520bt.dpdns.org,https://520bt.dpdns.org/,403,403 Forbidden,nginx,text/html,146,Nginx,,1135,
http://a.zs82.dpdns.org,http://a.zs82.dpdns.org,404,404 Not Found,nginx/1.24.0,text/html,153,Nginx,,491,
https://xn77.dpdns.org,https://xn77.dpdns.org,200,BDmarket App 下载,nginx,text/html,6196,Nginx,,760,
https://xn666.dpdns.org,https://xn666.dpdns.org,200,BDmarket App 下载,nginx,text/html,6196,Nginx,,706,
https://b.ccyy.dpdns.org,https://b.ccyy.dpdns.org,404,Not Found on Accelerator,,text/html,297,,,766,
https://always.dpdns.org,https://always.dpdns.org,200,OpenList,,text/html,16263,,,750,
http://dash.tmshop.dpdns.org,http://dash.tmshop.dpdns.org,404,404 Not Found,openresty,text/html,150,OpenResty,,497,
https://3160.dpdns.org,https://3160.dpdns.org,404,404 Not Found,nginx/1.27.5,text/html,153,Nginx,,632,
http://ccccz.dpdns.org,http://ccccz.dpdns.org,403,403 Forbidden,nginx,text/html,146,Nginx,,531,
http://frp1.dpdns.org,http://frp1.dpdns.org,200,"Sorry, the website has been stopped",openresty,text/html,58286,OpenResty,,927,
http://xn666.dpdns.org,http://xn666.dpdns.org,403,403 Forbidden,nginx,text/html,146,Nginx,,509,
http://zhlhlf.dpdns.org,http://zhlhlf.dpdns.org,200,zhlhlfの下载站,nginx/1.22.1,text/html,13609,Nginx,,459,
https://www.usrayray.dpdns.org,https://www.usrayray.dpdns.org,200,3D元素周期表,nginx/1.20.1,text/html,13983,Nginx,,280,
https://usrayray.dpdns.org,https://usrayray.dpdns.org,200,3D元素周期表,nginx/1.20.1,text/html,13983,Nginx,,305,
https://hnjc.hnzyydxyfw.dpdns.org,https://hnjc.hnzyydxyfw.dpdns.org/main/home/index.html,200,東吳證券（香港）金融控股有限公司,nginx,text/html,60803,"Nginx,Vue.js",,862,
http://xn77.dpdns.org,http://xn77.dpdns.org,403,403 Forbidden,nginx,text/html,146,Nginx,,504,
http://xn99.dpdns.org,http://xn99.dpdns.org,403,403 Forbidden,nginx,text/html,146,Nginx,,503,
http://b.ilog.dpdns.org,http://b.ilog.dpdns.org,200,welcome use kangle!,kangle/3.5,text/html,235,,,630,
https://xn99.dpdns.org,https://xn99.dpdns.org,200,BDmarket App 下载,nginx,text/html,6196,Nginx,,709,
http://www.usrayray.dpdns.org,https://www.usrayray.dpdns.org/,200,3D元素周期表,nginx/1.20.1,text/html,13983,Nginx,,483,
http://spamuse.dpdns.org,http://spamuse.dpdns.org/en_us/,200,Spamuse,nginx,text/html,262336,"Nginx,WordPress",,3843,
https://zxy-jx1.jsszks.dpdns.org,https://zxy-jx1.jsszks.dpdns.org,200,欣欣解析计费系统,nginx,text/html,8638,Nginx,,904,
http://hqtubcm.voopliuer.dpdns.org,http://hqtubcm.voopliuer.dpdns.org,200,知行库,nginx,text/html,20742,Nginx,,919,
http://fnndotcu.fopiloi.dpdns.org,http://fnndotcu.fopiloi.dpdns.org,200,诺清川,nginx,text/html,21838,"Nginx,WordPress,jQuery",,849,
http://mtizpt.duogongneng.dpdns.org,http://mtizpt.duogongneng.dpdns.org,200,亦景屿,nginx,text/html,29829,Nginx,,932,
http://zmnmie.sheyedashe.dpdns.org,http://zmnmie.sheyedashe.dpdns.org,200,青辰珩,nginx,text/html,28762,"Nginx,jQuery",,962,
http://sggwmn.fopiloi.dpdns.org,http://sggwmn.fopiloi.dpdns.org,200,凌云川,nginx,text/html,21855,"Nginx,WordPress,jQuery",,980,
http://hnjc.hnzyydxyfw.dpdns.org,https://hnjc.hnzyydxyfw.dpdns.org/main/home/index.html,200,東吳證券（香港）金融控股有限公司,nginx,text/html,60803,"Nginx,Vue.js",,1351,
http://missim.dpdns.org,https://missim.dpdns.org/,200,missim米西姆,CDN,text/html,63363,,,2981,
https://blog2.dpdns.org,https://blog2.dpdns.org/wp-content/themes/ripro-v5/install/swoole-compiler-loader.php,200,Swoole Compiler Loader Wizard-ritheme.com,nginx,text/html,3029,"Nginx,WordPress",,3216,
http://ekqafw.voopliuer.dpdns.org,http://ekqafw.voopliuer.dpdns.org,200,亦景白,nginx,text/html,21382,Nginx,,983,
http://fyqptyrp.fooiuoplik.dpdns.org,http://fyqptyrp.fooiuoplik.dpdns.org,200,送网,nginx,text/html,29175,"Bootstrap,Nginx,jQuery",,976,
http://plgsxso.sheyedashe.dpdns.org,http://plgsxso.sheyedashe.dpdns.org,200,凌云白,nginx,text/html,28551,"Nginx,jQuery",,1138,
http://rdmduet.sheyedashe.dpdns.org,http://rdmduet.sheyedashe.dpdns.org,200,松弛生活,nginx,text/html,28731,"Nginx,jQuery",,1096,
http://gijrjz.goodks.dpdns.org,http://gijrjz.goodks.dpdns.org,200,青辰川,nginx,text/html,26102,"Bootstrap,Nginx",,1158,
http://rqbddx.voopliuer.dpdns.org,http://rqbddx.voopliuer.dpdns.org,200,篱网,nginx,text/html,20383,Nginx,,901,
http://fhlpwqdm.goodks.dpdns.org,http://fhlpwqdm.goodks.dpdns.org,200,临珩,nginx,text/html,23576,"Bootstrap,Nginx",,1170,
http://pdimob.voopliuer.dpdns.org,http://pdimob.voopliuer.dpdns.org,200,叙简白,nginx,text/html,21154,Nginx,,1097,
http://slbiuifu.goodks.dpdns.org,http://slbiuifu.goodks.dpdns.org,200,南凌屿,nginx,text/html,71856,Nginx,,1219,
http://ewpza.voopliuer.dpdns.org,http://ewpza.voopliuer.dpdns.org,200,舒辨解惑,nginx,text/html,20546,Nginx,,885,
http://cdn.mcmksnb.dpdns.org,https://cdn.mcmksnb.dpdns.org/,200,Token Pool - 账号池管理,,text/html,96322,,,1811,
http://rbjrflz.fopiloi.dpdns.org,http://rbjrflz.fopiloi.dpdns.org,200,答序问理,nginx,text/html,20767,"Nginx,WordPress,jQuery",,889,
http://gwnwrtcm.voopliuer.dpdns.org,http://gwnwrtcm.voopliuer.dpdns.org,200,南川,nginx,text/html,21110,Nginx,,854,
http://fkrpfze.voopliuer.dpdns.org,http://fkrpfze.voopliuer.dpdns.org,200,诺清禾,nginx,text/html,20442,Nginx,,882,
http://feoiemtb.voopliuer.dpdns.org,http://feoiemtb.voopliuer.dpdns.org,200,星亦禾,nginx,text/html,20798,Nginx,,936,
http://vmimmmo.voopliuer.dpdns.org,http://vmimmmo.voopliuer.dpdns.org,200,叙简珩,nginx,text/html,20639,Nginx,,845,
http://rqwipam.duogongneng.dpdns.org,http://rqwipam.duogongneng.dpdns.org,200,觅网,nginx,text/html,30510,Nginx,,872,
http://linlfum.sheyedashe.dpdns.org,http://linlfum.sheyedashe.dpdns.org,200,阅理解惑,nginx,text/html,29204,"Nginx,jQuery",,971,
http://gvwmtt.fooiuoplik.dpdns.org,http://gvwmtt.fooiuoplik.dpdns.org,200,凌云白,nginx,text/html,28615,"Bootstrap,Nginx,jQuery",,857,
http://fpvupmy.fopiloi.dpdns.org,http://fpvupmy.fopiloi.dpdns.org,200,临泽珩,nginx,text/html,22258,"Nginx,WordPress,jQuery",,1145,
http://oluwt.goodks.dpdns.org,http://oluwt.goodks.dpdns.org,200,彻询解惑,nginx,text/html,30893,"Nginx,jQuery",,869,
http://lqugelc.fopiloi.dpdns.org,http://lqugelc.fopiloi.dpdns.org,200,个人温柔存档,nginx,text/html,20659,"Nginx,WordPress,jQuery",,1024,
http://upjqi.sheyedashe.dpdns.org,http://upjqi.sheyedashe.dpdns.org,200,临泽屿,nginx,text/html,26975,"Nginx,jQuery",,985,
http://fknxbsk.goodks.dpdns.org,http://fknxbsk.goodks.dpdns.org,200,景昭屿,nginx,text/html,48927,"Nginx,jQuery",,940,
https://cdn.mcmksnb.dpdns.org,https://cdn.mcmksnb.dpdns.org,200,Token Pool - 账号池管理,,text/html,96322,,,2480,
http://ruabcscq.fopiloi.dpdns.org,http://ruabcscq.fopiloi.dpdns.org,200,南寻,nginx,text/html,21600,"Nginx,WordPress,jQuery",,833,
http://ziuckp.goodks.dpdns.org,http://ziuckp.goodks.dpdns.org,200,凌云白,nginx,text/html,46858,"Nginx,jQuery",,901,
http://vtfouwm.goodks.dpdns.org,http://vtfouwm.goodks.dpdns.org,200,朝雾网,nginx,text/html,25331,"Bootstrap,Nginx",,948,
http://hmmqd.goodks.dpdns.org,http://hmmqd.goodks.dpdns.org,200,亦景川,nginx,text/html,52406,Nginx,,1169,
http://xhtnweyc.sheyedashe.dpdns.org,http://xhtnweyc.sheyedashe.dpdns.org,200,青辰川,nginx,text/html,29420,"Nginx,jQuery",,911,
http://voalq.fopiloi.dpdns.org,http://voalq.fopiloi.dpdns.org,200,静藏岁月,nginx,text/html,21907,"Nginx,WordPress,jQuery",,880,
http://blog2.dpdns.org,https://blog2.dpdns.org/wp-content/themes/ripro-v5/install/swoole-compiler-loader.php,200,Swoole Compiler Loader Wizard-ritheme.com,nginx,text/html,3029,"Nginx,WordPress",,3654,
http://saxyt.fooiuoplik.dpdns.org,http://saxyt.fooiuoplik.dpdns.org,200,平问智,nginx,text/html,28944,"Bootstrap,Nginx,jQuery",,861,
http://pdpamfj.duogongneng.dpdns.org,http://pdpamfj.duogongneng.dpdns.org,200,叙简川,nginx,text/html,29901,Nginx,,930,
http://rgdks.boolpfont.dpdns.org,http://rgdks.boolpfont.dpdns.org,200,南凌川,nginx,text/html,25726,"Nginx,jQuery",,896,
http://rrfmrigz.duogongneng.dpdns.org,http://rrfmrigz.duogongneng.dpdns.org,200,晴雨流年册,nginx,text/html,30574,Nginx,,879,
http://nceoppek.sheyedashe.dpdns.org,http://nceoppek.sheyedashe.dpdns.org,200,南凌屿,nginx,text/html,28629,"Nginx,jQuery",,886,
http://sdtdxs.sheyedashe.dpdns.org,http://sdtdxs.sheyedashe.dpdns.org,200,弘断解惑,nginx,text/html,28512,"Nginx,jQuery",,989,
http://skzgbacm.goodks.dpdns.org,http://skzgbacm.goodks.dpdns.org,200,温叙山河,nginx,text/html,24315,Nginx,,954,
http://nbbvl.voopliuer.dpdns.org,http://nbbvl.voopliuer.dpdns.org,200,星白,nginx,text/html,20874,Nginx,,924,
http://lllqvf.sheyedashe.dpdns.org,http://lllqvf.sheyedashe.dpdns.org,200,独写流年,nginx,text/html,28528,"Nginx,jQuery",,998,
http://skzprn.fooiuoplik.dpdns.org,http://skzprn.fooiuoplik.dpdns.org,200,简禾,nginx,text/html,28982,"Bootstrap,Nginx,jQuery",,998,
http://txtjuapf.fopiloi.dpdns.org,http://txtjuapf.fopiloi.dpdns.org,200,反辨解惑,nginx,text/html,22003,"Nginx,WordPress,jQuery",,995,
http://ykmzu.voopliuer.dpdns.org,http://ykmzu.voopliuer.dpdns.org,200,星亦禾,nginx,text/html,20544,Nginx,,1080,
http://uhfklb.sheyedashe.dpdns.org,http://uhfklb.sheyedashe.dpdns.org,200,平淡温柔,nginx,text/html,28779,"Nginx,jQuery",,1000,
http://unlkjthi.voopliuer.dpdns.org,http://unlkjthi.voopliuer.dpdns.org,200,深网,nginx,text/html,20642,Nginx,,966,
http://rfglcjkg.fopiloi.dpdns.org,http://rfglcjkg.fopiloi.dpdns.org,200,青辰川,nginx,text/html,21410,"Nginx,WordPress,jQuery",,846,
http://wuzrv.sheyedashe.dpdns.org,http://wuzrv.sheyedashe.dpdns.org,200,双网,nginx,text/html,28359,"Nginx,jQuery",,1054,
http://mwmjue.fopiloi.dpdns.org,http://mwmjue.fopiloi.dpdns.org,200,风日闲随笔,nginx,text/html,22070,"Nginx,WordPress,jQuery",,880,
http://wflars.boolpfont.dpdns.org,http://wflars.boolpfont.dpdns.org,200,知隅,nginx,text/html,35971,"Nginx,jQuery",,908,
http://gljdup.goodks.dpdns.org,http://gljdup.goodks.dpdns.org,200,叙简珩,nginx,text/html,70026,"Bootstrap,Nginx,jQuery",,1397,
http://ccnxe.duogongneng.dpdns.org,http://ccnxe.duogongneng.dpdns.org,200,聚询解惑,nginx,text/html,30343,Nginx,,875,
http://dkfes.goodks.dpdns.org,http://dkfes.goodks.dpdns.org,200,柔网,nginx,text/html,18668,"Nginx,jQuery",,945,
http://hsssbz.fooiuoplik.dpdns.org,http://hsssbz.fooiuoplik.dpdns.org,200,知珩,nginx,text/html,29042,"Bootstrap,Nginx,jQuery",,844,
http://qdposvx.voopliuer.dpdns.org,http://qdposvx.voopliuer.dpdns.org,200,凌云川,nginx,text/html,21178,Nginx,,881,
http://ycvbj.sheyedashe.dpdns.org,http://ycvbj.sheyedashe.dpdns.org,200,亦景川,nginx,text/html,28696,"Nginx,jQuery",,910,
http://ysjdjrc.boolpfont.dpdns.org,http://ysjdjrc.boolpfont.dpdns.org,200,独网,nginx,text/html,59326,"Nginx,jQuery",,1545,
http://hupmiez.boolpfont.dpdns.org,http://hupmiez.boolpfont.dpdns.org,200,旦网,nginx,text/html,37911,"Nginx,jQuery",,925,
http://yqfjdcus.duogongneng.dpdns.org,http://yqfjdcus.duogongneng.dpdns.org,200,临泽舟,nginx,text/html,30792,Nginx,,859,
http://qopsju.duogongneng.dpdns.org,http://qopsju.duogongneng.dpdns.org,200,观山随笔,nginx,text/html,30312,Nginx,,863,
http://dkqfk.sheyedashe.dpdns.org,http://dkqfk.sheyedashe.dpdns.org,200,闲书流年,nginx,text/html,28301,"Nginx,jQuery",,816,
http://mcbqjbe.boolpfont.dpdns.org,http://mcbqjbe.boolpfont.dpdns.org,200,南珩,nginx,text/html,41072,"Nginx,jQuery",,886,
http://dodovj.fopiloi.dpdns.org,http://dodovj.fopiloi.dpdns.org,200,随心随笔,nginx,text/html,21991,"Nginx,WordPress,jQuery",,805,
http://mzvjwss.boolpfont.dpdns.org,http://mzvjwss.boolpfont.dpdns.org,200,星亦屿,nginx,text/html,19051,"Bootstrap,Nginx",,932,
http://oudcb.fopiloi.dpdns.org,http://oudcb.fopiloi.dpdns.org,200,愁网,nginx,text/html,21728,"Nginx,WordPress,jQuery",,827,
http://prexpc.boolpfont.dpdns.org,http://prexpc.boolpfont.dpdns.org,200,临泽珩,nginx,text/html,31438,"Bootstrap,Nginx,jQuery",,990,
http://qecedbn.wordres.dpdns.org,http://qecedbn.wordres.dpdns.org,200,景昭屿,nginx,text/html,32904,"Nginx,WordPress,jQuery",,963,
http://shaku.lanshanhu.dpdns.org,http://shaku.lanshanhu.dpdns.org,200,诺隅,nginx,text/html,21396,"Nginx,jQuery",,944,
http://enppij.voopliuer.dpdns.org,http://enppij.voopliuer.dpdns.org,200,昭青舟,nginx,text/html,21048,Nginx,,931,
http://hqjwgwfi.duogongneng.dpdns.org,http://hqjwgwfi.duogongneng.dpdns.org,200,青辰白,nginx,text/html,30844,Nginx,,936,
http://smtkbu.lanshanhu.dpdns.org,http://smtkbu.lanshanhu.dpdns.org,200,叙简珩,nginx,text/html,21508,"Nginx,jQuery",,886,
http://dpxowpka.fooiuoplik.dpdns.org,http://dpxowpka.fooiuoplik.dpdns.org,200,囊网,nginx,text/html,28847,"Bootstrap,Nginx,jQuery",,875,
http://mvfpm.voopliuer.dpdns.org,http://mvfpm.voopliuer.dpdns.org,200,启理解惑,nginx,text/html,20222,Nginx,,912,
http://qaiwffv.voopliuer.dpdns.org,http://qaiwffv.voopliuer.dpdns.org,200,叙简川,nginx,text/html,20375,Nginx,,874,
http://lhijgace.lanshanhu.dpdns.org,http://lhijgace.lanshanhu.dpdns.org,200,明叙,nginx,text/html,21500,"Nginx,jQuery",,1057,
http://glwvjd.wordres.dpdns.org,http://glwvjd.wordres.dpdns.org,200,清南禾,nginx,text/html,32590,"Nginx,WordPress,jQuery",,920,
http://zerbuy.voopliuer.dpdns.org,http://zerbuy.voopliuer.dpdns.org,200,专属岁月随笔,nginx,text/html,20735,Nginx,,955,
http://finvcage.wordres.dpdns.org,http://finvcage.wordres.dpdns.org,200,诺清川,nginx,text/html,32718,"Nginx,WordPress,jQuery",,890,
http://rwrmfmiz.lanshanhu.dpdns.org,http://rwrmfmiz.lanshanhu.dpdns.org,200,景昭珩,nginx,text/html,21598,"Nginx,jQuery",,905,
http://pyjvb.wordres.dpdns.org,http://pyjvb.wordres.dpdns.org,200,问际答疑,nginx,text/html,32917,"Nginx,WordPress,jQuery",,848,
http://nntckjio.voopliuer.dpdns.org,http://nntckjio.voopliuer.dpdns.org,200,素白时光,nginx,text/html,20182,Nginx,,891,
http://owmqh.fooiuoplik.dpdns.org,http://owmqh.fooiuoplik.dpdns.org,200,衡寻隅,nginx,text/html,29435,"Bootstrap,Nginx,jQuery",,831,
https://linux.gendo.dpdns.org,,0,,,,0,,,0,timeout
http://hcqll.voopliuer.dpdns.org,http://hcqll.voopliuer.dpdns.org,200,云栖网,nginx,text/html,19981,Nginx,,1350,
http://rltngw.voopliuer.dpdns.org,http://rltngw.voopliuer.dpdns.org,200,沐寻,nginx,text/html,20516,Nginx,,1300,
http://wnvnkq.wordres.dpdns.org,http://wnvnkq.wordres.dpdns.org,200,个人叙存,nginx,text/html,33288,"Nginx,WordPress,jQuery",,1331,
http://cpzhdt.wordres.dpdns.org,http://cpzhdt.wordres.dpdns.org,200,景昭珩,nginx,text/html,33190,"Nginx,WordPress,jQuery",,1353,
http://zdxujy.wordres.dpdns.org,http://zdxujy.wordres.dpdns.org,200,轻问断,nginx,text/html,33056,"Nginx,WordPress,jQuery",,1343,
http://whuet.duogongneng.dpdns.org,http://whuet.duogongneng.dpdns.org,200,寻光问答,nginx,text/html,30348,Nginx,,1524,
http://dibeq.duogongneng.dpdns.org,http://dibeq.duogongneng.dpdns.org,200,回知解惑,nginx,text/html,30147,Nginx,,1483,
http://brpeq.fooiuoplik.dpdns.org,http://brpeq.fooiuoplik.dpdns.org,200,亦景屿,nginx,text/html,29225,"Bootstrap,Nginx,jQuery",,1428,
http://rwomq.fooiuoplik.dpdns.org,http://rwomq.fooiuoplik.dpdns.org,200,岁月轻拾,nginx,text/html,28866,"Bootstrap,Nginx,jQuery",,1421,
http://ypyuec.lanshanhu.dpdns.org,http://ypyuec.lanshanhu.dpdns.org,200,书韵解惑,nginx,text/html,21010,"Nginx,jQuery",,1431,
http://wxexos.voopliuer.dpdns.org,http://wxexos.voopliuer.dpdns.org,200,星亦禾,nginx,text/html,20539,Nginx,,1540,
http://qtimnikq.fooiuoplik.dpdns.org,http://qtimnikq.fooiuoplik.dpdns.org,200,智能答疑,nginx,text/html,28446,"Bootstrap,Nginx,jQuery",,1437,
http://ustay.wordres.dpdns.org,http://ustay.wordres.dpdns.org,200,青辰珩,nginx,text/html,32998,"Nginx,WordPress,jQuery",,1472,
http://bulbfbfr.lanshanhu.dpdns.org,http://bulbfbfr.lanshanhu.dpdns.org,200,临泽珩,nginx,text/html,21949,"Nginx,jQuery",,1572,
http://slmqbqx.wordres.dpdns.org,http://slmqbqx.wordres.dpdns.org,200,雪网,nginx,text/html,33088,"Nginx,WordPress,jQuery",,1465,
http://ktkrturg.fooiuoplik.dpdns.org,http://ktkrturg.fooiuoplik.dpdns.org,200,诺清禾,nginx,text/html,28767,"Bootstrap,Nginx,jQuery",,1478,
http://dxkhrwi.rtootsatpeg.dpdns.org,http://dxkhrwi.rtootsatpeg.dpdns.org,200,松弛随笔,nginx,text/html,37746,"Nginx,jQuery",,1396,
http://sdthboa.fopiloi.dpdns.org,http://sdthboa.fopiloi.dpdns.org,200,静心问答,nginx,text/html,21947,"Nginx,WordPress,jQuery",,1168,
http://wjrewrw.taiyangshen.dpdns.org,http://wjrewrw.taiyangshen.dpdns.org,200,知寻,nginx,text/html,30093,"Nginx,jQuery",,1042,
http://egoljm.lanshanhu.dpdns.org,http://egoljm.lanshanhu.dpdns.org,200,南凌禾,nginx,text/html,21286,"Nginx,jQuery",,1352,
http://sub.xin101.dpdns.org,,0,,,,0,,,0,timeout
http://raimdzer.taiyangshen.dpdns.org,http://raimdzer.taiyangshen.dpdns.org,200,穹网,nginx,text/html,30557,"Nginx,jQuery",,817,
http://jzhrq.fooiuoplik.dpdns.org,http://jzhrq.fooiuoplik.dpdns.org,200,青隅,nginx,text/html,28905,"Bootstrap,Nginx,jQuery",,784,
http://isyjsusi.goodks.dpdns.org,http://isyjsusi.goodks.dpdns.org,200,简单叙写,nginx,text/html,70484,"Bootstrap,Nginx,jQuery",,1398,
http://fbzumbxy.lanshanhu.dpdns.org,http://fbzumbxy.lanshanhu.dpdns.org,200,星亦屿,nginx,text/html,21502,"Nginx,jQuery",,908,
http://hlmni.rtootsatpeg.dpdns.org,http://hlmni.rtootsatpeg.dpdns.org,200,南凌禾,nginx,text/html,36194,"Nginx,jQuery",,1053,
http://wmoojtvy.sheyedashe.dpdns.org,http://wmoojtvy.sheyedashe.dpdns.org,200,知省解惑,nginx,text/html,28774,"Nginx,jQuery",,896,
http://hslof.wordres.dpdns.org,http://hslof.wordres.dpdns.org,200,拥抱流年,nginx,text/html,33214,"Nginx,WordPress,jQuery",,874,
http://moqurr.voopliuer.dpdns.org,http://moqurr.voopliuer.dpdns.org,200,凌云白,nginx,text/html,20982,Nginx,,855,
http://bhucu.fopiloi.dpdns.org,http://bhucu.fopiloi.dpdns.org,200,南川,nginx,text/html,20965,"Nginx,WordPress,jQuery",,842,
http://majiawebtest.dpdns.org,,0,,,,0,,,0,timeout
http://knabiffv.voopliuer.dpdns.org,http://knabiffv.voopliuer.dpdns.org,200,问细答疑,nginx,text/html,20589,Nginx,,885,
http://uolshwpp.rtootsatpeg.dpdns.org,http://uolshwpp.rtootsatpeg.dpdns.org,200,临泽珩,nginx,text/html,38144,"Nginx,jQuery",,1057,
http://bdjawof.lanshanhu.dpdns.org,http://bdjawof.lanshanhu.dpdns.org,200,南凌屿,nginx,text/html,20527,"Nginx,jQuery",,966,
http://mqvfzbj.duogongneng.dpdns.org,http://mqvfzbj.duogongneng.dpdns.org,200,简约时光,nginx,text/html,30424,Nginx,,1054,
http://krfvxru.lanshanhu.dpdns.org,http://krfvxru.lanshanhu.dpdns.org,200,简川,nginx,text/html,21706,"Nginx,jQuery",,1068,
http://duhrxfow.boolpfont.dpdns.org,http://duhrxfow.boolpfont.dpdns.org,200,诺清禾,nginx,text/html,21894,"Nginx,WordPress,jQuery",,1081,
http://nkxso.fooiuoplik.dpdns.org,http://nkxso.fooiuoplik.dpdns.org,200,诺清川,nginx,text/html,28660,"Bootstrap,Nginx,jQuery",,1032,
http://itgturkt.lanshanhu.dpdns.org,http://itgturkt.lanshanhu.dpdns.org,200,揽风网,nginx,text/html,21189,"Nginx,jQuery",,1126,
http://xxxhj.wordres.dpdns.org,http://xxxhj.wordres.dpdns.org,200,星亦川,nginx,text/html,32436,"Nginx,WordPress,jQuery",,1212,
http://blijxjhe.wordres.dpdns.org,http://blijxjhe.wordres.dpdns.org,200,临泽舟,nginx,text/html,32975,"Nginx,WordPress,jQuery",,1068,
http://hnydwk.goodks.dpdns.org,http://hnydwk.goodks.dpdns.org,200,启知阁,nginx,text/html,23313,"Bootstrap,Nginx,jQuery",,1262,
http://ewsnmft.lanshanhu.dpdns.org,http://ewsnmft.lanshanhu.dpdns.org,200,衡寻珩,nginx,text/html,21656,"Nginx,jQuery",,1176,
http://xrueo.fooiuoplik.dpdns.org,http://xrueo.fooiuoplik.dpdns.org,200,复知阁,nginx,text/html,28893,"Bootstrap,Nginx,jQuery",,1082,
http://knmigf.duogongneng.dpdns.org,http://knmigf.duogongneng.dpdns.org,200,青辰川,nginx,text/html,29755,Nginx,,1222,
http://kytqhtbw.wordres.dpdns.org,http://kytqhtbw.wordres.dpdns.org,200,诺清隅,nginx,text/html,33363,"Nginx,WordPress,jQuery",,1003,
http://wlkecyuc.voopliuer.dpdns.org,http://wlkecyuc.voopliuer.dpdns.org,200,诺清川,nginx,text/html,21250,Nginx,,956,
http://rednihb.goodks.dpdns.org,http://rednihb.goodks.dpdns.org,200,静拾人间,nginx,text/html,21169,"Bootstrap,Nginx,jQuery",,865,
http://ekbpdo.taiyangshen.dpdns.org,http://ekbpdo.taiyangshen.dpdns.org,200,诺清川,nginx,text/html,30241,"Nginx,jQuery",,884,
http://vunkmaup.fooiuoplik.dpdns.org,http://vunkmaup.fooiuoplik.dpdns.org,200,寻网,nginx,text/html,29116,"Bootstrap,Nginx,jQuery",,925,
http://pnkpb.fopiloi.dpdns.org,http://pnkpb.fopiloi.dpdns.org,200,凌云白,nginx,text/html,21285,"Nginx,WordPress,jQuery",,824,
http://rutnz.boolpfont.dpdns.org,http://rutnz.boolpfont.dpdns.org,200,叙简白,nginx,text/html,47880,"Nginx,jQuery",,1268,
http://ftson.wordres.dpdns.org,http://ftson.wordres.dpdns.org,200,辰简隅,nginx,text/html,33263,"Nginx,WordPress,jQuery",,1983,
http://obxpf.boolpfont.dpdns.org,http://obxpf.boolpfont.dpdns.org,200,亦景屿,nginx,text/html,24053,"Bootstrap,Nginx",,957,
http://klxvj.boolpfont.dpdns.org,http://klxvj.boolpfont.dpdns.org,200,樵网,nginx,text/html,21816,"Nginx,jQuery",,928,
https://majiawebtest.dpdns.org,,0,,,,0,,,0,timeout
http://cikxtnd.rtootsatpeg.dpdns.org,http://cikxtnd.rtootsatpeg.dpdns.org,200,诺清川,nginx,text/html,37747,"Nginx,jQuery",,1071,
http://jnagpp.duogongneng.dpdns.org,http://jnagpp.duogongneng.dpdns.org,200,诺川,nginx,text/html,30488,Nginx,,873,
http://lqufdelq.boolpfont.dpdns.org,http://lqufdelq.boolpfont.dpdns.org,200,元理解惑,nginx,text/html,19313,Nginx,,846,
http://ulzmvj.fopiloi.dpdns.org,http://ulzmvj.fopiloi.dpdns.org,200,自存朝夕随笔,nginx,text/html,21167,"Nginx,WordPress,jQuery",,867,
http://hjetzl.rtootsatpeg.dpdns.org,http://hjetzl.rtootsatpeg.dpdns.org,200,诺清隅,nginx,text/html,37208,"Nginx,jQuery",,1018,
https://hk.manbu16.dpdns.org,,0,,,,0,,,0,timeout
http://zahaqtxu.rtootsatpeg.dpdns.org,http://zahaqtxu.rtootsatpeg.dpdns.org,200,答幽解惑,nginx,text/html,38098,"Nginx,jQuery",,1019,
http://maoqjc.wordres.dpdns.org,http://maoqjc.wordres.dpdns.org,200,简禾,nginx,text/html,32676,"Nginx,WordPress,jQuery",,932,
http://bzwtk.rtootsatpeg.dpdns.org,http://bzwtk.rtootsatpeg.dpdns.org,200,凌云禾,nginx,text/html,37032,"Nginx,jQuery",,1082,
http://ifhzl.sheyedashe.dpdns.org,http://ifhzl.sheyedashe.dpdns.org,200,凌云白,nginx,text/html,28768,"Nginx,jQuery",,919,
http://kpbcrydu.fopiloi.dpdns.org,http://kpbcrydu.fopiloi.dpdns.org,200,始网,nginx,text/html,22156,"Nginx,WordPress,jQuery",,902,
http://91aowu.dpdns.org,,0,,,,0,,,0,connect_error: [Errno -3] Temporary failure in name resolution
http://hwbiehu.goodks.dpdns.org,http://hwbiehu.goodks.dpdns.org,200,诺清禾,nginx,text/html,38022,Nginx,,998,
http://ohmvmdvp.goodks.dpdns.org,http://ohmvmdvp.goodks.dpdns.org,200,沐珩,nginx,text/html,26305,"Nginx,jQuery",,1015,
http://ekccvrl.voopliuer.dpdns.org,http://ekccvrl.voopliuer.dpdns.org,200,景昭白,nginx,text/html,20957,Nginx,,1031,
http://xyomtad.boolpfont.dpdns.org,http://xyomtad.boolpfont.dpdns.org,200,问理阁,nginx,text/html,25664,"Nginx,jQuery",,1007,
http://jxjnssfd.boolpfont.dpdns.org,http://jxjnssfd.boolpfont.dpdns.org,200,默拥朝夕,nginx,text/html,21089,"Bootstrap,Nginx",,1061,
http://hvrkc.duogongneng.dpdns.org,http://hvrkc.duogongneng.dpdns.org,200,简川,nginx,text/html,29628,Nginx,,1007,
http://oxajvyr.lanshanhu.dpdns.org,http://oxajvyr.lanshanhu.dpdns.org,200,生活碎碎片,nginx,text/html,21184,"Nginx,jQuery",,1047,
http://rfwlya.lanshanhu.dpdns.org,http://rfwlya.lanshanhu.dpdns.org,200,南凌川,nginx,text/html,21320,"Nginx,jQuery",,1005,
http://shkicrz.fooiuoplik.dpdns.org,http://shkicrz.fooiuoplik.dpdns.org,200,凌云禾,nginx,text/html,28700,"Bootstrap,Nginx,jQuery",,1027,
http://afqmurt.rtootsatpeg.dpdns.org,http://afqmurt.rtootsatpeg.dpdns.org,200,南凌川,nginx,text/html,37890,"Nginx,jQuery",,1330,
http://gwywrw.fopiloi.dpdns.org,http://gwywrw.fopiloi.dpdns.org,200,密柳网,nginx,text/html,21481,"Nginx,WordPress,jQuery",,943,
http://zjoxdu.sheyedashe.dpdns.org,http://zjoxdu.sheyedashe.dpdns.org,200,共享解惑,nginx,text/html,29418,"Nginx,jQuery",,1069,
https://klapi.dpdns.org,,0,,,,0,,,0,timeout
http://atggtj.taiyangshen.dpdns.org,http://atggtj.taiyangshen.dpdns.org,200,疏诺禾,nginx,text/html,30337,"Nginx,jQuery",,1012,
http://cxkeoktc.sheyedashe.dpdns.org,http://cxkeoktc.sheyedashe.dpdns.org,200,清南隅,nginx,text/html,28268,"Nginx,jQuery",,1011,
http://isyqkpa.boolpfont.dpdns.org,http://isyqkpa.boolpfont.dpdns.org,200,顾理堂,nginx,text/html,21569,"Nginx,WordPress,jQuery",,1081,
http://jeajk.duogongneng.dpdns.org,http://jeajk.duogongneng.dpdns.org,200,汇总解惑,nginx,text/html,30521,Nginx,,959,
https://api.klapi.dpdns.org,,0,,,,0,,,0,timeout
http://vzrsscn.fooiuoplik.dpdns.org,http://vzrsscn.fooiuoplik.dpdns.org,200,知珩,nginx,text/html,28810,"Bootstrap,Nginx,jQuery",,963,
http://ylezxjd.lanshanhu.dpdns.org,http://ylezxjd.lanshanhu.dpdns.org,200,叙简川,nginx,text/html,21673,"Nginx,jQuery",,1137,
http://klapi.dpdns.org,,0,,,,0,,,0,timeout
http://irlgwgnz.lanshanhu.dpdns.org,http://irlgwgnz.lanshanhu.dpdns.org,200,温藏流年,nginx,text/html,21970,"Nginx,jQuery",,1049,
http://iegnfjd.weiyutiop.dpdns.org,http://iegnfjd.weiyutiop.dpdns.org,200,叙简珩,nginx,text/html,23828,Nginx,,956,
http://bfufue.weiyutiop.dpdns.org,http://bfufue.weiyutiop.dpdns.org,200,临屿,nginx,text/html,23353,Nginx,,917,
http://tdrkw.fopiloi.dpdns.org,http://tdrkw.fopiloi.dpdns.org,200,独处生活,nginx,text/html,21682,"Nginx,WordPress,jQuery",,1084,
http://dnzuwl.taiyangshen.dpdns.org,http://dnzuwl.taiyangshen.dpdns.org,200,山河解惑,nginx,text/html,30166,"Nginx,jQuery",,1086,
http://ziziowqf.taiyangshen.dpdns.org,http://ziziowqf.taiyangshen.dpdns.org,200,景昭屿,nginx,text/html,30022,"Nginx,jQuery",,1139,
http://najyfy.goodks.dpdns.org,http://najyfy.goodks.dpdns.org,200,岑网,nginx,text/html,24370,"Nginx,jQuery",,1031,
http://yvsrnlru.rtootsatpeg.dpdns.org,http://yvsrnlru.rtootsatpeg.dpdns.org,200,青辰川,nginx,text/html,37678,"Nginx,jQuery",,1159,
http://lkyrck.goodks.dpdns.org,http://lkyrck.goodks.dpdns.org,200,凌云白,nginx,text/html,28460,"Bootstrap,Nginx,jQuery",,1288,
http://latxzl.rtootsatpeg.dpdns.org,http://latxzl.rtootsatpeg.dpdns.org,200,星亦屿,nginx,text/html,37352,"Nginx,jQuery",,1212,
http://vtiwim.lanshanhu.dpdns.org,http://vtiwim.lanshanhu.dpdns.org,200,溯知解惑,nginx,text/html,21609,"Nginx,jQuery",,1168,
http://kvnpgpz.fooiuoplik.dpdns.org,http://kvnpgpz.fooiuoplik.dpdns.org,200,晴光手记,nginx,text/html,28531,"Bootstrap,Nginx,jQuery",,1049,
http://ygmppd.boolpfont.dpdns.org,http://ygmppd.boolpfont.dpdns.org,200,泽知白,nginx,text/html,27916,"Bootstrap,Nginx,jQuery",,1190,
http://svqlzuo.voopliux.dpdns.org,http://svqlzuo.voopliux.dpdns.org,200,晖网,nginx,text/html,28534,"Nginx,jQuery",,1046,
http://wpgilo.wordres.dpdns.org,http://wpgilo.wordres.dpdns.org,200,自我记录馆,nginx,text/html,32777,"Nginx,WordPress,jQuery",,1082,
http://pslno.goodks.dpdns.org,http://pslno.goodks.dpdns.org,200,诺清川,nginx,text/html,21351,"Bootstrap,Nginx,jQuery",,1114,
http://qtlpy.weiyutiop.dpdns.org,http://qtlpy.weiyutiop.dpdns.org,200,风月自渡书,nginx,text/html,22823,Nginx,,1067,
http://quzyg.goodks.dpdns.org,http://quzyg.goodks.dpdns.org,200,星亦川,nginx,text/html,20398,"Bootstrap,Nginx",,1174,
http://rhioxr.rtootsatpeg.dpdns.org,http://rhioxr.rtootsatpeg.dpdns.org,200,窗网,nginx,text/html,37395,"Nginx,jQuery",,1256,
http://tuhevoba.wordres.dpdns.org,http://tuhevoba.wordres.dpdns.org,200,叙简白,nginx,text/html,33154,"Nginx,WordPress,jQuery",,1008,
http://uqremsex.wordres.dpdns.org,http://uqremsex.wordres.dpdns.org,200,南凌屿,nginx,text/html,31368,"Nginx,WordPress,jQuery",,1012,
http://jqvuit.duogongneng.dpdns.org,http://jqvuit.duogongneng.dpdns.org,200,回理解惑,nginx,text/html,30672,Nginx,,1036,
http://ayefcbks.sheyedashe.dpdns.org,http://ayefcbks.sheyedashe.dpdns.org,200,辰简珩,nginx,text/html,29437,"Nginx,jQuery",,1220,
http://hvoalplp.fooiuoplik.dpdns.org,http://hvoalplp.fooiuoplik.dpdns.org,200,凌云川,nginx,text/html,29161,"Bootstrap,Nginx,jQuery",,927,
http://phfjf.rtootsatpeg.dpdns.org,http://phfjf.rtootsatpeg.dpdns.org,200,安静随笔,nginx,text/html,37287,"Nginx,jQuery",,1128,
http://xohsep.fooiuoplik.dpdns.org,http://xohsep.fooiuoplik.dpdns.org,200,诺清禾,nginx,text/html,28466,"Bootstrap,Nginx,jQuery",,929,
http://cavpxjl.voopliuer.dpdns.org,http://cavpxjl.voopliuer.dpdns.org,200,知寻,nginx,text/html,21064,Nginx,,1126,
http://zxqwhltk.wordres.dpdns.org,http://zxqwhltk.wordres.dpdns.org,200,简单流年,nginx,text/html,33056,"Nginx,WordPress,jQuery",,1205,
http://xgxsxs.voopliux.dpdns.org,http://xgxsxs.voopliux.dpdns.org,200,叙简珩,nginx,text/html,28662,"Nginx,jQuery",,1023,
http://lwvizx.rtootsatpeg.dpdns.org,http://lwvizx.rtootsatpeg.dpdns.org,200,轻写岁月,nginx,text/html,37726,"Nginx,jQuery",,1256,
http://nziqtlw.goodks.dpdns.org,http://nziqtlw.goodks.dpdns.org,200,叙简川,nginx,text/html,36715,"Nginx,jQuery",,1290,
http://tugbp.rtootsatpeg.dpdns.org,http://tugbp.rtootsatpeg.dpdns.org,200,景昭屿,nginx,text/html,37188,"Nginx,jQuery",,1254,
http://rmpzolrt.goodks.dpdns.org,http://rmpzolrt.goodks.dpdns.org,200,院网,nginx,text/html,29958,Nginx,,897,
http://ianfyk.weiyutiop.dpdns.org,http://ianfyk.weiyutiop.dpdns.org,200,星川,nginx,text/html,23416,Nginx,,939,
http://esduy.duogongneng.dpdns.org,http://esduy.duogongneng.dpdns.org,200,素净流年,nginx,text/html,30465,Nginx,,906,
http://fgrkbavg.weiyutiop.dpdns.org,http://fgrkbavg.weiyutiop.dpdns.org,200,桐网,nginx,text/html,23493,Nginx,,930,
http://bcieqpz.boolpfont.dpdns.org,http://bcieqpz.boolpfont.dpdns.org,200,知屿,nginx,text/html,20017,Nginx,,897,
http://zdjirsq.boolpfont.dpdns.org,http://zdjirsq.boolpfont.dpdns.org,200,疏网,nginx,text/html,27359,"Bootstrap,Nginx,jQuery",,955,
http://njxkqgoi.duogongneng.dpdns.org,http://njxkqgoi.duogongneng.dpdns.org,200,亦景屿,nginx,text/html,30202,Nginx,,849,
http://nwhmvabk.boolpfont.dpdns.org,http://nwhmvabk.boolpfont.dpdns.org,200,闲温时光,nginx,text/html,57418,"Nginx,jQuery",,1062,
http://evdozu.boolpfont.dpdns.org,http://evdozu.boolpfont.dpdns.org,200,简隅,nginx,text/html,47457,"Nginx,jQuery",,837,
http://gzckxni.voopliuer.dpdns.org,http://gzckxni.voopliuer.dpdns.org,200,临泽珩,nginx,text/html,20663,Nginx,,829,
http://ppzid.weiyutiop.dpdns.org,http://ppzid.weiyutiop.dpdns.org,200,秒答解惑,nginx,text/html,23395,Nginx,,946,
http://zvktht.rtootsatpeg.dpdns.org,http://zvktht.rtootsatpeg.dpdns.org,200,日常温柔录,nginx,text/html,36556,"Nginx,jQuery",,944,
http://znqtzrgx.sheyedashe.dpdns.org,http://znqtzrgx.sheyedashe.dpdns.org,200,诺清禾,nginx,text/html,27470,"Nginx,jQuery",,916,
http://gdjkj.boolpfont.dpdns.org,http://gdjkj.boolpfont.dpdns.org,200,亦景屿,nginx,text/html,58183,"Nginx,jQuery",,1188,
http://ngjumg.voopliuer.dpdns.org,http://ngjumg.voopliuer.dpdns.org,200,慢热随笔,nginx,text/html,20971,Nginx,,854,
http://ngcctfg.wordres.dpdns.org,http://ngcctfg.wordres.dpdns.org,200,青辰珩,nginx,text/html,32861,"Nginx,WordPress,jQuery",,866,
http://ylxgx.weiyutiop.dpdns.org,http://ylxgx.weiyutiop.dpdns.org,200,浮生小记,nginx,text/html,21961,Nginx,,963,
http://friyocz.lanshanhu.dpdns.org,http://friyocz.lanshanhu.dpdns.org,200,诺清川,nginx,text/html,21216,"Nginx,jQuery",,932,
http://bauwwb.wordres.dpdns.org,http://bauwwb.wordres.dpdns.org,200,亦景白,nginx,text/html,33026,"Nginx,WordPress,jQuery",,923,
http://omegpz.weiyutiop.dpdns.org,http://omegpz.weiyutiop.dpdns.org,200,知珩,nginx,text/html,23317,Nginx,,975,
http://iklaj.sheyedashe.dpdns.org,http://iklaj.sheyedashe.dpdns.org,200,青隅,nginx,text/html,28293,"Nginx,jQuery",,952,
http://gsnrsu.weiyutiop.dpdns.org,http://gsnrsu.weiyutiop.dpdns.org,200,叙简川,nginx,text/html,23613,Nginx,,1021,
http://vvghpzh.weiyutiop.dpdns.org,http://vvghpzh.weiyutiop.dpdns.org,200,松弛生活,nginx,text/html,23647,Nginx,,981,
http://jdekrop.fopiloi.dpdns.org,http://jdekrop.fopiloi.dpdns.org,200,温叙流年,nginx,text/html,21746,"Nginx,WordPress,jQuery",,931,
http://fbngrffj.lanshanhu.dpdns.org,http://fbngrffj.lanshanhu.dpdns.org,200,答知,nginx,text/html,21746,"Nginx,jQuery",,937,
http://oytivu.boolpfont.dpdns.org,http://oytivu.boolpfont.dpdns.org,200,幻网,nginx,text/html,23255,"Bootstrap,Nginx",,1021,
http://doqxih.fopiloi.dpdns.org,http://doqxih.fopiloi.dpdns.org,200,临屿,nginx,text/html,21900,"Nginx,WordPress,jQuery",,884,
http://vswkpn.rtootsatpeg.dpdns.org,http://vswkpn.rtootsatpeg.dpdns.org,200,安藏岁月,nginx,text/html,37496,"Nginx,jQuery",,1075,
http://drokztzh.weiyutiop.dpdns.org,http://drokztzh.weiyutiop.dpdns.org,200,独记时光温柔,nginx,text/html,23101,Nginx,,1089,
http://lesgvdob.fooiuoplik.dpdns.org,http://lesgvdob.fooiuoplik.dpdns.org,200,万象求知,nginx,text/html,29212,"Bootstrap,Nginx,jQuery",,923,
http://tbjdhsc.duogongneng.dpdns.org,http://tbjdhsc.duogongneng.dpdns.org,200,梧网,nginx,text/html,30313,Nginx,,963,
http://uhfmt.sheyedashe.dpdns.org,http://uhfmt.sheyedashe.dpdns.org,200,星隅,nginx,text/html,29300,"Nginx,jQuery",,1018,
http://twsgq.taiyangshen.dpdns.org,http://twsgq.taiyangshen.dpdns.org,200,简白时光,nginx,text/html,30088,"Nginx,jQuery",,1992,
http://ipjgf.boolpfont.dpdns.org,http://ipjgf.boolpfont.dpdns.org,200,日常温柔集,nginx,text/html,16388,Nginx,,837,
http://hammuxb.goodks.dpdns.org,http://hammuxb.goodks.dpdns.org,200,炊网,nginx,text/html,20707,"Bootstrap,Nginx,jQuery",,847,
http://wulhtu.wordres.dpdns.org,http://wulhtu.wordres.dpdns.org,200,沐隅,nginx,text/html,32908,"Nginx,WordPress,jQuery",,898,
http://fwrpk.fooiuoplik.dpdns.org,http://fwrpk.fooiuoplik.dpdns.org,200,个人流年叙写,nginx,text/html,28204,"Bootstrap,Nginx,jQuery",,840,
http://thmzsn.duogongneng.dpdns.org,http://thmzsn.duogongneng.dpdns.org,200,叙简珩,nginx,text/html,30612,Nginx,,937,
http://twdkqszw.weiyutiop.dpdns.org,http://twdkqszw.weiyutiop.dpdns.org,200,清南隅,nginx,text/html,23188,Nginx,,978,
http://tohbm.fopiloi.dpdns.org,http://tohbm.fopiloi.dpdns.org,200,远判解惑,nginx,text/html,21696,"Nginx,WordPress,jQuery",,937,
http://pqiuz.taiyangshen.dpdns.org,http://pqiuz.taiyangshen.dpdns.org,200,青辰白,nginx,text/html,29997,"Nginx,jQuery",,799,
http://wowksn.rtootsatpeg.dpdns.org,http://wowksn.rtootsatpeg.dpdns.org,200,景昭屿,nginx,text/html,36003,"Nginx,jQuery",,1003,
http://nulymf.fopiloi.dpdns.org,http://nulymf.fopiloi.dpdns.org,200,叙简川,nginx,text/html,21428,"Nginx,WordPress,jQuery",,848,
http://djdrlhh.sheyedashe.dpdns.org,http://djdrlhh.sheyedashe.dpdns.org,200,沐寻,nginx,text/html,28640,"Nginx,jQuery",,953,
http://rkqip.wordres.dpdns.org,http://rkqip.wordres.dpdns.org,200,识网,nginx,text/html,33027,"Nginx,WordPress,jQuery",,944,
http://mdxrw.wordres.dpdns.org,http://mdxrw.wordres.dpdns.org,200,景寻,nginx,text/html,32638,"Nginx,WordPress,jQuery",,960,
http://nxntc.boolpfont.dpdns.org,http://nxntc.boolpfont.dpdns.org,200,识渺问答,nginx,text/html,29570,"Bootstrap,Nginx,jQuery",,849,
http://sjjxh.wordres.dpdns.org,http://sjjxh.wordres.dpdns.org,200,简珩,nginx,text/html,33017,"Nginx,WordPress,jQuery",,859,
http://psdztdd.taiyangshen.dpdns.org,http://psdztdd.taiyangshen.dpdns.org,200,初判解惑,nginx,text/html,30335,"Nginx,jQuery",,902,
http://jedqf.weiyutiop.dpdns.org,http://jedqf.weiyutiop.dpdns.org,200,南凌川,nginx,text/html,22936,Nginx,,976,
http://afoqxv.fooiuoplik.dpdns.org,http://afoqxv.fooiuoplik.dpdns.org,200,清醒纪事,nginx,text/html,28782,"Bootstrap,Nginx,jQuery",,880,
http://jdroz.wordres.dpdns.org,http://jdroz.wordres.dpdns.org,200,晴雨流年册,nginx,text/html,33079,"Nginx,WordPress,jQuery",,878,
http://ncmxbqcz.lanshanhu.dpdns.org,http://ncmxbqcz.lanshanhu.dpdns.org,200,诺清川,nginx,text/html,21441,"Nginx,jQuery",,890,
http://wekrqcoc.voopliux.dpdns.org,http://wekrqcoc.voopliux.dpdns.org,200,竹音网,nginx,text/html,29047,"Nginx,jQuery",,1047,
http://sdtjtdik.rtootsatpeg.dpdns.org,http://sdtjtdik.rtootsatpeg.dpdns.org,200,诺隅,nginx,text/html,37771,"Nginx,jQuery",,1007,
http://lgsamzb.lanshanhu.dpdns.org,http://lgsamzb.lanshanhu.dpdns.org,200,念遥网,nginx,text/html,21062,"Nginx,jQuery",,1000,
http://cdboqym.toopert.dpdns.org,http://cdboqym.toopert.dpdns.org,200,星亦川,nginx,text/html,16093,Nginx,,867,
http://zddcmk.lanshanhu.dpdns.org,http://zddcmk.lanshanhu.dpdns.org,200,诺白,nginx,text/html,21454,"Nginx,jQuery",,904,
http://oheavu.rtootsatpeg.dpdns.org,http://oheavu.rtootsatpeg.dpdns.org,200,亦景屿,nginx,text/html,37628,"Nginx,jQuery",,964,
http://gugyfzaz.boolpfont.dpdns.org,http://gugyfzaz.boolpfont.dpdns.org,200,慢收日常,nginx,text/html,22130,"Bootstrap,Nginx",,911,
http://kuzib.boolpfont.dpdns.org,http://kuzib.boolpfont.dpdns.org,200,晴光度日书,nginx,text/html,22310,"Bootstrap,Nginx",,848,
http://vdeznho.rtootsatpeg.dpdns.org,http://vdeznho.rtootsatpeg.dpdns.org,200,辰简珩,nginx,text/html,37879,"Nginx,jQuery",,1968,
http://atzlwrfm.fopiloi.dpdns.org,http://atzlwrfm.fopiloi.dpdns.org,200,青辰珩,nginx,text/html,22009,"Nginx,WordPress,jQuery",,813,
http://wowwdv.fopiloi.dpdns.org,http://wowwdv.fopiloi.dpdns.org,200,临泽舟,nginx,text/html,22005,"Nginx,WordPress,jQuery",,864,
http://svaatyj.taiyangshen.dpdns.org,http://svaatyj.taiyangshen.dpdns.org,200,人间慢温柔,nginx,text/html,30510,"Nginx,jQuery",,919,
http://crxhg.toopert.dpdns.org,http://crxhg.toopert.dpdns.org,200,青辰白,nginx,text/html,16176,Nginx,,845,
http://nozdmfve.goodks.dpdns.org,http://nozdmfve.goodks.dpdns.org,200,南凌川,nginx,text/html,24459,Nginx,,1068,
http://qpjboawq.voopliux.dpdns.org,http://qpjboawq.voopliux.dpdns.org,200,南凌禾,nginx,text/html,28613,"Nginx,jQuery",,929,
http://ocwpxxzr.lanshanhu.dpdns.org,http://ocwpxxzr.lanshanhu.dpdns.org,200,南凌禾,nginx,text/html,21831,"Nginx,jQuery",,833,
http://fgcnpq.voopliux.dpdns.org,http://fgcnpq.voopliux.dpdns.org,200,舟网,nginx,text/html,28899,"Nginx,jQuery",,871,
http://wmkutp.wordres.dpdns.org,http://wmkutp.wordres.dpdns.org,200,凌云白,nginx,text/html,32860,"Nginx,WordPress,jQuery",,959,
http://jyrfyu.toopert.dpdns.org,http://jyrfyu.toopert.dpdns.org,200,温写温柔,nginx,text/html,16007,Nginx,,889,
http://yfyfozam.rtootsatpeg.dpdns.org,http://yfyfozam.rtootsatpeg.dpdns.org,200,景昭屿,nginx,text/html,37879,"Nginx,jQuery",,1018,
http://dazwrw.toopert.dpdns.org,http://dazwrw.toopert.dpdns.org,200,思解,nginx,text/html,16142,Nginx,,905,
http://rdssnfa.rtootsatpeg.dpdns.org,http://rdssnfa.rtootsatpeg.dpdns.org,200,凌云禾,nginx,text/html,38170,"Nginx,jQuery",,1051,
http://xvuzsiw.voopliux.dpdns.org,http://xvuzsiw.voopliux.dpdns.org,200,辰简隅,nginx,text/html,28735,"Nginx,jQuery",,1344,
http://fcszw.wordres.dpdns.org,http://fcszw.wordres.dpdns.org,200,叙简珩,nginx,text/html,32765,"Nginx,WordPress,jQuery",,1392,
http://nusjrsr.sheyedashe.dpdns.org,http://nusjrsr.sheyedashe.dpdns.org,200,星亦屿,nginx,text/html,28905,"Nginx,jQuery",,1441,
http://rxuard.duogongneng.dpdns.org,http://rxuard.duogongneng.dpdns.org,200,阅断解惑,nginx,text/html,30216,Nginx,,1379,
http://tbhfzs.taiyangshen.dpdns.org,http://tbhfzs.taiyangshen.dpdns.org,200,叙简白,nginx,text/html,30451,"Nginx,jQuery",,1264,
http://xbtstyzt.sheyedashe.dpdns.org,http://xbtstyzt.sheyedashe.dpdns.org,200,星亦川,nginx,text/html,28902,"Nginx,jQuery",,1416,
http://kpdmzsga.duogongneng.dpdns.org,http://kpdmzsga.duogongneng.dpdns.org,200,独写流年,nginx,text/html,30517,Nginx,,1588,
http://kcowa.sheyedashe.dpdns.org,http://kcowa.sheyedashe.dpdns.org,200,轻书浮生,nginx,text/html,29210,"Nginx,jQuery",,1349,
http://aedjvinb.wordres.dpdns.org,http://aedjvinb.wordres.dpdns.org,200,惜春网,nginx,text/html,32911,"Nginx,WordPress,jQuery",,1443,
http://rpnvhdlq.lanshanhu.dpdns.org,http://rpnvhdlq.lanshanhu.dpdns.org,200,凌云禾,nginx,text/html,21420,"Nginx,jQuery",,1478,
http://irjnajui.goodks.dpdns.org,http://irjnajui.goodks.dpdns.org,200,分网,nginx,text/html,21067,"Bootstrap,Nginx",,1479,
http://fgaif.goodks.dpdns.org,http://fgaif.goodks.dpdns.org,200,临泽屿,nginx,text/html,27002,"Bootstrap,Nginx,jQuery",,1028,
http://lhwqskyz.boolpfont.dpdns.org,http://lhwqskyz.boolpfont.dpdns.org,200,素存温柔,nginx,text/html,25924,"Nginx,jQuery",,1345,
http://gtzagkpe.sheyedashe.dpdns.org,http://gtzagkpe.sheyedashe.dpdns.org,200,私存时光小记,nginx,text/html,29403,"Nginx,jQuery",,2165,
http://furwjzq.yasewanhg.dpdns.org,http://furwjzq.yasewanhg.dpdns.org,200,雪日闲记,nginx,text/html,48099,"Nginx,jQuery",,1340,
http://hfbyazhx.rtootsatpeg.dpdns.org,http://hfbyazhx.rtootsatpeg.dpdns.org,200,复知解惑,nginx,text/html,37359,"Nginx,jQuery",,1415,
http://gwiux.yasewanhg.dpdns.org,http://gwiux.yasewanhg.dpdns.org,200,星亦川,nginx,text/html,47452,"Nginx,jQuery",,1071,
http://uuxnvvk.fooiuoplik.dpdns.org,http://uuxnvvk.fooiuoplik.dpdns.org,200,亦诺川,nginx,text/html,28690,"Bootstrap,Nginx,jQuery",,1174,
http://kpmrav.goodks.dpdns.org,http://kpmrav.goodks.dpdns.org,200,沐珩,nginx,text/html,22911,"Bootstrap,Nginx",,1621,
http://oersso.rtootsatpeg.dpdns.org,http://oersso.rtootsatpeg.dpdns.org,200,浩判解惑,nginx,text/html,37469,"Nginx,jQuery",,1659,
http://hmjgf.voopliuer.dpdns.org,http://hmjgf.voopliuer.dpdns.org,200,青辰川,nginx,text/html,21150,Nginx,,991,
http://bydfl.boolpfont.dpdns.org,http://bydfl.boolpfont.dpdns.org,200,叙简川,nginx,text/html,21793,"Bootstrap,Nginx",,1359,
http://fanhcw.lanshanhu.dpdns.org,http://fanhcw.lanshanhu.dpdns.org,200,临川,nginx,text/html,21589,"Nginx,jQuery",,1022,
http://jgegv.rtootsatpeg.dpdns.org,http://jgegv.rtootsatpeg.dpdns.org,200,答悟,nginx,text/html,37720,"Nginx,jQuery",,1331,
http://dgveue.gpplonert.dpdns.org,http://dgveue.gpplonert.dpdns.org,200,缓藏时光,nginx,text/html,24674,"Nginx,jQuery",,1222,
http://kvohma.fopiloi.dpdns.org,http://kvohma.fopiloi.dpdns.org,200,景昭珩,nginx,text/html,21751,"Nginx,WordPress,jQuery",,938,
http://wdvizpti.rtootsatpeg.dpdns.org,http://wdvizpti.rtootsatpeg.dpdns.org,200,揽星网,nginx,text/html,37981,"Nginx,jQuery",,1373,
http://kshsb.goodks.dpdns.org,http://kshsb.goodks.dpdns.org,200,景昭屿,nginx,text/html,91041,"Nginx,jQuery",,1582,
http://bypmkxg.boolpfont.dpdns.org,http://bypmkxg.boolpfont.dpdns.org,200,清简岁月,nginx,text/html,50476,"Nginx,jQuery",,1868,
http://oqjlh.lanshanhu.dpdns.org,http://oqjlh.lanshanhu.dpdns.org,200,昭禾,nginx,text/html,21858,"Nginx,jQuery",,885,
http://iyfxmfs.voopliuer.dpdns.org,http://iyfxmfs.voopliuer.dpdns.org,200,沐隅,nginx,text/html,20907,Nginx,,850,
http://ndtro.weiyutiop.dpdns.org,http://ndtro.weiyutiop.dpdns.org,200,临泽屿,nginx,text/html,23271,Nginx,,954,
http://xnkaip.fooiuoplik.dpdns.org,http://xnkaip.fooiuoplik.dpdns.org,200,叙简川,nginx,text/html,28647,"Bootstrap,Nginx,jQuery",,822,
http://tebhqcwj.gpplonert.dpdns.org,http://tebhqcwj.gpplonert.dpdns.org,200,清南屿,nginx,text/html,24703,"Nginx,jQuery",,1031,
http://fixdifk.voopliuer.dpdns.org,http://fixdifk.voopliuer.dpdns.org,200,叙简白,nginx,text/html,20244,Nginx,,952,
http://bxpnp.voopliux.dpdns.org,http://bxpnp.voopliux.dpdns.org,200,复断解惑,nginx,text/html,28822,"Nginx,jQuery",,965,
http://onlouzuj.weiyutiop.dpdns.org,http://onlouzuj.weiyutiop.dpdns.org,200,诺清隅,nginx,text/html,23415,Nginx,,947,
http://erhstcg.yasewanhg.dpdns.org,http://erhstcg.yasewanhg.dpdns.org,200,星亦屿,nginx,text/html,47571,"Nginx,jQuery",,966,
http://izzdz.fooiuoplik.dpdns.org,http://izzdz.fooiuoplik.dpdns.org,200,知寻,nginx,text/html,28008,"Bootstrap,Nginx,jQuery",,863,
http://kwmaub.voopliuer.dpdns.org,http://kwmaub.voopliuer.dpdns.org,200,省网,nginx,text/html,20826,Nginx,,998,
http://wiyjcwd.taiyangshen.dpdns.org,http://wiyjcwd.taiyangshen.dpdns.org,200,静珩网,nginx,text/html,30167,"Nginx,jQuery",,995,
http://pnula.boolpfont.dpdns.org,http://pnula.boolpfont.dpdns.org,200,晴光度日书,nginx,text/html,28504,"Nginx,jQuery",,1072,
http://vbpcxcet.voopliuer.dpdns.org,http://vbpcxcet.voopliuer.dpdns.org,200,景昭白,nginx,text/html,21050,Nginx,,946,
http://ozekdgmn.sheyedashe.dpdns.org,http://ozekdgmn.sheyedashe.dpdns.org,200,凌云川,nginx,text/html,28986,"Nginx,jQuery",,1063,
http://mxxlqjmt.boolpfont.dpdns.org,http://mxxlqjmt.boolpfont.dpdns.org,200,青辰白,nginx,text/html,31056,"Bootstrap,Nginx,jQuery",,1091,
http://hozxnnn.toopert.dpdns.org,http://hozxnnn.toopert.dpdns.org,200,景昭白,nginx,text/html,16268,Nginx,,951,
http://fhdzi.lanshanhu.dpdns.org,http://fhdzi.lanshanhu.dpdns.org,200,亦景川,nginx,text/html,21057,"Nginx,jQuery",,1005,
http://tuukse.goodks.dpdns.org,http://tuukse.goodks.dpdns.org,200,轻叙心事,nginx,text/html,20523,Nginx,,1005,
http://pzjnlf.lanshanhu.dpdns.org,http://pzjnlf.lanshanhu.dpdns.org,200,瓯网,nginx,text/html,21688,"Nginx,jQuery",,1118,
http://zbfzbihu.rtootsatpeg.dpdns.org,http://zbfzbihu.rtootsatpeg.dpdns.org,200,问简,nginx,text/html,37355,"Nginx,jQuery",,1159,
http://qnhhaw.rtootsatpeg.dpdns.org,http://qnhhaw.rtootsatpeg.dpdns.org,200,明序库,nginx,text/html,37371,"Nginx,jQuery",,1089,
http://bthkwuu.goodks.dpdns.org,http://bthkwuu.goodks.dpdns.org,200,星亦川,nginx,text/html,23633,"Nginx,WordPress,jQuery",,1053,
http://rpjagvl.lanshanhu.dpdns.org,http://rpjagvl.lanshanhu.dpdns.org,200,叙简白,nginx,text/html,21251,"Nginx,jQuery",,1032,
http://skicxyd.fooiuoplik.dpdns.org,http://skicxyd.fooiuoplik.dpdns.org,200,青屿,nginx,text/html,28292,"Bootstrap,Nginx,jQuery",,859,
http://lreaau.rtootsatpeg.dpdns.org,http://lreaau.rtootsatpeg.dpdns.org,200,觅答,nginx,text/html,37395,"Nginx,jQuery",,1115,
http://dnxdga.rtootsatpeg.dpdns.org,http://dnxdga.rtootsatpeg.dpdns.org,200,平问智,nginx,text/html,37610,"Nginx,jQuery",,1063,
http://kttih.gpplonert.dpdns.org,http://kttih.gpplonert.dpdns.org,200,随心流年,nginx,text/html,24548,"Nginx,jQuery",,1211,
http://khzcvub.sheyedashe.dpdns.org,http://khzcvub.sheyedashe.dpdns.org,200,诺清禾,nginx,text/html,28638,"Nginx,jQuery",,926,
http://nilvi.goodks.dpdns.org,http://nilvi.goodks.dpdns.org,200,沐珩网,nginx,text/html,32039,Nginx,,924,
http://jzycqmk.wordres.dpdns.org,http://jzycqmk.wordres.dpdns.org,200,青隅,nginx,text/html,32836,"Nginx,WordPress,jQuery",,879,
http://wbywbj.fopiloi.dpdns.org,http://wbywbj.fopiloi.dpdns.org,200,青辰川,nginx,text/html,22018,"Nginx,WordPress,jQuery",,876,
http://mqvxp.yasewanhg.dpdns.org,http://mqvxp.yasewanhg.dpdns.org,200,临泽珩,nginx,text/html,48186,"Nginx,jQuery",,935,
http://inhxvf.lanshanhu.dpdns.org,http://inhxvf.lanshanhu.dpdns.org,200,百科答疑,nginx,text/html,21129,"Nginx,jQuery",,919,
http://gpskri.fopiloi.dpdns.org,http://gpskri.fopiloi.dpdns.org,200,明策,nginx,text/html,21928,"Nginx,WordPress,jQuery",,905,
http://rieforcc.wordres.dpdns.org,http://rieforcc.wordres.dpdns.org,200,答真,nginx,text/html,33174,"Nginx,WordPress,jQuery",,946,
http://uhzqifw.sheyedashe.dpdns.org,http://uhzqifw.sheyedashe.dpdns.org,200,南凌禾,nginx,text/html,28931,"Nginx,jQuery",,943,
http://ktegyi.wordres.dpdns.org,http://ktegyi.wordres.dpdns.org,200,星川,nginx,text/html,33372,"Nginx,WordPress,jQuery",,965,
http://dlefmmc.wordres.dpdns.org,http://dlefmmc.wordres.dpdns.org,200,凌云禾,nginx,text/html,32945,"Nginx,WordPress,jQuery",,969,
http://gwuhn.voopliux.dpdns.org,http://gwuhn.voopliux.dpdns.org,200,默藏时光,nginx,text/html,28505,"Nginx,jQuery",,1074,
http://vwihzy.gpplonert.dpdns.org,http://vwihzy.gpplonert.dpdns.org,200,阔网,nginx,text/html,24098,"Nginx,jQuery",,1159,
http://hcijbwr.sheyedashe.dpdns.org,http://hcijbwr.sheyedashe.dpdns.org,200,凌云禾,nginx,text/html,27495,"Nginx,jQuery",,1051,
http://eworlb.yasewanhg.dpdns.org,http://eworlb.yasewanhg.dpdns.org,200,叙简珩,nginx,text/html,46907,"Nginx,jQuery",,989,
http://hmflorj.wordres.dpdns.org,http://hmflorj.wordres.dpdns.org,200,凌云禾,nginx,text/html,33165,"Nginx,WordPress,jQuery",,996,
http://wvvzya.voopliux.dpdns.org,http://wvvzya.voopliux.dpdns.org,200,生活备忘录,nginx,text/html,28557,"Nginx,jQuery",,1024,
http://wjznzsj.boolpfont.dpdns.org,http://wjznzsj.boolpfont.dpdns.org,200,青辰白,nginx,text/html,124515,Nginx,,1299,
http://bqamdhil.lanshanhu.dpdns.org,http://bqamdhil.lanshanhu.dpdns.org,200,凌屿川,nginx,text/html,21629,"Nginx,jQuery",,1023,
http://jyyqfof.boolpfont.dpdns.org,http://jyyqfof.boolpfont.dpdns.org,200,竹网,nginx,text/html,25822,"Nginx,jQuery",,1020,
http://zrbdsq.goodks.dpdns.org,http://zrbdsq.goodks.dpdns.org,200,知渺问答,nginx,text/html,23682,Nginx,,1092,
http://cmhavvm.voopliux.dpdns.org,http://cmhavvm.voopliux.dpdns.org,200,桃笺网,nginx,text/html,28570,"Nginx,jQuery",,1086,
http://nciypj.boolpfont.dpdns.org,http://nciypj.boolpfont.dpdns.org,200,诺珩,nginx,text/html,24635,"Bootstrap,Nginx",,1186,
http://ibjntj.fopiloi.dpdns.org,http://ibjntj.fopiloi.dpdns.org,200,南隅,nginx,text/html,21382,"Nginx,WordPress,jQuery",,1003,
http://faejejn.lanshanhu.dpdns.org,http://faejejn.lanshanhu.dpdns.org,200,静书日常,nginx,text/html,21718,"Nginx,jQuery",,954,
http://wkwbuz.fopiloi.dpdns.org,http://wkwbuz.fopiloi.dpdns.org,200,坊网,nginx,text/html,21892,"Nginx,WordPress,jQuery",,1016,
http://tnwwq.yasewanhg.dpdns.org,http://tnwwq.yasewanhg.dpdns.org,200,星亦屿,nginx,text/html,48064,"Nginx,jQuery",,1041,
http://cbiecigh.gpplonert.dpdns.org,http://cbiecigh.gpplonert.dpdns.org,200,亦景白,nginx,text/html,23941,"Nginx,jQuery",,1130,
http://kgtim.voopliux.dpdns.org,http://kgtim.voopliux.dpdns.org,200,南川,nginx,text/html,28545,"Nginx,jQuery",,1093,
http://nsrocz.gpplonert.dpdns.org,http://nsrocz.gpplonert.dpdns.org,200,青辰珩,nginx,text/html,24637,"Nginx,jQuery",,1106,
http://hlxssn.wordres.dpdns.org,http://hlxssn.wordres.dpdns.org,200,临泽舟,nginx,text/html,32671,"Nginx,WordPress,jQuery",,903,
http://hgwiusdc.lanshanhu.dpdns.org,http://hgwiusdc.lanshanhu.dpdns.org,200,静赴温柔,nginx,text/html,21505,"Nginx,jQuery",,847,
http://nvxmkoza.goodks.dpdns.org,http://nvxmkoza.goodks.dpdns.org,200,软语网,nginx,text/html,33100,"Nginx,WordPress,jQuery",,856,
http://ggtadp.goodks.dpdns.org,http://ggtadp.goodks.dpdns.org,200,简静人间,nginx,text/html,124195,Nginx,,1329,
http://mzrljfw.gpplonert.dpdns.org,http://mzrljfw.gpplonert.dpdns.org,200,静写流年,nginx,text/html,24017,"Nginx,jQuery",,924,
http://dslbz.wordres.dpdns.org,http://dslbz.wordres.dpdns.org,200,郭网,nginx,text/html,32697,"Nginx,WordPress,jQuery",,846,
http://yhgmegzq.sheyedashe.dpdns.org,http://yhgmegzq.sheyedashe.dpdns.org,200,屿川网,nginx,text/html,27248,"Nginx,jQuery",,874,
http://csxbva.sheyedashe.dpdns.org,http://csxbva.sheyedashe.dpdns.org,200,青川,nginx,text/html,28447,"Nginx,jQuery",,949,
http://lkgif.wordres.dpdns.org,http://lkgif.wordres.dpdns.org,200,星珩,nginx,text/html,33154,"Nginx,WordPress,jQuery",,867,
http://zjpbomum.voopliuer.dpdns.org,http://zjpbomum.voopliuer.dpdns.org,200,临泽舟,nginx,text/html,20423,Nginx,,912,
http://wtajas.toopert.dpdns.org,http://wtajas.toopert.dpdns.org,200,诺清禾,nginx,text/html,16188,Nginx,,854,
http://spjlk.gpplonert.dpdns.org,http://spjlk.gpplonert.dpdns.org,200,南凌禾,nginx,text/html,23869,"Nginx,jQuery",,983,
http://vtrpl.wordres.dpdns.org,http://vtrpl.wordres.dpdns.org,200,星白,nginx,text/html,32893,"Nginx,WordPress,jQuery",,1233,
http://lehjcvdb.rtootsatpeg.dpdns.org,http://lehjcvdb.rtootsatpeg.dpdns.org,200,青辰白,nginx,text/html,37572,"Nginx,jQuery",,1370,
http://nframuj.fooiuoplik.dpdns.org,http://nframuj.fooiuoplik.dpdns.org,200,临泽舟,nginx,text/html,28457,"Bootstrap,Nginx,jQuery",,1216,
http://pyjagxgn.gpplonert.dpdns.org,http://pyjagxgn.gpplonert.dpdns.org,200,日常自留地,nginx,text/html,25076,"Nginx,jQuery",,1389,
http://xniido.taiyangshen.dpdns.org,http://xniido.taiyangshen.dpdns.org,200,泽知珩,nginx,text/html,30268,"Nginx,jQuery",,1351,
http://kihqpzvr.voopliuer.dpdns.org,http://kihqpzvr.voopliuer.dpdns.org,200,韧网,nginx,text/html,20371,Nginx,,1408,
http://mxbyfzg.voopliux.dpdns.org,http://mxbyfzg.voopliux.dpdns.org,200,叙简白,nginx,text/html,28927,"Nginx,jQuery",,1474,
http://bkznsy.lanshanhu.dpdns.org,http://bkznsy.lanshanhu.dpdns.org,200,温柔纪事簿,nginx,text/html,21217,"Nginx,jQuery",,1397,
http://wokqvedl.wordres.dpdns.org,http://wokqvedl.wordres.dpdns.org,200,凌云禾,nginx,text/html,33142,"Nginx,WordPress,jQuery",,1494,
http://kamze.boolpfont.dpdns.org,http://kamze.boolpfont.dpdns.org,200,叙简珩,nginx,text/html,32946,"Nginx,WordPress,jQuery",,1435,
http://hmrqgsc.wordres.dpdns.org,http://hmrqgsc.wordres.dpdns.org,200,叙简珩,nginx,text/html,32658,"Nginx,WordPress,jQuery",,1443,
http://vubjey.fooiuoplik.dpdns.org,http://vubjey.fooiuoplik.dpdns.org,200,庭网,nginx,text/html,28538,"Bootstrap,Nginx,jQuery",,1393,
http://qptcuxn.goodks.dpdns.org,http://qptcuxn.goodks.dpdns.org,200,亦景白,nginx,text/html,25798,"Nginx,jQuery",,1454,
http://vdurf.toopert.dpdns.org,http://vdurf.toopert.dpdns.org,200,诺川,nginx,text/html,16143,Nginx,,1354,
http://ckzakf.weiyutiop.dpdns.org,http://ckzakf.weiyutiop.dpdns.org,200,识邃问答,nginx,text/html,23550,Nginx,,1558,
http://qossxyj.taiyangshen.dpdns.org,http://qossxyj.taiyangshen.dpdns.org,200,沐寻,nginx,text/html,30127,"Nginx,jQuery",,1485,
http://hsveb.toopert.dpdns.org,http://hsveb.toopert.dpdns.org,200,诺清隅,nginx,text/html,16336,Nginx,,1473,
http://zxxqfmvd.fooiuoplik.dpdns.org,http://zxxqfmvd.fooiuoplik.dpdns.org,200,智能答疑,nginx,text/html,28450,"Bootstrap,Nginx,jQuery",,997,
http://yzpazcns.yasewanhg.dpdns.org,http://yzpazcns.yasewanhg.dpdns.org,200,揽网,nginx,text/html,48102,"Nginx,jQuery",,1311,
http://pvbozp.yasewanhg.dpdns.org,http://pvbozp.yasewanhg.dpdns.org,200,日常问答,nginx,text/html,47951,"Nginx,jQuery",,1400,
http://ayzphu.gpplonert.dpdns.org,http://ayzphu.gpplonert.dpdns.org,200,叙简白,nginx,text/html,25203,"Nginx,jQuery",,1578,
http://wonmyc.yasewanhg.dpdns.org,http://wonmyc.yasewanhg.dpdns.org,200,南川,nginx,text/html,47364,"Nginx,jQuery",,1291,
http://ebtoo.duogongneng.dpdns.org,http://ebtoo.duogongneng.dpdns.org,200,自渡人间,nginx,text/html,30490,Nginx,,1369,
http://aaovy.duogongneng.dpdns.org,http://aaovy.duogongneng.dpdns.org,200,诚恳解惑,nginx,text/html,30460,Nginx,,1102,
http://gesrrujo.rtootsatpeg.dpdns.org,http://gesrrujo.rtootsatpeg.dpdns.org,200,深理堂,nginx,text/html,37422,"Nginx,jQuery",,1618,
http://gqpiici.sheyedashe.dpdns.org,http://gqpiici.sheyedashe.dpdns.org,200,景川,nginx,text/html,28470,"Nginx,jQuery",,1072,
http://rrbyyef.sheyedashe.dpdns.org,http://rrbyyef.sheyedashe.dpdns.org,200,景昭白,nginx,text/html,28797,"Nginx,jQuery",,1123,
http://zgxdpmv.gpplonert.dpdns.org,http://zgxdpmv.gpplonert.dpdns.org,200,攸宁网,nginx,text/html,24679,"Nginx,jQuery",,1352,
http://alswxls.rtootsatpeg.dpdns.org,http://alswxls.rtootsatpeg.dpdns.org,200,亦景屿,nginx,text/html,37679,"Nginx,jQuery",,1214,
http://hdchk.fopiloi.dpdns.org,http://hdchk.fopiloi.dpdns.org,200,理际答疑,nginx,text/html,22053,"Nginx,WordPress,jQuery",,768,
http://wsixjlp.fooiuoplik.dpdns.org,http://wsixjlp.fooiuoplik.dpdns.org,200,临禾,nginx,text/html,28768,"Bootstrap,Nginx,jQuery",,795,
http://diybydac.fooiuoplik.dpdns.org,http://diybydac.fooiuoplik.dpdns.org,200,樽网,nginx,text/html,28635,"Bootstrap,Nginx,jQuery",,803,
http://qvycbq.toopert.dpdns.org,http://qvycbq.toopert.dpdns.org,200,凌云禾,nginx,text/html,15984,Nginx,,851,
http://mlbluxu.goodks.dpdns.org,http://mlbluxu.goodks.dpdns.org,200,临泽屿,nginx,text/html,21710,"Nginx,jQuery",,831,
http://hqceh.rtootsatpeg.dpdns.org,http://hqceh.rtootsatpeg.dpdns.org,200,揽星网,nginx,text/html,37395,"Nginx,jQuery",,990,
http://ifgqtbis.taiyangshen.dpdns.org,http://ifgqtbis.taiyangshen.dpdns.org,200,云端解惑,nginx,text/html,30510,"Nginx,jQuery",,825,
http://gejlomx.weiyutiop.dpdns.org,http://gejlomx.weiyutiop.dpdns.org,200,万象库,nginx,text/html,23237,Nginx,,925,
http://qnwutfx.taiyangshen.dpdns.org,http://qnwutfx.taiyangshen.dpdns.org,200,亦景川,nginx,text/html,29836,"Nginx,jQuery",,902,
http://panxn.duogongneng.dpdns.org,http://panxn.duogongneng.dpdns.org,200,糕网,nginx,text/html,29970,Nginx,,937,
http://cjudxnw.taiyangshen.dpdns.org,http://cjudxnw.taiyangshen.dpdns.org,200,自留岁月随笔,nginx,text/html,30224,"Nginx,jQuery",,884,
http://ufabxg.fopiloi.dpdns.org,http://ufabxg.fopiloi.dpdns.org,200,临屿,nginx,text/html,21398,"Nginx,WordPress,jQuery",,999,
http://qydgsz.toopert.dpdns.org,http://qydgsz.toopert.dpdns.org,200,南凌禾,nginx,text/html,16431,Nginx,,931,
http://bqhns.rtootsatpeg.dpdns.org,http://bqhns.rtootsatpeg.dpdns.org,200,诺隅,nginx,text/html,37614,"Nginx,jQuery",,1066,
http://oggakkg.voopliux.dpdns.org,http://oggakkg.voopliux.dpdns.org,200,临泽舟,nginx,text/html,28927,"Nginx,jQuery",,1006,
http://whevnmjc.fopiloi.dpdns.org,http://whevnmjc.fopiloi.dpdns.org,200,亦景川,nginx,text/html,21428,"Nginx,WordPress,jQuery",,877,
http://nprqdgl.wordres.dpdns.org,http://nprqdgl.wordres.dpdns.org,200,鸿知问答,nginx,text/html,32836,"Nginx,WordPress,jQuery",,1020,
http://gjatu.goodks.dpdns.org,http://gjatu.goodks.dpdns.org,200,南川,nginx,text/html,29485,"Bootstrap,Nginx,jQuery",,891,
http://ortjen.lanshanhu.dpdns.org,http://ortjen.lanshanhu.dpdns.org,200,酌网,nginx,text/html,21692,"Nginx,jQuery",,954,
http://kokqgss.fopiloi.dpdns.org,http://kokqgss.fopiloi.dpdns.org,200,叙简珩,nginx,text/html,21844,"Nginx,WordPress,jQuery",,951,
http://proigqq.taiyangshen.dpdns.org,http://proigqq.taiyangshen.dpdns.org,200,独网,nginx,text/html,30487,"Nginx,jQuery",,925,
http://zcbvxasz.weiyutiop.dpdns.org,http://zcbvxasz.weiyutiop.dpdns.org,200,景珩,nginx,text/html,23380,Nginx,,996,
http://xhczjnj.toopert.dpdns.org,http://xhczjnj.toopert.dpdns.org,200,轻写山河,nginx,text/html,15881,Nginx,,941,
http://oeedv.rtootsatpeg.dpdns.org,http://oeedv.rtootsatpeg.dpdns.org,200,伴网,nginx,text/html,37285,"Nginx,jQuery",,1174,
http://mkuchgs.fooiuoplik.dpdns.org,http://mkuchgs.fooiuoplik.dpdns.org,200,竭询解惑,nginx,text/html,28724,"Bootstrap,Nginx,jQuery",,794,
http://kjircyzg.sheyedashe.dpdns.org,http://kjircyzg.sheyedashe.dpdns.org,200,景昭白,nginx,text/html,28992,"Nginx,jQuery",,998,
http://pugxo.boolpfont.dpdns.org,http://pugxo.boolpfont.dpdns.org,200,景昭屿,nginx,text/html,29263,"Bootstrap,Nginx,jQuery",,1297,
http://isfsqkdr.fooiuoplik.dpdns.org,http://isfsqkdr.fooiuoplik.dpdns.org,200,答境解惑,nginx,text/html,29021,"Bootstrap,Nginx,jQuery",,1036,
http://qkrpjpa.weiyutiop.dpdns.org,http://qkrpjpa.weiyutiop.dpdns.org,200,临泽舟,nginx,text/html,23110,Nginx,,947,
http://iuehk.weiyutiop.dpdns.org,http://iuehk.weiyutiop.dpdns.org,200,临泽珩,nginx,text/html,22957,Nginx,,940,
http://jydzrnp.fooiuoplik.dpdns.org,http://jydzrnp.fooiuoplik.dpdns.org,200,宵网,nginx,text/html,28440,"Bootstrap,Nginx,jQuery",,897,
http://yhshtbq.rtootsatpeg.dpdns.org,http://yhshtbq.rtootsatpeg.dpdns.org,200,凌云禾,nginx,text/html,37790,"Nginx,jQuery",,1119,
http://vhryipc.wordres.dpdns.org,http://vhryipc.wordres.dpdns.org,200,亦景川,nginx,text/html,32969,"Nginx,WordPress,jQuery",,797,
http://rekucqh.goodks.dpdns.org,http://rekucqh.goodks.dpdns.org,200,南禾,nginx,text/html,110442,Nginx,,1400,
http://bxsor.weiyutiop.dpdns.org,http://bxsor.weiyutiop.dpdns.org,200,览知解惑,nginx,text/html,23354,Nginx,,870,
http://tltfc.fooiuoplik.dpdns.org,http://tltfc.fooiuoplik.dpdns.org,200,青隅,nginx,text/html,29010,"Bootstrap,Nginx,jQuery",,856,
https://stzixq.weiyutiop.dpdns.org,https://stzixq.weiyutiop.dpdns.org,200,404 Not Found,nginx,text/html,138,Nginx,,798,
http://omotu.lanshanhu.dpdns.org,http://omotu.lanshanhu.dpdns.org,200,景昭白,nginx,text/html,21330,"Nginx,jQuery",,953,
http://yllqefl.sheyedashe.dpdns.org,http://yllqefl.sheyedashe.dpdns.org,200,细心解惑,nginx,text/html,28601,"Nginx,jQuery",,1083,
http://cpzof.toopert.dpdns.org,http://cpzof.toopert.dpdns.org,200,诺清隅,nginx,text/html,16347,Nginx,,864,
http://pmdomm.boolpfont.dpdns.org,http://pmdomm.boolpfont.dpdns.org,200,凌云川,nginx,text/html,28324,"Bootstrap,Nginx,jQuery",,1059,
http://dscqdjv.toopert.dpdns.org,http://dscqdjv.toopert.dpdns.org,200,渡岁随笔,nginx,text/html,16215,Nginx,,1006,
http://zsqwfrf.goodks.dpdns.org,http://zsqwfrf.goodks.dpdns.org,200,温叙心事,nginx,text/html,33260,"Nginx,WordPress,jQuery",,933,
http://vijtrwjg.sheyedashe.dpdns.org,http://vijtrwjg.sheyedashe.dpdns.org,200,问理阁,nginx,text/html,29325,"Nginx,jQuery",,1114,
http://ylzlcc.rtootsatpeg.dpdns.org,http://ylzlcc.rtootsatpeg.dpdns.org,200,安然生活,nginx,text/html,37710,"Nginx,jQuery",,1187,
http://zpqmyplk.taiyangshen.dpdns.org,http://zpqmyplk.taiyangshen.dpdns.org,200,思涧库,nginx,text/html,30135,"Nginx,jQuery",,945,
http://gjkfottq.voopliux.dpdns.org,http://gjkfottq.voopliux.dpdns.org,200,青辰珩,nginx,text/html,28399,"Nginx,jQuery",,1093,
http://onlinecompanies.dpdns.org,,0,,,,0,,,0,timeout
http://dwqveaxy.wordres.dpdns.org,http://dwqveaxy.wordres.dpdns.org,200,亦景白,nginx,text/html,32716,"Nginx,WordPress,jQuery",,1013,
http://lubsj.fooiuoplik.dpdns.org,http://lubsj.fooiuoplik.dpdns.org,200,亦景川,nginx,text/html,28418,"Bootstrap,Nginx,jQuery",,942,
http://toxtpvdz.goodks.dpdns.org,http://toxtpvdz.goodks.dpdns.org,200,凌云白,nginx,text/html,28743,"Nginx,jQuery",,963,
http://dtzaih.gpplonert.dpdns.org,http://dtzaih.gpplonert.dpdns.org,200,青寻,nginx,text/html,24286,"Nginx,jQuery",,1221,
http://ilkzojec.fopiloi.dpdns.org,http://ilkzojec.fopiloi.dpdns.org,200,青辰珩,nginx,text/html,22106,"Nginx,WordPress,jQuery",,917,
http://oflfomk.fopiloi.dpdns.org,http://oflfomk.fopiloi.dpdns.org,200,全面解惑,nginx,text/html,21877,"Nginx,WordPress,jQuery",,972,
http://qkofojwk.fopiloi.dpdns.org,http://qkofojwk.fopiloi.dpdns.org,200,叙简珩,nginx,text/html,22137,"Nginx,WordPress,jQuery",,964,
http://ugtvyhmh.fopiloi.dpdns.org,http://ugtvyhmh.fopiloi.dpdns.org,200,随心自持,nginx,text/html,20672,"Nginx,WordPress,jQuery",,908,
http://cfkije.boolpfont.dpdns.org,http://cfkije.boolpfont.dpdns.org,200,静写温柔,nginx,text/html,28659,"Bootstrap,Nginx,jQuery",,1223,
http://letossh.weiyutiop.dpdns.org,http://letossh.weiyutiop.dpdns.org,200,亦景屿,nginx,text/html,23534,Nginx,,1048,
http://nwbugy.voopliuer.dpdns.org,http://nwbugy.voopliuer.dpdns.org,200,轩网,nginx,text/html,20403,Nginx,,900,
http://mgheahn.voopliuer.dpdns.org,http://mgheahn.voopliuer.dpdns.org,200,平淡叙年,nginx,text/html,20710,Nginx,,875,
http://izcdkgmg.lanshanhu.dpdns.org,http://izcdkgmg.lanshanhu.dpdns.org,200,沐寻,nginx,text/html,21372,"Nginx,jQuery",,949,
http://jzelx.voopliux.dpdns.org,http://jzelx.voopliux.dpdns.org,200,凌云禾,nginx,text/html,28600,"Nginx,jQuery",,1059,
http://odksw.rtootsatpeg.dpdns.org,http://odksw.rtootsatpeg.dpdns.org,200,自渡人间,nginx,text/html,37312,"Nginx,jQuery",,1104,
http://teqflr.fopiloi.dpdns.org,http://teqflr.fopiloi.dpdns.org,200,明策,nginx,text/html,21688,"Nginx,WordPress,jQuery",,758,
http://uwdjzii.taiyangshen.dpdns.org,http://uwdjzii.taiyangshen.dpdns.org,200,温言网,nginx,text/html,30075,"Nginx,jQuery",,817,
http://ejuuiyw.wordres.dpdns.org,http://ejuuiyw.wordres.dpdns.org,200,轻温流年,nginx,text/html,32848,"Nginx,WordPress,jQuery",,807,
http://zjrlr.lanshanhu.dpdns.org,http://zjrlr.lanshanhu.dpdns.org,200,南隅,nginx,text/html,21111,"Nginx,jQuery",,863,
http://iguzaf.toopert.dpdns.org,http://iguzaf.toopert.dpdns.org,200,旷理解惑,nginx,text/html,16060,Nginx,,768,
http://artkxry.goodks.dpdns.org,http://artkxry.goodks.dpdns.org,200,诺清川,nginx,text/html,25626,"Bootstrap,Nginx",,864,
http://wqedl.yasewanhg.dpdns.org,http://wqedl.yasewanhg.dpdns.org,200,诺川,nginx,text/html,47100,"Nginx,jQuery",,799,
http://grbjnucs.fooiuoplik.dpdns.org,http://grbjnucs.fooiuoplik.dpdns.org,200,青辰白,nginx,text/html,28703,"Bootstrap,Nginx,jQuery",,914,
http://tzrov.toopert.dpdns.org,http://tzrov.toopert.dpdns.org,200,达知解惑,nginx,text/html,16190,Nginx,,939,
http://hmhufy.lanshanhu.dpdns.org,http://hmhufy.lanshanhu.dpdns.org,200,景屿,nginx,text/html,21633,"Nginx,jQuery",,1029,
http://ajamgoe.yasewanhg.dpdns.org,http://ajamgoe.yasewanhg.dpdns.org,200,轻叙心事,nginx,text/html,48019,"Nginx,jQuery",,980,
http://acqjuhhj.lanshanhu.dpdns.org,http://acqjuhhj.lanshanhu.dpdns.org,200,星亦川,nginx,text/html,21291,"Nginx,jQuery",,971,
http://pjucqok.sheyedashe.dpdns.org,http://pjucqok.sheyedashe.dpdns.org,200,问涧答疑,nginx,text/html,28081,"Nginx,jQuery",,943,
http://gpotea.rtootsatpeg.dpdns.org,http://gpotea.rtootsatpeg.dpdns.org,200,睿解解惑,nginx,text/html,37017,"Nginx,jQuery",,1073,
http://kcmur.voopliuer.dpdns.org,http://kcmur.voopliuer.dpdns.org,200,问桢,nginx,text/html,20367,Nginx,,936,
http://pfykazni.goodks.dpdns.org,http://pfykazni.goodks.dpdns.org,200,临泽舟,nginx,text/html,18212,"Bootstrap,Nginx",,1039,
http://fdbgiymb.fopiloi.dpdns.org,http://fdbgiymb.fopiloi.dpdns.org,200,星亦禾,nginx,text/html,22107,"Nginx,WordPress,jQuery",,949,
http://hnidxh.fooiuoplik.dpdns.org,http://hnidxh.fooiuoplik.dpdns.org,200,知寻,nginx,text/html,28475,"Bootstrap,Nginx,jQuery",,946,
http://jjkgls.toopert.dpdns.org,http://jjkgls.toopert.dpdns.org,200,临泽屿,nginx,text/html,15974,Nginx,,952,
http://ghhjn.goodks.dpdns.org,http://ghhjn.goodks.dpdns.org,200,凌云白,nginx,text/html,25742,"Bootstrap,Nginx,jQuery",,1091,
http://vqtrzax.sheyedashe.dpdns.org,http://vqtrzax.sheyedashe.dpdns.org,200,简叙岁月,nginx,text/html,29198,"Nginx,jQuery",,1360,
http://eemfpm.gpplonert.dpdns.org,http://eemfpm.gpplonert.dpdns.org,200,亦景屿,nginx,text/html,24820,"Nginx,jQuery",,1458,
http://sezlowcd.lanshanhu.dpdns.org,http://sezlowcd.lanshanhu.dpdns.org,200,临泽舟,nginx,text/html,21661,"Nginx,jQuery",,1258,
http://qgygxpl.weiyutiop.dpdns.org,http://qgygxpl.weiyutiop.dpdns.org,200,沐寻,nginx,text/html,22885,Nginx,,1297,
http://ayofj.rtootsatpeg.dpdns.org,http://ayofj.rtootsatpeg.dpdns.org,200,星亦屿,nginx,text/html,37492,"Nginx,jQuery",,1457,
http://zialy.goodks.dpdns.org,http://zialy.goodks.dpdns.org,200,临泽舟,nginx,text/html,21344,"Nginx,WordPress,jQuery",,1215,
http://wxvzotf.yasewanhg.dpdns.org,http://wxvzotf.yasewanhg.dpdns.org,200,问桢,nginx,text/html,47815,"Nginx,jQuery",,1182,
http://oewvwdhg.rtootsatpeg.dpdns.org,http://oewvwdhg.rtootsatpeg.dpdns.org,200,日常温柔录,nginx,text/html,38078,"Nginx,jQuery",,1419,
http://awoufn.rtootsatpeg.dpdns.org,http://awoufn.rtootsatpeg.dpdns.org,200,星白,nginx,text/html,37348,"Nginx,jQuery",,1425,
http://acmdie.boolpfont.dpdns.org,http://acmdie.boolpfont.dpdns.org,200,清宁时光集,nginx,text/html,24334,"Bootstrap,Nginx,jQuery",,1311,
http://sosbn.duogongneng.dpdns.org,http://sosbn.duogongneng.dpdns.org,200,清昼记事,nginx,text/html,29752,Nginx,,1329,
http://spdmuzj.weiyutiop.dpdns.org,http://spdmuzj.weiyutiop.dpdns.org,200,浅书人间,nginx,text/html,23394,Nginx,,1210,
http://hulzmus.goodks.dpdns.org,http://hulzmus.goodks.dpdns.org,200,诺清隅,nginx,text/html,40859,"Nginx,jQuery",,1091,
http://stpcr.voopliuer.dpdns.org,http://stpcr.voopliuer.dpdns.org,200,问廓库,nginx,text/html,20894,Nginx,,1136,
http://vdeipba.duogongneng.dpdns.org,http://vdeipba.duogongneng.dpdns.org,200,南凌屿,nginx,text/html,30884,Nginx,,1275,
http://gknym.goodks.dpdns.org,http://gknym.goodks.dpdns.org,200,独处随笔馆,nginx,text/html,21196,"Nginx,jQuery",,931,
http://qmjhpr.toopert.dpdns.org,http://qmjhpr.toopert.dpdns.org,200,慢记温柔,nginx,text/html,15798,Nginx,,868,
http://gsyhv.toopert.dpdns.org,http://gsyhv.toopert.dpdns.org,200,星亦川,nginx,text/html,16233,Nginx,,810,
http://gruffle.goodks.dpdns.org,http://gruffle.goodks.dpdns.org,200,闲书流年,nginx,text/html,19667,"Bootstrap,Nginx",,959,
http://yyezz.toopert.dpdns.org,http://yyezz.toopert.dpdns.org,200,星亦屿,nginx,text/html,16139,Nginx,,856,
http://fjgdt.voopliuer.dpdns.org,http://fjgdt.voopliuer.dpdns.org,200,星川,nginx,text/html,20602,Nginx,,960,
http://bghzdv.toopert.dpdns.org,http://bghzdv.toopert.dpdns.org,200,临禾,nginx,text/html,16264,Nginx,,1929,
http://lhutbuuz.sheyedashe.dpdns.org,http://lhutbuuz.sheyedashe.dpdns.org,200,景昭珩,nginx,text/html,28829,"Nginx,jQuery",,931,
http://cmcyld.rtootsatpeg.dpdns.org,http://cmcyld.rtootsatpeg.dpdns.org,200,知寻,nginx,text/html,37423,"Nginx,jQuery",,1034,
http://juctbs.sheyedashe.dpdns.org,http://juctbs.sheyedashe.dpdns.org,200,南凌禾,nginx,text/html,28273,"Nginx,jQuery",,953,
http://gwuurxgq.lanshanhu.dpdns.org,http://gwuurxgq.lanshanhu.dpdns.org,200,瞻断解惑,nginx,text/html,21552,"Nginx,jQuery",,975,
http://whohkr.rtootsatpeg.dpdns.org,http://whohkr.rtootsatpeg.dpdns.org,200,蔬网,nginx,text/html,37583,"Nginx,jQuery",,1080,
http://glbcivf.gpplonert.dpdns.org,http://glbcivf.gpplonert.dpdns.org,200,星亦川,nginx,text/html,24790,"Nginx,jQuery",,1047,
http://rjxedsgw.taiyangshen.dpdns.org,http://rjxedsgw.taiyangshen.dpdns.org,200,亦景川,nginx,text/html,30586,"Nginx,jQuery",,766,
http://xkdau.goodks.dpdns.org,http://xkdau.goodks.dpdns.org,200,静心问答,nginx,text/html,48975,"Nginx,jQuery",,1232,
http://aywbqlid.toopert.dpdns.org,http://aywbqlid.toopert.dpdns.org,200,沐隅,nginx,text/html,14551,Nginx,,766,
http://oipkjfku.wordres.dpdns.org,http://oipkjfku.wordres.dpdns.org,200,叙简珩,nginx,text/html,32198,"Nginx,WordPress,jQuery",,906,
http://wipcv.lanshanhu.dpdns.org,http://wipcv.lanshanhu.dpdns.org,200,星珩,nginx,text/html,20781,"Nginx,jQuery",,814,
http://llyyo.voopliux.dpdns.org,http://llyyo.voopliux.dpdns.org,200,默记温柔,nginx,text/html,28611,"Nginx,jQuery",,903,
http://jxgbjr.gpplonert.dpdns.org,http://jxgbjr.gpplonert.dpdns.org,200,南凌川,nginx,text/html,24317,"Nginx,jQuery",,912,
http://duaylnk.duogongneng.dpdns.org,http://duaylnk.duogongneng.dpdns.org,200,星亦屿,nginx,text/html,30053,Nginx,,813,
http://bmttx.gpplonert.dpdns.org,http://bmttx.gpplonert.dpdns.org,200,静默自持,nginx,text/html,24584,"Nginx,jQuery",,923,
http://mtdtd.voopliuer.dpdns.org,http://mtdtd.voopliuer.dpdns.org,200,诺清川,nginx,text/html,20652,Nginx,,824,
http://jsxcqfko.gpplonert.dpdns.org,http://jsxcqfko.gpplonert.dpdns.org,200,礼网,nginx,text/html,24451,"Nginx,jQuery",,964,
http://sxdbu.goodks.dpdns.org,http://sxdbu.goodks.dpdns.org,200,慢藏流年,nginx,text/html,126297,Nginx,,2406,
http://yfteer.yasewanhg.dpdns.org,http://yfteer.yasewanhg.dpdns.org,200,省理解惑,nginx,text/html,48183,"Nginx,jQuery",,931,
http://bhfmkr.goodks.dpdns.org,http://bhfmkr.goodks.dpdns.org,200,月网,nginx,text/html,20993,"Nginx,jQuery",,845,
http://vhulpk.boolpfont.dpdns.org,http://vhulpk.boolpfont.dpdns.org,200,诺清禾,nginx,text/html,21981,"Nginx,WordPress,jQuery",,836,
http://smvalkv.sheyedashe.dpdns.org,http://smvalkv.sheyedashe.dpdns.org,200,浮生随笔集,nginx,text/html,28359,"Nginx,jQuery",,862,
http://ndegpr.lanshanhu.dpdns.org,http://ndegpr.lanshanhu.dpdns.org,200,临泽屿,nginx,text/html,21389,"Nginx,jQuery",,889,
http://bpigli.boolpfont.dpdns.org,http://bpigli.boolpfont.dpdns.org,200,环知解惑,nginx,text/html,21564,"Bootstrap,Nginx",,886,
http://zkgyy.voopliux.dpdns.org,http://zkgyy.voopliux.dpdns.org,200,时光随笔存档,nginx,text/html,28504,"Nginx,jQuery",,866,
https://dinfdckl.taiyangshen.dpdns.org,https://dinfdckl.taiyangshen.dpdns.org,200,404 Not Found,nginx,text/html,138,Nginx,,850,
http://ifrbze.voopliux.dpdns.org,http://ifrbze.voopliux.dpdns.org,200,顾理堂,nginx,text/html,28461,"Nginx,jQuery",,953,
http://fmveleq.lanshanhu.dpdns.org,http://fmveleq.lanshanhu.dpdns.org,200,叙简白,nginx,text/html,21173,"Nginx,jQuery",,880,
http://kxnnoa.sheyedashe.dpdns.org,http://kxnnoa.sheyedashe.dpdns.org,200,沐寻,nginx,text/html,26822,"Nginx,jQuery",,949,
http://dpenlv.yasewanhg.dpdns.org,http://dpenlv.yasewanhg.dpdns.org,200,景昭屿,nginx,text/html,47040,"Nginx,jQuery",,877,
http://jxthqdmf.duogongneng.dpdns.org,http://jxthqdmf.duogongneng.dpdns.org,200,山河闲笔,nginx,text/html,29957,Nginx,,933,
http://awbnhhpm.weiyutiop.dpdns.org,http://awbnhhpm.weiyutiop.dpdns.org,200,新思答疑,nginx,text/html,23309,Nginx,,890,
http://xpmyt.taiyangshen.dpdns.org,http://xpmyt.taiyangshen.dpdns.org,200,流年风月记,nginx,text/html,30526,"Nginx,jQuery",,877,
http://jpqxtt.wordres.dpdns.org,http://jpqxtt.wordres.dpdns.org,200,南珩,nginx,text/html,32301,"Nginx,WordPress,jQuery",,866,
http://pwqninet.rtootsatpeg.dpdns.org,http://pwqninet.rtootsatpeg.dpdns.org,200,星川,nginx,text/html,37458,"Nginx,jQuery",,1029,
http://xzyit.boolpfont.dpdns.org,http://xzyit.boolpfont.dpdns.org,200,叙简川,nginx,text/html,26653,"Bootstrap,Nginx,jQuery",,954,
http://vtsbvm.fooiuoplik.dpdns.org,http://vtsbvm.fooiuoplik.dpdns.org,200,南川,nginx,text/html,28353,"Bootstrap,Nginx,jQuery",,798,
http://etpjing.fopiloi.dpdns.org,http://etpjing.fopiloi.dpdns.org,200,南凌川,nginx,text/html,21607,"Nginx,WordPress,jQuery",,757,
http://dhzgzzbc.weiyutiop.dpdns.org,http://dhzgzzbc.weiyutiop.dpdns.org,200,答识,nginx,text/html,23140,Nginx,,925,
http://yxyjq.weiyutiop.dpdns.org,http://yxyjq.weiyutiop.dpdns.org,200,亦景川,nginx,text/html,23251,Nginx,,825,
http://zkajf.yasewanhg.dpdns.org,http://zkajf.yasewanhg.dpdns.org,200,南隅,nginx,text/html,47832,"Nginx,jQuery",,886,
http://sdiqka.soertubn.dpdns.org,http://sdiqka.soertubn.dpdns.org,200,凝霜网,nginx,text/html,40803,"Nginx,jQuery",,892,
http://hfoqzwp.soertubn.dpdns.org,http://hfoqzwp.soertubn.dpdns.org,200,独属时光集,nginx,text/html,21823,"Nginx,jQuery",,1017,
http://nrmgnh.boolpfont.dpdns.org,http://nrmgnh.boolpfont.dpdns.org,200,山野漫记,nginx,text/html,69548,"Bootstrap,Nginx,jQuery",,1191,
http://zdmwlp.wordres.dpdns.org,http://zdmwlp.wordres.dpdns.org,200,青珩,nginx,text/html,32506,"Nginx,WordPress,jQuery",,961,
http://kurwsok.yasewanhg.dpdns.org,http://kurwsok.yasewanhg.dpdns.org,200,无网,nginx,text/html,48104,"Nginx,jQuery",,969,
http://ufsbyofi.boolpfont.dpdns.org,http://ufsbyofi.boolpfont.dpdns.org,200,数智解惑,nginx,text/html,20581,"Nginx,jQuery",,951,
http://wkafa.boolpfont.dpdns.org,http://wkafa.boolpfont.dpdns.org,200,星亦屿,nginx,text/html,29253,"Nginx,jQuery",,923,
http://nxoaotyv.goodks.dpdns.org,http://nxoaotyv.goodks.dpdns.org,200,景昭白,nginx,text/html,33423,"Nginx,WordPress,jQuery",,952,
http://vsryoa.boolpfont.dpdns.org,http://vsryoa.boolpfont.dpdns.org,200,亦景屿,nginx,text/html,25986,"Nginx,jQuery",,873,
http://ifowglj.goodks.dpdns.org,http://ifowglj.goodks.dpdns.org,200,景珩,nginx,text/html,31154,"Bootstrap,Nginx,jQuery",,902,
http://cmtyrqtu.soertubn.dpdns.org,http://cmtyrqtu.soertubn.dpdns.org,200,科创答疑,nginx,text/html,25794,"Nginx,jQuery",,920,
http://vfuwh.weiyutiop.dpdns.org,http://vfuwh.weiyutiop.dpdns.org,200,轻叙浮生,nginx,text/html,23350,Nginx,,915,
http://khibkzlo.sheyedashe.dpdns.org,http://khibkzlo.sheyedashe.dpdns.org,200,亦景屿,nginx,text/html,28693,"Nginx,jQuery",,883,
http://ijrkavct.duogongneng.dpdns.org,http://ijrkavct.duogongneng.dpdns.org,200,凌云禾,nginx,text/html,30693,Nginx,,812,
http://utbxh.wordres.dpdns.org,http://utbxh.wordres.dpdns.org,200,诺清隅,nginx,text/html,32766,"Nginx,WordPress,jQuery",,856,
http://bbznwy.fooiuoplik.dpdns.org,http://bbznwy.fooiuoplik.dpdns.org,200,南寻,nginx,text/html,28903,"Bootstrap,Nginx,jQuery",,821,
http://gphjxee.soertubn.dpdns.org,http://gphjxee.soertubn.dpdns.org,200,知屿,nginx,text/html,49566,"Nginx,jQuery",,1215,
http://gqdtnw.toopert.dpdns.org,http://gqdtnw.toopert.dpdns.org,200,帆网,nginx,text/html,15884,Nginx,,791,
http://tohvfj.voopliuer.dpdns.org,http://tohvfj.voopliuer.dpdns.org,200,南凌屿,nginx,text/html,20840,Nginx,,821,
http://xrgqmbn.rtootsatpeg.dpdns.org,http://xrgqmbn.rtootsatpeg.dpdns.org,200,温写时光,nginx,text/html,37533,"Nginx,jQuery",,935,
http://tipiczrq.goodks.dpdns.org,http://tipiczrq.goodks.dpdns.org,200,砚星隅,nginx,text/html,23748,"Nginx,jQuery",,1088,
http://uzjwzxa.taiyangshen.dpdns.org,http://uzjwzxa.taiyangshen.dpdns.org,200,亦景屿,nginx,text/html,30277,"Nginx,jQuery",,896,
http://dcegtpz.boolpfont.dpdns.org,http://dcegtpz.boolpfont.dpdns.org,200,青川,nginx,text/html,21931,"Bootstrap,Nginx,jQuery",,884,
http://wljjlqez.voopliux.dpdns.org,http://wljjlqez.voopliux.dpdns.org,200,星亦屿,nginx,text/html,28909,"Nginx,jQuery",,948,
http://qumswjk.sheyedashe.dpdns.org,http://qumswjk.sheyedashe.dpdns.org,200,星亦禾,nginx,text/html,29039,"Nginx,jQuery",,921,
http://fqijtg.taiyangshen.dpdns.org,http://fqijtg.taiyangshen.dpdns.org,200,诺清川,nginx,text/html,30390,"Nginx,jQuery",,805,
http://bdxuigev.taiyangshen.dpdns.org,http://bdxuigev.taiyangshen.dpdns.org,200,泽知白,nginx,text/html,30031,"Nginx,jQuery",,844,
http://wkjkyxmc.goodks.dpdns.org,http://wkjkyxmc.goodks.dpdns.org,200,通识库,nginx,text/html,89189,"Nginx,jQuery",,1120,
http://emlzkdq.toopert.dpdns.org,http://emlzkdq.toopert.dpdns.org,200,静温岁月,nginx,text/html,16633,Nginx,,874,
http://kdesr.wordres.dpdns.org,http://kdesr.wordres.dpdns.org,200,春网,nginx,text/html,32819,"Nginx,WordPress,jQuery",,832,
http://lismp.taiyangshen.dpdns.org,http://lismp.taiyangshen.dpdns.org,200,樵网,nginx,text/html,30297,"Nginx,jQuery",,882,
http://rsoldg.soertubn.dpdns.org,http://rsoldg.soertubn.dpdns.org,200,温记日常,nginx,text/html,25994,"Nginx,jQuery",,871,
http://mbbiara.yasewanhg.dpdns.org,http://mbbiara.yasewanhg.dpdns.org,200,复断解惑,nginx,text/html,48090,"Nginx,jQuery",,835,
http://ramwdyg.voopliuer.dpdns.org,http://ramwdyg.voopliuer.dpdns.org,200,寻叙,nginx,text/html,20489,Nginx,,815,
http://ihxmrm.weiyutiop.dpdns.org,http://ihxmrm.weiyutiop.dpdns.org,200,临屿,nginx,text/html,23378,Nginx,,827,
http://bgzzorl.goodks.dpdns.org,http://bgzzorl.goodks.dpdns.org,200,青辰珩,nginx,text/html,21358,"Bootstrap,Nginx",,814,
http://psuwjko.rtootsatpeg.dpdns.org,http://psuwjko.rtootsatpeg.dpdns.org,200,泽知珩,nginx,text/html,37315,"Nginx,jQuery",,886,
http://bjogyiii.soertubn.dpdns.org,http://bjogyiii.soertubn.dpdns.org,200,知理坊,nginx,text/html,23032,"Bootstrap,Nginx",,969,
http://hyuayre.yasewanhg.dpdns.org,http://hyuayre.yasewanhg.dpdns.org,200,桃笺网,nginx,text/html,47400,"Nginx,jQuery",,820,
http://qasao.boolpfont.dpdns.org,http://qasao.boolpfont.dpdns.org,200,景昭白,nginx,text/html,41608,"Nginx,jQuery",,914,
http://zwqkike.fooiuoplik.dpdns.org,http://zwqkike.fooiuoplik.dpdns.org,200,初理阁,nginx,text/html,29448,"Bootstrap,Nginx,jQuery",,860,
http://vbeki.taiyangshen.dpdns.org,http://vbeki.taiyangshen.dpdns.org,200,青辰珩,nginx,text/html,30225,"Nginx,jQuery",,834,
http://ygyqq.voopliux.dpdns.org,http://ygyqq.voopliux.dpdns.org,200,温拾山河,nginx,text/html,28417,"Nginx,jQuery",,914,
http://qfmet.voopliuer.dpdns.org,http://qfmet.voopliuer.dpdns.org,200,晚舟网,nginx,text/html,20460,Nginx,,836,
http://rokirku.voopliuer.dpdns.org,http://rokirku.voopliuer.dpdns.org,200,青珩,nginx,text/html,20684,Nginx,,878,
http://dwwrt.fopiloi.dpdns.org,http://dwwrt.fopiloi.dpdns.org,200,青辰白,nginx,text/html,21651,"Nginx,WordPress,jQuery",,838,
http://ssnhfkv.voopliuer.dpdns.org,http://ssnhfkv.voopliuer.dpdns.org,200,叙简珩,nginx,text/html,20987,Nginx,,819,
http://wpyxjkbu.boolpfont.dpdns.org,http://wpyxjkbu.boolpfont.dpdns.org,200,智明,nginx,text/html,27433,"Nginx,jQuery",,825,
http://mjefmyzw.soertubn.dpdns.org,http://mjefmyzw.soertubn.dpdns.org,200,凌云白,nginx,text/html,27475,"Bootstrap,Nginx",,964,
http://qzoet.taiyangshen.dpdns.org,http://qzoet.taiyangshen.dpdns.org,200,慢热时光,nginx,text/html,30119,"Nginx,jQuery",,875,
http://znvzvim.duogongneng.dpdns.org,http://znvzvim.duogongneng.dpdns.org,200,清简时光,nginx,text/html,30412,Nginx,,817,
http://ibmiguts.wordres.dpdns.org,http://ibmiguts.wordres.dpdns.org,200,答涧答疑,nginx,text/html,32618,"Nginx,WordPress,jQuery",,844,
http://abcaiac.sheyedashe.dpdns.org,http://abcaiac.sheyedashe.dpdns.org,200,云思答疑,nginx,text/html,28571,"Nginx,jQuery",,869,
http://holxzn.rtootsatpeg.dpdns.org,http://holxzn.rtootsatpeg.dpdns.org,200,凌云禾,nginx,text/html,37852,"Nginx,jQuery",,1052,
http://ejrmxy.voopliux.dpdns.org,http://ejrmxy.voopliux.dpdns.org,200,诺清隅,nginx,text/html,28845,"Nginx,jQuery",,1011,
http://ofwmlwfj.toopert.dpdns.org,http://ofwmlwfj.toopert.dpdns.org,200,扬知阁,nginx,text/html,16246,Nginx,,773,
http://wkeptzlv.gpplonert.dpdns.org,http://wkeptzlv.gpplonert.dpdns.org,200,衡寻珩,nginx,text/html,24499,"Nginx,jQuery",,897,
http://xzfxftuj.boolpfont.dpdns.org,http://xzfxftuj.boolpfont.dpdns.org,200,亦景川,nginx,text/html,84429,Nginx,,1420,
http://pukzbgrw.gpplonert.dpdns.org,http://pukzbgrw.gpplonert.dpdns.org,200,专属温柔录,nginx,text/html,25438,"Nginx,jQuery",,1310,
http://fvomqnzo.wordres.dpdns.org,http://fvomqnzo.wordres.dpdns.org,200,观理解惑,nginx,text/html,33284,"Nginx,WordPress,jQuery",,1291,
http://kbktp.voopliux.dpdns.org,http://kbktp.voopliux.dpdns.org,200,诺清禾,nginx,text/html,27449,"Nginx,jQuery",,1291,
http://spbgtr.wordres.dpdns.org,http://spbgtr.wordres.dpdns.org,200,慢温岁月,nginx,text/html,32963,"Nginx,WordPress,jQuery",,1236,
http://txudc.duogongneng.dpdns.org,http://txudc.duogongneng.dpdns.org,200,临泽珩,nginx,text/html,30186,Nginx,,1267,
http://iwuiqa.meitayouha.dpdns.org,http://iwuiqa.meitayouha.dpdns.org,200,松弛自渡,nginx,text/html,47597,"Nginx,jQuery",,1359,
http://fzbkq.duogongneng.dpdns.org,http://fzbkq.duogongneng.dpdns.org,200,临泽珩,nginx,text/html,30820,Nginx,,1282,
http://dncqv.taiyangshen.dpdns.org,http://dncqv.taiyangshen.dpdns.org,200,识涧问理,nginx,text/html,30292,"Nginx,jQuery",,1075,
http://frbbtg.soertubn.dpdns.org,http://frbbtg.soertubn.dpdns.org,200,涧网,nginx,text/html,47588,"Nginx,jQuery",,1378,
http://gzovbq.taiyangshen.dpdns.org,http://gzovbq.taiyangshen.dpdns.org,200,村网,nginx,text/html,30204,"Nginx,jQuery",,1031,
http://asudbntj.duogongneng.dpdns.org,http://asudbntj.duogongneng.dpdns.org,200,温拾心事,nginx,text/html,30393,Nginx,,1268,
http://zusuzx.voopliux.dpdns.org,http://zusuzx.voopliux.dpdns.org,200,景昭珩,nginx,text/html,28744,"Nginx,jQuery",,1399,
http://poisc.soertubn.dpdns.org,http://poisc.soertubn.dpdns.org,200,叙简珩,nginx,text/html,24053,"Bootstrap,Nginx",,1545,
http://hjdnygf.soertubn.dpdns.org,http://hjdnygf.soertubn.dpdns.org,200,诺清禾,nginx,text/html,20398,"Bootstrap,Nginx,jQuery",,1381,
http://sxbecceu.weiyutiop.dpdns.org,http://sxbecceu.weiyutiop.dpdns.org,200,静拾人间,nginx,text/html,23417,Nginx,,1330,
http://vhnjuhpc.rtootsatpeg.dpdns.org,http://vhnjuhpc.rtootsatpeg.dpdns.org,200,伴网,nginx,text/html,37475,"Nginx,jQuery",,1508,
http://jxnutpu.goodks.dpdns.org,http://jxnutpu.goodks.dpdns.org,200,智问,nginx,text/html,21832,"Bootstrap,Nginx",,1206,
http://zntccq.goodks.dpdns.org,http://zntccq.goodks.dpdns.org,200,自写朝夕人间,nginx,text/html,36850,"Nginx,jQuery",,1239,
http://nkvawcj.rtootsatpeg.dpdns.org,http://nkvawcj.rtootsatpeg.dpdns.org,200,简川,nginx,text/html,37695,"Nginx,jQuery",,1326,
http://nmovbv.boolpfont.dpdns.org,http://nmovbv.boolpfont.dpdns.org,200,思屿库,nginx,text/html,28909,"Nginx,jQuery",,1364,
http://fswas.fopiloi.dpdns.org,http://fswas.fopiloi.dpdns.org,200,答幽解惑,nginx,text/html,21639,"Nginx,WordPress,jQuery",,1026,
http://sccvpla.toopert.dpdns.org,http://sccvpla.toopert.dpdns.org,200,默藏时光,nginx,text/html,16190,Nginx,,1199,
http://hxlcuby.fooiuoplik.dpdns.org,http://hxlcuby.fooiuoplik.dpdns.org,200,亦景白,nginx,text/html,28944,"Bootstrap,Nginx,jQuery",,1192,
http://uqrdgjg.goodks.dpdns.org,http://uqrdgjg.goodks.dpdns.org,200,辰简隅,nginx,text/html,19153,"Nginx,jQuery",,1240,
http://taqemt.soertubn.dpdns.org,http://taqemt.soertubn.dpdns.org,200,振理解惑,nginx,text/html,19458,Nginx,,2306,
http://kdlbd.taiyangshen.dpdns.org,http://kdlbd.taiyangshen.dpdns.org,200,遥网,nginx,text/html,30145,"Nginx,jQuery",,1285,
http://fnxwyguf.voopliux.dpdns.org,http://fnxwyguf.voopliux.dpdns.org,200,闲拾温柔,nginx,text/html,28755,"Nginx,jQuery",,1350,
http://ilurgre.duogongneng.dpdns.org,http://ilurgre.duogongneng.dpdns.org,200,景昭白,nginx,text/html,30222,Nginx,,1345,
http://eeinph.sheyedashe.dpdns.org,http://eeinph.sheyedashe.dpdns.org,200,叙简川,nginx,text/html,27936,"Nginx,jQuery",,851,
http://wrqpqg.goodks.dpdns.org,http://wrqpqg.goodks.dpdns.org,200,浮生闲记,nginx,text/html,48823,"Nginx,jQuery",,835,
http://rqpme.fopiloi.dpdns.org,http://rqpme.fopiloi.dpdns.org,200,桨网,nginx,text/html,21229,"Nginx,WordPress,jQuery",,832,
http://okvrzbb.wordres.dpdns.org,http://okvrzbb.wordres.dpdns.org,200,送网,nginx,text/html,33000,"Nginx,WordPress,jQuery",,828,
http://ykxglhds.goodks.dpdns.org,http://ykxglhds.goodks.dpdns.org,200,青辰珩,nginx,text/html,32166,Nginx,,797,
http://jfzceaqq.soertubn.dpdns.org,http://jfzceaqq.soertubn.dpdns.org,200,简珩,nginx,text/html,47999,"Nginx,jQuery",,1089,
http://vuonuy.voopliux.dpdns.org,http://vuonuy.voopliux.dpdns.org,200,叙简珩,nginx,text/html,28772,"Nginx,jQuery",,900,
http://vnvdtagw.toopert.dpdns.org,http://vnvdtagw.toopert.dpdns.org,200,青辰川,nginx,text/html,16075,Nginx,,806,
http://kjsae.boolpfont.dpdns.org,http://kjsae.boolpfont.dpdns.org,200,清南隅,nginx,text/html,48472,"Nginx,jQuery",,2130,
http://oygbjm.voopliuer.dpdns.org,http://oygbjm.voopliuer.dpdns.org,200,临泽屿,nginx,text/html,20346,Nginx,,835,
http://sobjbejn.rtootsatpeg.dpdns.org,http://sobjbejn.rtootsatpeg.dpdns.org,200,云汇答疑,nginx,text/html,37733,"Nginx,jQuery",,1004,
http://jmztxt.taiyangshen.dpdns.org,http://jmztxt.taiyangshen.dpdns.org,200,叙简川,nginx,text/html,30467,"Nginx,jQuery",,837,
http://torgqjpj.goodks.dpdns.org,http://torgqjpj.goodks.dpdns.org,200,广理解惑,nginx,text/html,24731,"Bootstrap,Nginx,jQuery",,910,
http://ktaey.voopliuer.dpdns.org,http://ktaey.voopliuer.dpdns.org,200,烟火解惑,nginx,text/html,20585,Nginx,,859,
http://suzyoaj.voopliux.dpdns.org,http://suzyoaj.voopliux.dpdns.org,200,青辰白,nginx,text/html,29042,"Nginx,jQuery",,917,
http://oua.voopliuer.dpdns.org,http://oua.voopliuer.dpdns.org,200,知寻,nginx,text/html,20820,Nginx,,866,
http://xtjxqcq.yasewanhg.dpdns.org,http://xtjxqcq.yasewanhg.dpdns.org,200,温拾心事,nginx,text/html,47108,"Nginx,jQuery",,902,
http://zhjrbahj.soertubn.dpdns.org,http://zhjrbahj.soertubn.dpdns.org,200,诺清川,nginx,text/html,25793,"Bootstrap,Nginx",,965,
http://dmrag.duogongneng.dpdns.org,http://dmrag.duogongneng.dpdns.org,200,南凌禾,nginx,text/html,30093,Nginx,,846,
http://kzfgxme.yasewanhg.dpdns.org,http://kzfgxme.yasewanhg.dpdns.org,200,景屿,nginx,text/html,47864,"Nginx,jQuery",,913,
http://vtdccfb.soertubn.dpdns.org,http://vtdccfb.soertubn.dpdns.org,200,疏诺珩,nginx,text/html,27172,"Bootstrap,Nginx,jQuery",,914,
http://bkumo.wordres.dpdns.org,http://bkumo.wordres.dpdns.org,200,专属人间小记,nginx,text/html,33022,"Nginx,WordPress,jQuery",,775,
http://lgjpogk.fooiuoplik.dpdns.org,http://lgjpogk.fooiuoplik.dpdns.org,200,青辰白,nginx,text/html,29147,"Bootstrap,Nginx,jQuery",,800,
http://uruyo.yasewanhg.dpdns.org,http://uruyo.yasewanhg.dpdns.org,200,桃网,nginx,text/html,46890,"Nginx,jQuery",,895,
http://phtwjp.voopliux.dpdns.org,http://phtwjp.voopliux.dpdns.org,200,轻书心事,nginx,text/html,28640,"Nginx,jQuery",,874,
http://fjluu.rtootsatpeg.dpdns.org,http://fjluu.rtootsatpeg.dpdns.org,200,迟网,nginx,text/html,37463,"Nginx,jQuery",,968,
http://iwnbaxam.yasewanhg.dpdns.org,http://iwnbaxam.yasewanhg.dpdns.org,200,问衍,nginx,text/html,47782,"Nginx,jQuery",,1031,
http://tewmo.voopliux.dpdns.org,http://tewmo.voopliux.dpdns.org,200,轻温流年,nginx,text/html,28765,"Nginx,jQuery",,888,
http://keswrfrz.duogongneng.dpdns.org,http://keswrfrz.duogongneng.dpdns.org,200,竹网,nginx,text/html,30653,Nginx,,898,
http://pgkqcfy.taiyangshen.dpdns.org,http://pgkqcfy.taiyangshen.dpdns.org,200,青隅,nginx,text/html,30772,"Nginx,jQuery",,765,
http://vxxmum.soertubn.dpdns.org,http://vxxmum.soertubn.dpdns.org,200,识真,nginx,text/html,25811,"Nginx,jQuery",,802,
http://ggkftj.voopliux.dpdns.org,http://ggkftj.voopliux.dpdns.org,200,亦景白,nginx,text/html,28706,"Nginx,jQuery",,888,
http://tjnso.weiyutiop.dpdns.org,http://tjnso.weiyutiop.dpdns.org,200,朴思网,nginx,text/html,23345,Nginx,,828,
http://fahkxs.voopliux.dpdns.org,http://fahkxs.voopliux.dpdns.org,200,星亦川,nginx,text/html,28888,"Nginx,jQuery",,849,
http://msreeizx.duogongneng.dpdns.org,http://msreeizx.duogongneng.dpdns.org,200,凌云川,nginx,text/html,30810,Nginx,,832,
http://simmt.duogongneng.dpdns.org,http://simmt.duogongneng.dpdns.org,200,晚风岁月,nginx,text/html,30492,Nginx,,857,
http://akhkfh.fooiuoplik.dpdns.org,http://akhkfh.fooiuoplik.dpdns.org,200,温写时光,nginx,text/html,28762,"Bootstrap,Nginx,jQuery",,866,
http://tjjalcx.voopliux.dpdns.org,http://tjjalcx.voopliux.dpdns.org,200,南凌禾,nginx,text/html,28572,"Nginx,jQuery",,914,
http://pdvqlhe.voopliuer.dpdns.org,http://pdvqlhe.voopliuer.dpdns.org,200,简单时光,nginx,text/html,20799,Nginx,,882,
http://jltpk.wordres.dpdns.org,http://jltpk.wordres.dpdns.org,200,素写人间年,nginx,text/html,32870,"Nginx,WordPress,jQuery",,888,
http://jxmnbnhj.wordres.dpdns.org,http://jxmnbnhj.wordres.dpdns.org,200,景昭珩,nginx,text/html,32754,"Nginx,WordPress,jQuery",,917,
http://gpizvwz.weiyutiop.dpdns.org,http://gpizvwz.weiyutiop.dpdns.org,200,清温流年记,nginx,text/html,23826,Nginx,,896,
http://ryicc.soertubn.dpdns.org,http://ryicc.soertubn.dpdns.org,200,叙简珩,nginx,text/html,24084,"Bootstrap,Nginx",,1014,
http://slprgnjw.fopiloi.dpdns.org,http://slprgnjw.fopiloi.dpdns.org,200,云途,nginx,text/html,22436,"Nginx,WordPress,jQuery",,823,
http://iyfdu.toopert.dpdns.org,http://iyfdu.toopert.dpdns.org,200,亦景白,nginx,text/html,16168,Nginx,,855,
http://dvfspg.wordres.dpdns.org,http://dvfspg.wordres.dpdns.org,200,诺清川,nginx,text/html,33269,"Nginx,WordPress,jQuery",,921,
http://ewvdznj.yasewanhg.dpdns.org,http://ewvdznj.yasewanhg.dpdns.org,200,慢记时光,nginx,text/html,47708,"Nginx,jQuery",,920,
http://gvndc.fooiuoplik.dpdns.org,http://gvndc.fooiuoplik.dpdns.org,200,素静流年,nginx,text/html,29026,"Bootstrap,Nginx,jQuery",,758,
http://pbquz.soertubn.dpdns.org,http://pbquz.soertubn.dpdns.org,200,景昭珩,nginx,text/html,28728,"Nginx,jQuery",,1003,
http://dvjdd.lanshanhu.dpdns.org,http://dvjdd.lanshanhu.dpdns.org,200,诺清川,nginx,text/html,21109,"Nginx,jQuery",,845,
http://urgmp.gpplonert.dpdns.org,http://urgmp.gpplonert.dpdns.org,200,环理解惑,nginx,text/html,24346,"Nginx,jQuery",,955,
http://rqpyiyp.gpplonert.dpdns.org,http://rqpyiyp.gpplonert.dpdns.org,200,智明,nginx,text/html,24264,"Nginx,jQuery",,940,
http://xiyvz.sheyedashe.dpdns.org,http://xiyvz.sheyedashe.dpdns.org,200,叙简川,nginx,text/html,29338,"Nginx,jQuery",,1924,
http://qpxmgum.voopliuer.dpdns.org,http://qpxmgum.voopliuer.dpdns.org,200,清南禾,nginx,text/html,21052,Nginx,,873,
http://xksgkj.taiyangshen.dpdns.org,http://xksgkj.taiyangshen.dpdns.org,200,辰简隅,nginx,text/html,30081,"Nginx,jQuery",,954,
http://gbvhl.gpplonert.dpdns.org,http://gbvhl.gpplonert.dpdns.org,200,简写温柔,nginx,text/html,24532,"Nginx,jQuery",,1003,
http://mxclygm.yasewanhg.dpdns.org,http://mxclygm.yasewanhg.dpdns.org,200,叙简白,nginx,text/html,47278,"Nginx,jQuery",,835,
http://rsjoxuzx.taiyangshen.dpdns.org,http://rsjoxuzx.taiyangshen.dpdns.org,200,景川,nginx,text/html,30420,"Nginx,jQuery",,809,
http://znixg.ftiop.dpdns.org,http://znixg.ftiop.dpdns.org,200,轻松库,nginx,text/html,33946,"Nginx,jQuery",,957,
http://ricra.rtootsatpeg.dpdns.org,http://ricra.rtootsatpeg.dpdns.org,200,景昭珩,nginx,text/html,37628,"Nginx,jQuery",,975,
http://ticvv.wordres.dpdns.org,http://ticvv.wordres.dpdns.org,200,临泽珩,nginx,text/html,32941,"Nginx,WordPress,jQuery",,836,
http://cklax.voopliuer.dpdns.org,http://cklax.voopliuer.dpdns.org,200,景昭屿,nginx,text/html,20811,Nginx,,762,
http://zvkqmucz.gpplonert.dpdns.org,http://zvkqmucz.gpplonert.dpdns.org,200,疏诺屿,nginx,text/html,25056,"Nginx,jQuery",,952,
http://ylqcfbct.boolpfont.dpdns.org,http://ylqcfbct.boolpfont.dpdns.org,200,临泽舟,nginx,text/html,24597,Nginx,,986,
http://sogzqmrk.voopliux.dpdns.org,http://sogzqmrk.voopliux.dpdns.org,200,青辰川,nginx,text/html,28958,"Nginx,jQuery",,839,
http://vxwlvuqt.toopert.dpdns.org,http://vxwlvuqt.toopert.dpdns.org,200,星珩,nginx,text/html,16298,Nginx,,753,
http://nugqp.weiyutiop.dpdns.org,http://nugqp.weiyutiop.dpdns.org,200,时光随笔存档,nginx,text/html,21540,Nginx,,816,
http://orvam.taiyangshen.dpdns.org,http://orvam.taiyangshen.dpdns.org,200,星川,nginx,text/html,30079,"Nginx,jQuery",,740,
http://cgxcf.voopliux.dpdns.org,http://cgxcf.voopliux.dpdns.org,200,青辰川,nginx,text/html,28165,"Nginx,jQuery",,841,
http://xvffnudn.duogongneng.dpdns.org,http://xvffnudn.duogongneng.dpdns.org,200,弘理解惑,nginx,text/html,30341,Nginx,,831,
http://nrbme.rtootsatpeg.dpdns.org,http://nrbme.rtootsatpeg.dpdns.org,200,青辰川,nginx,text/html,37107,"Nginx,jQuery",,927,
http://yhdssyv.goodks.dpdns.org,http://yhdssyv.goodks.dpdns.org,200,生活解惑,nginx,text/html,21636,"Nginx,WordPress,jQuery",,828,
http://nnvcekci.ftiop.dpdns.org,http://nnvcekci.ftiop.dpdns.org,200,阔网,nginx,text/html,33530,"Nginx,jQuery",,994,
http://cdaur.voopliuer.dpdns.org,http://cdaur.voopliuer.dpdns.org,200,凌云白,nginx,text/html,20857,Nginx,,943,
http://crqqvw.voopliux.dpdns.org,http://crqqvw.voopliux.dpdns.org,200,南凌禾,nginx,text/html,28815,"Nginx,jQuery",,905,
http://rhtnnf.duogongneng.dpdns.org,http://rhtnnf.duogongneng.dpdns.org,200,临泽珩,nginx,text/html,30561,Nginx,,859,
http://eklalor.boolpfont.dpdns.org,http://eklalor.boolpfont.dpdns.org,200,凌云禾,nginx,text/html,28014,"Bootstrap,Nginx,jQuery",,851,
http://wranywag.boolpfont.dpdns.org,http://wranywag.boolpfont.dpdns.org,200,星亦禾,nginx,text/html,22737,"Nginx,jQuery",,1945,
http://lraxsxi.soertubn.dpdns.org,http://lraxsxi.soertubn.dpdns.org,200,临泽屿,nginx,text/html,23954,"Nginx,WordPress,jQuery",,901,
http://evrnu.toopert.dpdns.org,http://evrnu.toopert.dpdns.org,200,昭青舟,nginx,text/html,16071,Nginx,,967,
http://yxzcu.boolpfont.dpdns.org,http://yxzcu.boolpfont.dpdns.org,200,星亦禾,nginx,text/html,47430,"Nginx,jQuery",,852,
http://vigjs.toopert.dpdns.org,http://vigjs.toopert.dpdns.org,200,诺清隅,nginx,text/html,16116,Nginx,,830,
http://hndkd.fooiuoplik.dpdns.org,http://hndkd.fooiuoplik.dpdns.org,200,独处流年,nginx,text/html,28652,"Bootstrap,Nginx,jQuery",,809,
http://gjgxbh.boolpfont.dpdns.org,http://gjgxbh.boolpfont.dpdns.org,200,温书日常,nginx,text/html,30434,Nginx,,933,
http://zffdet.yasewanhg.dpdns.org,http://zffdet.yasewanhg.dpdns.org,200,智答库,nginx,text/html,47336,"Nginx,jQuery",,883,
http://lhtpg.boolpfont.dpdns.org,http://lhtpg.boolpfont.dpdns.org,200,明叙,nginx,text/html,35477,"Nginx,jQuery",,833,
http://fosgiyw.fooiuoplik.dpdns.org,http://fosgiyw.fooiuoplik.dpdns.org,200,简单自渡,nginx,text/html,28088,"Bootstrap,Nginx,jQuery",,892,
http://hqatedtn.boolpfont.dpdns.org,http://hqatedtn.boolpfont.dpdns.org,200,浅书时光,nginx,text/html,26133,"Bootstrap,Nginx",,902,
http://glzzr.boolpfont.dpdns.org,http://glzzr.boolpfont.dpdns.org,200,独处宇宙,nginx,text/html,26282,"Bootstrap,Nginx,jQuery",,967,
http://pwxdwfy.voopliux.dpdns.org,http://pwxdwfy.voopliux.dpdns.org,200,歌网,nginx,text/html,28574,"Nginx,jQuery",,898,
http://fqcizj.sheyedashe.dpdns.org,http://fqcizj.sheyedashe.dpdns.org,200,私人随笔册,nginx,text/html,28656,"Nginx,jQuery",,868,
http://qkeiklrv.duogongneng.dpdns.org,http://qkeiklrv.duogongneng.dpdns.org,200,星亦川,nginx,text/html,30372,Nginx,,821,
http://pjacg.soertubn.dpdns.org,http://pjacg.soertubn.dpdns.org,200,星亦禾,nginx,text/html,23980,"Bootstrap,Nginx,jQuery",,935,
http://fpgjtsd.boolpfont.dpdns.org,http://fpgjtsd.boolpfont.dpdns.org,200,明问,nginx,text/html,28345,"Bootstrap,Nginx,jQuery",,764,
http://uzijr.boolpfont.dpdns.org,http://uzijr.boolpfont.dpdns.org,200,坊网,nginx,text/html,48977,"Nginx,jQuery",,1154,
http://pezgo.taiyangshen.dpdns.org,http://pezgo.taiyangshen.dpdns.org,200,复知阁,nginx,text/html,30081,"Nginx,jQuery",,850,
http://cpoeacvb.voopliuer.dpdns.org,http://cpoeacvb.voopliuer.dpdns.org,200,星亦禾,nginx,text/html,21148,Nginx,,877,
http://sxtgrg.fopiloi.dpdns.org,http://sxtgrg.fopiloi.dpdns.org,200,研思问答,nginx,text/html,22207,"Nginx,WordPress,jQuery",,815,
http://xjdxvkja.wordres.dpdns.org,http://xjdxvkja.wordres.dpdns.org,200,叙简白,nginx,text/html,33079,"Nginx,WordPress,jQuery",,917,
http://bonqy.lanshanhu.dpdns.org,http://bonqy.lanshanhu.dpdns.org,200,临泽舟,nginx,text/html,21297,"Nginx,jQuery",,903,
http://kxebunwu.voopliux.dpdns.org,http://kxebunwu.voopliux.dpdns.org,200,南凌禾,nginx,text/html,28656,"Nginx,jQuery",,913,
http://tqzvkf.soertubn.dpdns.org,http://tqzvkf.soertubn.dpdns.org,200,识真,nginx,text/html,19938,"Bootstrap,Nginx",,835,
http://qpgcredg.wordres.dpdns.org,http://qpgcredg.wordres.dpdns.org,200,全面解惑,nginx,text/html,32238,"Nginx,WordPress,jQuery",,928,
http://kphhedqk.wordres.dpdns.org,http://kphhedqk.wordres.dpdns.org,200,亦景川,nginx,text/html,32864,"Nginx,WordPress,jQuery",,916,
http://qemzo.fopiloi.dpdns.org,http://qemzo.fopiloi.dpdns.org,200,知邃问答,nginx,text/html,21367,"Nginx,WordPress,jQuery",,897,
http://uiwqvf.ftiop.dpdns.org,http://uiwqvf.ftiop.dpdns.org,200,桃笺网,nginx,text/html,31446,"Nginx,jQuery",,958,
http://vscuf.fopiloi.dpdns.org,http://vscuf.fopiloi.dpdns.org,200,识故问答,nginx,text/html,21423,"Nginx,WordPress,jQuery",,874,
http://axhwut.goodks.dpdns.org,http://axhwut.goodks.dpdns.org,200,简禾,nginx,text/html,18498,"Nginx,jQuery",,875,
http://fskwnshg.taiyangshen.dpdns.org,http://fskwnshg.taiyangshen.dpdns.org,200,启知解惑,nginx,text/html,30722,"Nginx,jQuery",,995,
http://lnqldw.boolpfont.dpdns.org,http://lnqldw.boolpfont.dpdns.org,200,素写时光,nginx,text/html,38568,"Bootstrap,Nginx,jQuery",,943,
http://ygwbq.duogongneng.dpdns.org,http://ygwbq.duogongneng.dpdns.org,200,瞻理解惑,nginx,text/html,30096,Nginx,,975,
http://wufzyy.taiyangshen.dpdns.org,http://wufzyy.taiyangshen.dpdns.org,200,人间慢温柔,nginx,text/html,30819,"Nginx,jQuery",,891,
http://asfrpq.wordres.dpdns.org,http://asfrpq.wordres.dpdns.org,200,寻光问答,nginx,text/html,32784,"Nginx,WordPress,jQuery",,902,
http://nqrunqc.taiyangshen.dpdns.org,http://nqrunqc.taiyangshen.dpdns.org,200,临泽珩,nginx,text/html,30571,"Nginx,jQuery",,883,
http://tiloz.taiyangshen.dpdns.org,http://tiloz.taiyangshen.dpdns.org,200,青辰珩,nginx,text/html,30105,"Nginx,jQuery",,1346,
http://qsijeq.boolpfont.dpdns.org,http://qsijeq.boolpfont.dpdns.org,200,礼网,nginx,text/html,29158,"Bootstrap,Nginx,jQuery",,1380,
http://lezrxud.goodks.dpdns.org,http://lezrxud.goodks.dpdns.org,200,高判解惑,nginx,text/html,22863,"Bootstrap,Nginx",,1414,
http://akphbqf.lanshanhu.dpdns.org,http://akphbqf.lanshanhu.dpdns.org,200,景昭珩,nginx,text/html,21262,"Nginx,jQuery",,1501,
http://ledobvna.yasewanhg.dpdns.org,http://ledobvna.yasewanhg.dpdns.org,200,南凌屿,nginx,text/html,46948,"Nginx,jQuery",,1434,
http://pidbbsbr.toopert.dpdns.org,http://pidbbsbr.toopert.dpdns.org,200,辰简川,nginx,text/html,16234,Nginx,,1344,
http://ssmyn.boolpfont.dpdns.org,http://ssmyn.boolpfont.dpdns.org,200,撷询解惑,nginx,text/html,22144,Nginx,,1526,
http://iongvg.boolpfont.dpdns.org,http://iongvg.boolpfont.dpdns.org,200,诺清川,nginx,text/html,21876,"Bootstrap,Nginx",,1486,
http://vhoza.fooiuoplik.dpdns.org,http://vhoza.fooiuoplik.dpdns.org,200,凌云白,nginx,text/html,28844,"Bootstrap,Nginx,jQuery",,1421,
http://ykpnffga.duogongneng.dpdns.org,http://ykpnffga.duogongneng.dpdns.org,200,临川,nginx,text/html,30577,Nginx,,1384,
http://mwblwqb.wordres.dpdns.org,http://mwblwqb.wordres.dpdns.org,200,思廓知理,nginx,text/html,33260,"Nginx,WordPress,jQuery",,1417,
http://acfank.boolpfont.dpdns.org,http://acfank.boolpfont.dpdns.org,200,随心而叙,nginx,text/html,19321,"Nginx,jQuery",,1513,
http://ztquovm.boolpfont.dpdns.org,http://ztquovm.boolpfont.dpdns.org,200,星亦屿,nginx,text/html,26394,"Bootstrap,Nginx",,1554,
http://hmxpdg.soertubn.dpdns.org,http://hmxpdg.soertubn.dpdns.org,200,亦景白,nginx,text/html,36361,Nginx,,1967,
http://uefmdy.boolpfont.dpdns.org,http://uefmdy.boolpfont.dpdns.org,200,凌云禾,nginx,text/html,42591,Nginx,,1535,
http://hhfcvrt.fopiloi.dpdns.org,http://hhfcvrt.fopiloi.dpdns.org,200,通识库,nginx,text/html,22231,"Nginx,WordPress,jQuery",,1106,
http://xluppzj.goodks.dpdns.org,http://xluppzj.goodks.dpdns.org,200,星川,nginx,text/html,20908,"Nginx,jQuery",,1519,
http://dgirp.fooiuoplik.dpdns.org,http://dgirp.fooiuoplik.dpdns.org,200,简温人间,nginx,text/html,28435,"Bootstrap,Nginx,jQuery",,1215,
http://syvundmf.meitayouha.dpdns.org,http://syvundmf.meitayouha.dpdns.org,200,诺清禾,nginx,text/html,25917,"Bootstrap,Nginx,jQuery",,1612,
http://vgiweid.soertubn.dpdns.org,http://vgiweid.soertubn.dpdns.org,200,大判解惑,nginx,text/html,35749,"Nginx,jQuery",,1148,
http://kzsck.voopliuer.dpdns.org,http://kzsck.voopliuer.dpdns.org,200,理析答疑,nginx,text/html,20903,Nginx,,1318,
http://ykoqnf.fopiloi.dpdns.org,http://ykoqnf.fopiloi.dpdns.org,200,瞻理解惑,nginx,text/html,21699,"Nginx,WordPress,jQuery",,1238,
http://qihnhmta.gpplonert.dpdns.org,http://qihnhmta.gpplonert.dpdns.org,200,诺清川,nginx,text/html,24049,"Nginx,jQuery",,1318,
http://jaiues.yasewanhg.dpdns.org,http://jaiues.yasewanhg.dpdns.org,200,泽知白,nginx,text/html,47239,"Nginx,jQuery",,1194,
http://urhhrg.goodks.dpdns.org,http://urhhrg.goodks.dpdns.org,200,清南禾,nginx,text/html,20273,Nginx,,1326,
http://chodrh.soertubn.dpdns.org,http://chodrh.soertubn.dpdns.org,200,宁答祈,nginx,text/html,28740,"Nginx,jQuery",,1408,
http://naljagwh.ftiop.dpdns.org,http://naljagwh.ftiop.dpdns.org,200,衡寻隅,nginx,text/html,34394,"Nginx,jQuery",,1384,
http://xnkqac.rtootsatpeg.dpdns.org,http://xnkqac.rtootsatpeg.dpdns.org,200,清欢问知,nginx,text/html,37158,"Nginx,jQuery",,1430,
http://jykzur.toopert.dpdns.org,http://jykzur.toopert.dpdns.org,200,元本解惑,nginx,text/html,15953,Nginx,,717,
http://pplchxs.goodks.dpdns.org,http://pplchxs.goodks.dpdns.org,200,浅藏温柔,nginx,text/html,54240,"Nginx,jQuery",,2414,
http://mjeeqwet.yasewanhg.dpdns.org,http://mjeeqwet.yasewanhg.dpdns.org,200,衡简舟,nginx,text/html,48137,"Nginx,jQuery",,850,
http://yxcaelo.meitayouha.dpdns.org,http://yxcaelo.meitayouha.dpdns.org,200,答序库,nginx,text/html,53347,Nginx,,1470,
http://udxbp.fooiuoplik.dpdns.org,http://udxbp.fooiuoplik.dpdns.org,200,景昭珩,nginx,text/html,28968,"Bootstrap,Nginx,jQuery",,772,
http://fcuzzuc.ftiop.dpdns.org,http://fcuzzuc.ftiop.dpdns.org,200,青辰白,nginx,text/html,34559,"Nginx,jQuery",,907,
http://kjfywg.taiyangshen.dpdns.org,http://kjfywg.taiyangshen.dpdns.org,200,念遥网,nginx,text/html,30566,"Nginx,jQuery",,839,
http://afxlxfx.fopiloi.dpdns.org,http://afxlxfx.fopiloi.dpdns.org,200,知屿,nginx,text/html,21822,"Nginx,WordPress,jQuery",,794,
http://ntkmr.meitayouha.dpdns.org,http://ntkmr.meitayouha.dpdns.org,200,雨时碎笔,nginx,text/html,51859,Nginx,,1099,
http://wcouh.yasewanhg.dpdns.org,http://wcouh.yasewanhg.dpdns.org,200,星亦屿,nginx,text/html,47596,"Nginx,jQuery",,823,
http://nycmvvpc.voopliux.dpdns.org,http://nycmvvpc.voopliux.dpdns.org,200,简存温柔随笔,nginx,text/html,28946,"Nginx,jQuery",,869,
http://gebxyunw.yasewanhg.dpdns.org,http://gebxyunw.yasewanhg.dpdns.org,200,精准解惑,nginx,text/html,47608,"Nginx,jQuery",,957,
http://ioqcrxgz.goodks.dpdns.org,http://ioqcrxgz.goodks.dpdns.org,200,本原解惑,nginx,text/html,19757,Nginx,,939,
http://fnclch.meitayouha.dpdns.org,http://fnclch.meitayouha.dpdns.org,200,诺白,nginx,text/html,40864,"Nginx,jQuery",,1010,
http://echro.gpplonert.dpdns.org,http://echro.gpplonert.dpdns.org,200,浅拾时光,nginx,text/html,23908,"Nginx,jQuery",,1036,
http://ccmat.yasewanhg.dpdns.org,http://ccmat.yasewanhg.dpdns.org,200,朝雾网,nginx,text/html,47751,"Nginx,jQuery",,1029,
http://dsjsksd.fooiuoplik.dpdns.org,http://dsjsksd.fooiuoplik.dpdns.org,200,星川,nginx,text/html,29318,"Bootstrap,Nginx,jQuery",,917,
http://xovnefi.ftiop.dpdns.org,http://xovnefi.ftiop.dpdns.org,200,个人生活叙,nginx,text/html,34009,"Nginx,jQuery",,1006,
http://likmcjak.voopliux.dpdns.org,http://likmcjak.voopliux.dpdns.org,200,青辰白,nginx,text/html,28818,"Nginx,jQuery",,1001,
http://xvllc.soertubn.dpdns.org,http://xvllc.soertubn.dpdns.org,200,沐珩网,nginx,text/html,28946,"Nginx,jQuery",,1007,
http://auhgobsp.taiyangshen.dpdns.org,http://auhgobsp.taiyangshen.dpdns.org,200,新思答疑,nginx,text/html,30351,"Nginx,jQuery",,943,
http://buweajhv.goodks.dpdns.org,http://buweajhv.goodks.dpdns.org,200,简禾,nginx,text/html,32295,Nginx,,947,
http://eywmaqlx.meitayouha.dpdns.org,http://eywmaqlx.meitayouha.dpdns.org,200,临泽屿,nginx,text/html,18734,"Bootstrap,Nginx",,1006,
http://atspaq.duogongneng.dpdns.org,http://atspaq.duogongneng.dpdns.org,200,零碎日常,nginx,text/html,30600,Nginx,,941,
http://zyfqbb.soertubn.dpdns.org,http://zyfqbb.soertubn.dpdns.org,200,亦景川,nginx,text/html,33113,"Nginx,jQuery",,1061,
http://mzpbfa.lanshanhu.dpdns.org,http://mzpbfa.lanshanhu.dpdns.org,200,安渡岁月,nginx,text/html,21635,"Nginx,jQuery",,1013,
http://trlylhgb.lanshanhu.dpdns.org,http://trlylhgb.lanshanhu.dpdns.org,200,槐序网,nginx,text/html,21489,"Nginx,jQuery",,976,
http://uhyluewt.meitayouha.dpdns.org,http://uhyluewt.meitayouha.dpdns.org,200,泽知隅,nginx,text/html,26582,"Nginx,jQuery",,902,
http://xwmfda.toopert.dpdns.org,http://xwmfda.toopert.dpdns.org,200,日常温柔集,nginx,text/html,16293,Nginx,,870,
http://mbgiq.gpplonert.dpdns.org,http://mbgiq.gpplonert.dpdns.org,200,星亦屿,nginx,text/html,24481,"Nginx,jQuery",,1150,
http://qghrk.soertubn.dpdns.org,http://qghrk.soertubn.dpdns.org,200,南凌川,nginx,text/html,56681,"Nginx,jQuery",,1163,
http://pylgqxzr.meitayouha.dpdns.org,http://pylgqxzr.meitayouha.dpdns.org,200,星亦川,nginx,text/html,32189,Nginx,,864,
http://bhzdu.soertubn.dpdns.org,http://bhzdu.soertubn.dpdns.org,200,个人叙存,nginx,text/html,83884,Nginx,,1420,
http://lwzyxcvz.taiyangshen.dpdns.org,http://lwzyxcvz.taiyangshen.dpdns.org,200,明澜,nginx,text/html,30134,"Nginx,jQuery",,800,
http://xvgilvkg.voopliux.dpdns.org,http://xvgilvkg.voopliux.dpdns.org,200,临泽舟,nginx,text/html,28913,"Nginx,jQuery",,932,
http://gjehw.weiyutiop.dpdns.org,http://gjehw.weiyutiop.dpdns.org,200,始网,nginx,text/html,23460,Nginx,,766,
http://ysmhdkws.soertubn.dpdns.org,http://ysmhdkws.soertubn.dpdns.org,200,缓藏时光,nginx,text/html,27901,"Bootstrap,Nginx,jQuery",,885,
http://sofee.meitayouha.dpdns.org,http://sofee.meitayouha.dpdns.org,200,青辰珩,nginx,text/html,28245,"Bootstrap,Nginx,jQuery",,898,
http://sryblh.meitayouha.dpdns.org,http://sryblh.meitayouha.dpdns.org,200,南凌屿,nginx,text/html,59316,"Nginx,jQuery",,1408,
http://sakeqr.meitayouha.dpdns.org,http://sakeqr.meitayouha.dpdns.org,200,知际汇,nginx,text/html,67427,"Bootstrap,Nginx,jQuery",,1152,
http://glak.ftiop.dpdns.org,http://glak.ftiop.dpdns.org,200,南凌禾,nginx,text/html,34323,"Nginx,jQuery",,902,
http://laxkqcxb.voopliux.dpdns.org,http://laxkqcxb.voopliux.dpdns.org,200,亦景川,nginx,text/html,28879,"Nginx,jQuery",,895,
http://hhnfpusa.voopliux.dpdns.org,http://hhnfpusa.voopliux.dpdns.org,200,时光自留馆,nginx,text/html,28778,"Nginx,jQuery",,877,
http://ivlim.voopliux.dpdns.org,http://ivlim.voopliux.dpdns.org,200,青辰珩,nginx,text/html,28404,"Nginx,jQuery",,919,
http://hitqrwjv.meitayouha.dpdns.org,http://hitqrwjv.meitayouha.dpdns.org,200,星川,nginx,text/html,26921,"Bootstrap,Nginx",,1083,
http://mmqbsg.voopliux.dpdns.org,http://mmqbsg.voopliux.dpdns.org,200,循知解惑,nginx,text/html,28499,"Nginx,jQuery",,836,
http://ldzvozyc.voopliuer.dpdns.org,http://ldzvozyc.voopliuer.dpdns.org,200,问明,nginx,text/html,21007,Nginx,,870,
http://vxunz.fooiuoplik.dpdns.org,http://vxunz.fooiuoplik.dpdns.org,200,静默自持,nginx,text/html,28857,"Bootstrap,Nginx,jQuery",,824,
http://fjayi.ftiop.dpdns.org,http://fjayi.ftiop.dpdns.org,200,理细答疑,nginx,text/html,33682,"Nginx,jQuery",,1032,
http://xhdmixbk.rtootsatpeg.dpdns.org,http://xhdmixbk.rtootsatpeg.dpdns.org,200,拙网,nginx,text/html,37033,"Nginx,jQuery",,993,
http://fawkrm.goodks.dpdns.org,http://fawkrm.goodks.dpdns.org,200,临泽屿,nginx,text/html,30684,Nginx,,894,
https://kycoqmv.duogongneng.dpdns.org,https://kycoqmv.duogongneng.dpdns.org,200,404 Not Found,nginx,text/html,138,Nginx,,751,
http://nflgokv.toopert.dpdns.org,http://nflgokv.toopert.dpdns.org,200,基理解惑,nginx,text/html,16077,Nginx,,851,
https://fsluuo.voopliuer.dpdns.org,https://fsluuo.voopliuer.dpdns.org,200,404 Not Found,nginx,text/html,138,Nginx,,738,
http://hhfla.ftiop.dpdns.org,http://hhfla.ftiop.dpdns.org,200,凌云白,nginx,text/html,34475,"Nginx,jQuery",,899,
http://vcukddx.boolpfont.dpdns.org,http://vcukddx.boolpfont.dpdns.org,200,南凌屿,nginx,text/html,25336,"Bootstrap,Nginx",,961,
http://cnaxq.taiyangshen.dpdns.org,http://cnaxq.taiyangshen.dpdns.org,200,山野随笔,nginx,text/html,30090,"Nginx,jQuery",,823,
http://kawhgifr.toopert.dpdns.org,http://kawhgifr.toopert.dpdns.org,200,明策,nginx,text/html,16169,Nginx,,788,
http://tgikgdc.soertubn.dpdns.org,http://tgikgdc.soertubn.dpdns.org,200,麓安网,nginx,text/html,26976,"Bootstrap,Nginx",,941,
http://ojqifmc.ftiop.dpdns.org,http://ojqifmc.ftiop.dpdns.org,200,素写流年,nginx,text/html,35001,"Nginx,jQuery",,861,
http://glpwssar.soertubn.dpdns.org,http://glpwssar.soertubn.dpdns.org,200,知源问道,nginx,text/html,48462,"Nginx,jQuery",,1145,
http://sbjou.ftiop.dpdns.org,http://sbjou.ftiop.dpdns.org,200,青辰白,nginx,text/html,34630,"Nginx,jQuery",,947,
http://ifywhpua.ftiop.dpdns.org,http://ifywhpua.ftiop.dpdns.org,200,景寻,nginx,text/html,33401,"Nginx,jQuery",,932,
http://esczdb.weiyutiop.dpdns.org,http://esczdb.weiyutiop.dpdns.org,200,人间时光小筑,nginx,text/html,23284,Nginx,,864,
http://ulqak.fooiuoplik.dpdns.org,http://ulqak.fooiuoplik.dpdns.org,200,山野漫记,nginx,text/html,28958,"Bootstrap,Nginx,jQuery",,781,
http://lpwiij.soertubn.dpdns.org,http://lpwiij.soertubn.dpdns.org,200,流年清欢记,nginx,text/html,71884,Nginx,,1031,
http://hknbrehw.rtootsatpeg.dpdns.org,http://hknbrehw.rtootsatpeg.dpdns.org,200,扬断解惑,nginx,text/html,37758,"Nginx,jQuery",,980,
http://ybajomoj.goodks.dpdns.org,http://ybajomoj.goodks.dpdns.org,200,景昭白,nginx,text/html,32852,"Bootstrap,Nginx,jQuery",,873,
http://tbvmvjw.toopert.dpdns.org,http://tbvmvjw.toopert.dpdns.org,200,景昭珩,nginx,text/html,15762,Nginx,,908,
http://jiqats.duogongneng.dpdns.org,http://jiqats.duogongneng.dpdns.org,200,亦景白,nginx,text/html,29944,Nginx,,1032,
http://irsdvx.duogongneng.dpdns.org,http://irsdvx.duogongneng.dpdns.org,200,闲拾岁月,nginx,text/html,30522,Nginx,,1084,
http://swmxs.sheyedashe.dpdns.org,http://swmxs.sheyedashe.dpdns.org,200,简寻,nginx,text/html,28287,"Nginx,jQuery",,1168,
http://eiztwqil.voopliux.dpdns.org,http://eiztwqil.voopliux.dpdns.org,200,缓藏时光,nginx,text/html,28552,"Nginx,jQuery",,1233,
http://hdnrfm.fooiuoplik.dpdns.org,http://hdnrfm.fooiuoplik.dpdns.org,200,青辰川,nginx,text/html,28446,"Bootstrap,Nginx,jQuery",,1185,
http://uikhywcd.yasewanhg.dpdns.org,http://uikhywcd.yasewanhg.dpdns.org,200,诺清川,nginx,text/html,48487,"Nginx,jQuery",,1356,
http://hfutix.taiyangshen.dpdns.org,http://hfutix.taiyangshen.dpdns.org,200,智隅寻答,nginx,text/html,30429,"Nginx,jQuery",,1052,
http://mcwupoo.weiyutiop.dpdns.org,http://mcwupoo.weiyutiop.dpdns.org,200,诺川,nginx,text/html,23299,Nginx,,1159,
http://qaesdp.weiyutiop.dpdns.org,http://qaesdp.weiyutiop.dpdns.org,200,答涧答疑,nginx,text/html,21284,Nginx,,1308,
http://gotsay.sheyedashe.dpdns.org,http://gotsay.sheyedashe.dpdns.org,200,疏桐网,nginx,text/html,29267,"Nginx,jQuery",,1122,
http://tpqmztkh.lanshanhu.dpdns.org,http://tpqmztkh.lanshanhu.dpdns.org,200,诺清禾,nginx,text/html,21440,"Nginx,jQuery",,1266,
http://jnrrh.yasewanhg.dpdns.org,http://jnrrh.yasewanhg.dpdns.org,200,问悟,nginx,text/html,47153,"Nginx,jQuery",,1160,
http://lclxdy.toopert.dpdns.org,http://lclxdy.toopert.dpdns.org,200,凌云禾,nginx,text/html,16136,Nginx,,968,
http://mbejx.fopiloi.dpdns.org,http://mbejx.fopiloi.dpdns.org,200,智涧库,nginx,text/html,21484,"Nginx,WordPress,jQuery",,1014,
http://cyclt.voopliuer.dpdns.org,http://cyclt.voopliuer.dpdns.org,200,轻叙浮生,nginx,text/html,21170,Nginx,,1209,
http://eijtmu.duogongneng.dpdns.org,http://eijtmu.duogongneng.dpdns.org,200,星亦禾,nginx,text/html,30506,Nginx,,1176,
http://sqrou.voopliux.dpdns.org,http://sqrou.voopliux.dpdns.org,200,临泽舟,nginx,text/html,28633,"Nginx,jQuery",,1167,
http://rpwupdd.voopliux.dpdns.org,http://rpwupdd.voopliux.dpdns.org,200,愁网,nginx,text/html,28477,"Nginx,jQuery",,1101,
http://mxzngto.gpplonert.dpdns.org,http://mxzngto.gpplonert.dpdns.org,200,辰简川,nginx,text/html,24865,"Nginx,jQuery",,2377,
http://uxjmjbn.boolpfont.dpdns.org,http://uxjmjbn.boolpfont.dpdns.org,200,独记时光温柔,nginx,text/html,21095,"Bootstrap,Nginx",,1252,
http://rnaoiw.rtootsatpeg.dpdns.org,http://rnaoiw.rtootsatpeg.dpdns.org,200,安然时光,nginx,text/html,36899,"Nginx,jQuery",,1314,
http://ppvgy.gpplonert.dpdns.org,http://ppvgy.gpplonert.dpdns.org,200,景昭屿,nginx,text/html,24804,"Nginx,jQuery",,1332,
http://yoeansa.sheyedashe.dpdns.org,http://yoeansa.sheyedashe.dpdns.org,200,平问智,nginx,text/html,29337,"Nginx,jQuery",,1036,
http://wlcvfksb.voopliux.dpdns.org,http://wlcvfksb.voopliux.dpdns.org,200,众答解惑,nginx,text/html,28849,"Nginx,jQuery",,1150,
http://voniibva.gpplonert.dpdns.org,http://voniibva.gpplonert.dpdns.org,200,萤网,nginx,text/html,24612,"Nginx,jQuery",,1403,
http://kvovkbir.meitayouha.dpdns.org,http://kvovkbir.meitayouha.dpdns.org,200,南凌屿,nginx,text/html,30861,Nginx,,913,
http://vhfudgac.yasewanhg.dpdns.org,http://vhfudgac.yasewanhg.dpdns.org,200,诺川,nginx,text/html,46906,"Nginx,jQuery",,1123,
http://vovee.rtootsatpeg.dpdns.org,http://vovee.rtootsatpeg.dpdns.org,200,沐珩,nginx,text/html,37120,"Nginx,jQuery",,1174,
http://whblmppd.meitayouha.dpdns.org,http://whblmppd.meitayouha.dpdns.org,200,景昭珩,nginx,text/html,25019,Nginx,,1126,
http://qtbeb.taiyangshen.dpdns.org,http://qtbeb.taiyangshen.dpdns.org,200,简寻,nginx,text/html,30060,"Nginx,jQuery",,860,
http://fxtbxvq.fopiloi.dpdns.org,http://fxtbxvq.fopiloi.dpdns.org,200,凌云禾,nginx,text/html,22102,"Nginx,WordPress,jQuery",,762,
http://hfgja.boolpfont.dpdns.org,http://hfgja.boolpfont.dpdns.org,200,诺清川,nginx,text/html,25329,"Bootstrap,Nginx",,937,
http://qmyxt.weiyutiop.dpdns.org,http://qmyxt.weiyutiop.dpdns.org,200,问屿新知,nginx,text/html,23519,Nginx,,1013,
http://paesok.sheyedashe.dpdns.org,http://paesok.sheyedashe.dpdns.org,200,星亦禾,nginx,text/html,29355,"Nginx,jQuery",,992,
http://yxheavyx.toopert.dpdns.org,http://yxheavyx.toopert.dpdns.org,200,泽知珩,nginx,text/html,16381,Nginx,,963,
http://sumdr.wordres.dpdns.org,http://sumdr.wordres.dpdns.org,200,温柔慢渡,nginx,text/html,32899,"Nginx,WordPress,jQuery",,1024,
http://dfirpp.yasewanhg.dpdns.org,http://dfirpp.yasewanhg.dpdns.org,200,静网,nginx,text/html,47249,"Nginx,jQuery",,1017,
http://mhwbti.soertubn.dpdns.org,http://mhwbti.soertubn.dpdns.org,200,亦景白,nginx,text/html,29260,"Bootstrap,Nginx",,1219,
http://eggfxes.gpplonert.dpdns.org,http://eggfxes.gpplonert.dpdns.org,200,人间清欢录,nginx,text/html,24451,"Nginx,jQuery",,1172,
http://afttt.rtootsatpeg.dpdns.org,http://afttt.rtootsatpeg.dpdns.org,200,星亦川,nginx,text/html,37409,"Nginx,jQuery",,1245,
http://ieowde.soertubn.dpdns.org,http://ieowde.soertubn.dpdns.org,200,简禾,nginx,text/html,36639,"Nginx,jQuery",,1048,
http://uohyn.lanshanhu.dpdns.org,http://uohyn.lanshanhu.dpdns.org,200,景珩,nginx,text/html,21368,"Nginx,jQuery",,1150,
http://qptrr.lanshanhu.dpdns.org,http://qptrr.lanshanhu.dpdns.org,200,青辰珩,nginx,text/html,21221,"Nginx,jQuery",,1162,
http://oxjeif.boolpfont.dpdns.org,http://oxjeif.boolpfont.dpdns.org,200,诺清隅,nginx,text/html,32503,"Nginx,jQuery",,1113,
http://ohbjz.weiyutiop.dpdns.org,http://ohbjz.weiyutiop.dpdns.org,200,温网,nginx,text/html,23673,Nginx,,1130,
http://spunvg.soertubn.dpdns.org,http://spunvg.soertubn.dpdns.org,200,修德解惑,nginx,text/html,49300,"Nginx,jQuery",,1414,
http://oqqplte.ftiop.dpdns.org,http://oqqplte.ftiop.dpdns.org,200,亦景白,nginx,text/html,34930,"Nginx,jQuery",,1325,
http://fdjto.goodks.dpdns.org,http://fdjto.goodks.dpdns.org,200,夕网,nginx,text/html,21539,"Bootstrap,Nginx,jQuery",,1181,
http://ethjb.soertubn.dpdns.org,http://ethjb.soertubn.dpdns.org,200,昭青舟,nginx,text/html,19098,"Nginx,jQuery",,1140,
http://iumqku.meitayouha.dpdns.org,http://iumqku.meitayouha.dpdns.org,200,星白,nginx,text/html,21667,"Bootstrap,Nginx",,1352,
http://rscun.toopert.dpdns.org,http://rscun.toopert.dpdns.org,200,麦网,nginx,text/html,16292,Nginx,,1067,
http://mlfee.meitayouha.dpdns.org,http://mlfee.meitayouha.dpdns.org,200,秒懂解惑,nginx,text/html,21859,Nginx,,1395,
http://anroxv.yasewanhg.dpdns.org,http://anroxv.yasewanhg.dpdns.org,200,星亦禾,nginx,text/html,47425,"Nginx,jQuery",,1349,
http://tlepcp.boolpfont.dpdns.org,http://tlepcp.boolpfont.dpdns.org,200,清南隅,nginx,text/html,24039,"Bootstrap,Nginx",,1265,
http://hstgoxpq.voopliux.dpdns.org,http://hstgoxpq.voopliux.dpdns.org,200,朝岚纪事,nginx,text/html,28782,"Nginx,jQuery",,1131,
http://feavch.boolpfont.dpdns.org,http://feavch.boolpfont.dpdns.org,200,闲叙晚风,nginx,text/html,24610,"Bootstrap,Nginx",,1230,
http://ffxwipay.yasewanhg.dpdns.org,http://ffxwipay.yasewanhg.dpdns.org,200,思隅问答,nginx,text/html,47253,"Nginx,jQuery",,1130,
http://itemm.meitayouha.dpdns.org,http://itemm.meitayouha.dpdns.org,200,浅藏温柔,nginx,text/html,30581,"Bootstrap,Nginx",,1234,
http://wgalfir.ftiop.dpdns.org,http://wgalfir.ftiop.dpdns.org,200,南凌川,nginx,text/html,31569,"Nginx,jQuery",,1268,
http://qjottyxa.rtootsatpeg.dpdns.org,http://qjottyxa.rtootsatpeg.dpdns.org,200,星月温柔札,nginx,text/html,37439,"Nginx,jQuery",,1246,
http://ahgwm.gpplonert.dpdns.org,http://ahgwm.gpplonert.dpdns.org,200,诺清隅,nginx,text/html,24875,"Nginx,jQuery",,918,
http://uclmheo.fooiuoplik.dpdns.org,http://uclmheo.fooiuoplik.dpdns.org,200,孤网,nginx,text/html,28430,"Bootstrap,Nginx,jQuery",,734,
http://hfcolyw.soertubn.dpdns.org,http://hfcolyw.soertubn.dpdns.org,200,扬知阁,nginx,text/html,48341,"Nginx,jQuery",,1315,
http://tcburhnw.gpplonert.dpdns.org,http://tcburhnw.gpplonert.dpdns.org,200,晴光手记,nginx,text/html,24800,"Nginx,jQuery",,852,
http://ywbwiz.yasewanhg.dpdns.org,http://ywbwiz.yasewanhg.dpdns.org,200,浅书人间,nginx,text/html,47785,"Nginx,jQuery",,795,
http://bkbll.fooiuoplik.dpdns.org,http://bkbll.fooiuoplik.dpdns.org,200,叙简川,nginx,text/html,28232,"Bootstrap,Nginx,jQuery",,807,
http://pheud.weiyutiop.dpdns.org,http://pheud.weiyutiop.dpdns.org,200,浮生温笔,nginx,text/html,23374,Nginx,,828,
http://mwsxtsw.goodks.dpdns.org,http://mwsxtsw.goodks.dpdns.org,200,凌云禾,nginx,text/html,25504,"Nginx,jQuery",,845,
http://iwskrq.ftiop.dpdns.org,http://iwskrq.ftiop.dpdns.org,200,诺隅,nginx,text/html,34579,"Nginx,jQuery",,984,
http://aotnotvt.sheyedashe.dpdns.org,http://aotnotvt.sheyedashe.dpdns.org,200,念遥网,nginx,text/html,28749,"Nginx,jQuery",,945,
http://avzjzk.yasewanhg.dpdns.org,http://avzjzk.yasewanhg.dpdns.org,200,诺清隅,nginx,text/html,47815,"Nginx,jQuery",,888,
http://mcxnr.fooiuoplik.dpdns.org,http://mcxnr.fooiuoplik.dpdns.org,200,南凌川,nginx,text/html,28688,"Bootstrap,Nginx,jQuery",,945,
http://psfiwv.goodks.dpdns.org,http://psfiwv.goodks.dpdns.org,200,星亦川,nginx,text/html,26787,"Nginx,jQuery",,1016,
http://okhdqd.taiyangshen.dpdns.org,http://okhdqd.taiyangshen.dpdns.org,200,清南隅,nginx,text/html,30334,"Nginx,jQuery",,910,
http://kdhfqphs.sheyedashe.dpdns.org,http://kdhfqphs.sheyedashe.dpdns.org,200,亦景川,nginx,text/html,29539,"Nginx,jQuery",,1028,
http://sndbb.toopert.dpdns.org,http://sndbb.toopert.dpdns.org,200,青寻,nginx,text/html,16121,Nginx,,981,
http://gzznqka.wordres.dpdns.org,http://gzznqka.wordres.dpdns.org,200,星澜网,nginx,text/html,33106,"Nginx,WordPress,jQuery",,1006,
http://oklosgg.voopliuer.dpdns.org,http://oklosgg.voopliuer.dpdns.org,200,悟网,nginx,text/html,21398,Nginx,,1090,
http://lpopq.voopliuer.dpdns.org,http://lpopq.voopliuer.dpdns.org,200,清南隅,nginx,text/html,20685,Nginx,,946,
http://vbmdiufr.meitayouha.dpdns.org,http://vbmdiufr.meitayouha.dpdns.org,200,临泽珩,nginx,text/html,124351,Nginx,,1244,
http://hvlrtx.voopliux.dpdns.org,http://hvlrtx.voopliux.dpdns.org,200,安静自持,nginx,text/html,28676,"Nginx,jQuery",,1104,
http://hairfy.taiyangshen.dpdns.org,http://hairfy.taiyangshen.dpdns.org,200,星亦川,nginx,text/html,30191,"Nginx,jQuery",,917,
http://bihlzxf.voopliux.dpdns.org,http://bihlzxf.voopliux.dpdns.org,200,知寻,nginx,text/html,28503,"Nginx,jQuery",,1090,
http://lecmmr.duogongneng.dpdns.org,http://lecmmr.duogongneng.dpdns.org,200,生活解惑,nginx,text/html,30536,Nginx,,1054,
http://mxozwqky.soertubn.dpdns.org,http://mxozwqky.soertubn.dpdns.org,200,南珩,nginx,text/html,28921,"Nginx,jQuery",,1072,
http://apibadz.soertubn.dpdns.org,http://apibadz.soertubn.dpdns.org,200,星亦屿,nginx,text/html,31456,"Bootstrap,Nginx,jQuery",,1034,
http://vhbqrg.gpplonert.dpdns.org,http://vhbqrg.gpplonert.dpdns.org,200,南凌禾,nginx,text/html,23761,"Nginx,jQuery",,1098,
http://qnpnb.soertubn.dpdns.org,http://qnpnb.soertubn.dpdns.org,200,自我叙写,nginx,text/html,24161,"Bootstrap,Nginx",,1161,
http://wafpa.rtootsatpeg.dpdns.org,http://wafpa.rtootsatpeg.dpdns.org,200,景昭白,nginx,text/html,37281,"Nginx,jQuery",,1198,
http://ikizz.weiyutiop.dpdns.org,http://ikizz.weiyutiop.dpdns.org,200,温拥人间,nginx,text/html,21817,Nginx,,966,
http://zwfjkhzp.wordres.dpdns.org,http://zwfjkhzp.wordres.dpdns.org,200,叙简珩,nginx,text/html,33099,"Nginx,WordPress,jQuery",,889,
http://ncppuvrb.boolpfont.dpdns.org,http://ncppuvrb.boolpfont.dpdns.org,200,潇网,nginx,text/html,25341,Nginx,,942,
http://ccesysi.toopert.dpdns.org,http://ccesysi.toopert.dpdns.org,200,研思问答,nginx,text/html,16066,Nginx,,798,
http://qiyqbcr.wordres.dpdns.org,http://qiyqbcr.wordres.dpdns.org,200,临泽珩,nginx,text/html,32833,"Nginx,WordPress,jQuery",,940,
http://lgorxge.goodks.dpdns.org,http://lgorxge.goodks.dpdns.org,200,青辰川,nginx,text/html,34289,Nginx,,1568,
http://lchir.soertubn.dpdns.org,http://lchir.soertubn.dpdns.org,200,流年清欢记,nginx,text/html,70218,Nginx,,1408,
http://zjaqr.sheyedashe.dpdns.org,http://zjaqr.sheyedashe.dpdns.org,200,静拾温柔,nginx,text/html,28867,"Nginx,jQuery",,955,
http://lgkwl.meitayouha.dpdns.org,http://lgkwl.meitayouha.dpdns.org,200,诺清川,nginx,text/html,67209,"Bootstrap,Nginx,jQuery",,1271,
http://fppty.fooiuoplik.dpdns.org,http://fppty.fooiuoplik.dpdns.org,200,青辰白,nginx,text/html,28912,"Bootstrap,Nginx,jQuery",,789,
http://zuhqbx.soertubn.dpdns.org,http://zuhqbx.soertubn.dpdns.org,200,景昭屿,nginx,text/html,22988,Nginx,,870,
http://sshbe.weiyutiop.dpdns.org,http://sshbe.weiyutiop.dpdns.org,200,南川,nginx,text/html,23414,Nginx,,823,
http://mbbkyrn.lanshanhu.dpdns.org,http://mbbkyrn.lanshanhu.dpdns.org,200,星白,nginx,text/html,21425,"Nginx,jQuery",,868,
http://aodqxcec.meitayouha.dpdns.org,http://aodqxcec.meitayouha.dpdns.org,200,清醒温柔,nginx,text/html,28694,"Nginx,jQuery",,912,
http://wlwafuq.weiyutiop.dpdns.org,http://wlwafuq.weiyutiop.dpdns.org,200,衡寻珩,nginx,text/html,22922,Nginx,,885,
http://izlgvo.meitayouha.dpdns.org,http://izlgvo.meitayouha.dpdns.org,200,叙简川,nginx,text/html,27527,"Bootstrap,Nginx",,988,
http://wutrq.ftiop.dpdns.org,http://wutrq.ftiop.dpdns.org,200,众询解惑,nginx,text/html,33372,"Nginx,jQuery",,944,
http://xlytl.taiyangshen.dpdns.org,http://xlytl.taiyangshen.dpdns.org,200,青禾,nginx,text/html,30019,"Nginx,jQuery",,1007,
http://ndtez.lanshanhu.dpdns.org,http://ndtez.lanshanhu.dpdns.org,200,叙简白,nginx,text/html,21314,"Nginx,jQuery",,1085,
http://avasaw.rtootsatpeg.dpdns.org,http://avasaw.rtootsatpeg.dpdns.org,200,叙简白,nginx,text/html,37158,"Nginx,jQuery",,1151,
http://refknika.ftiop.dpdns.org,http://refknika.ftiop.dpdns.org,200,亦景川,nginx,text/html,34180,"Nginx,jQuery",,1080,
http://cizifplu.fopiloi.dpdns.org,http://cizifplu.fopiloi.dpdns.org,200,静记流年,nginx,text/html,21207,"Nginx,WordPress,jQuery",,1118,
http://cmmkldh.soertubn.dpdns.org,http://cmmkldh.soertubn.dpdns.org,200,答涧答疑,nginx,text/html,31038,"Bootstrap,Nginx,jQuery",,1206,
http://heuqfghs.voopliux.dpdns.org,http://heuqfghs.voopliux.dpdns.org,200,凌云白,nginx,text/html,29022,"Nginx,jQuery",,1303,
http://dscwwr.lanshanhu.dpdns.org,http://dscwwr.lanshanhu.dpdns.org,200,普惠解惑,nginx,text/html,21378,"Nginx,jQuery",,1214,
http://knxptoi.ftiop.dpdns.org,http://knxptoi.ftiop.dpdns.org,200,顾辨解惑,nginx,text/html,33877,"Nginx,jQuery",,1351,
http://niqds.lanshanhu.dpdns.org,http://niqds.lanshanhu.dpdns.org,200,凌云川,nginx,text/html,21100,"Nginx,jQuery",,1204,
http://uyypnfgf.lanshanhu.dpdns.org,http://uyypnfgf.lanshanhu.dpdns.org,200,问析答疑,nginx,text/html,20590,"Nginx,jQuery",,1231,
http://qcejtp.wordres.dpdns.org,http://qcejtp.wordres.dpdns.org,200,亦叙隅,nginx,text/html,32708,"Nginx,WordPress,jQuery",,1147,
http://nvwqvguk.taiyangshen.dpdns.org,http://nvwqvguk.taiyangshen.dpdns.org,200,弘理解惑,nginx,text/html,30630,"Nginx,jQuery",,1259,
http://uvesqmb.fopiloi.dpdns.org,http://uvesqmb.fopiloi.dpdns.org,200,南凌屿,nginx,text/html,21860,"Nginx,WordPress,jQuery",,1106,
http://wwnxy.yasewanhg.dpdns.org,http://wwnxy.yasewanhg.dpdns.org,200,晚风日记本,nginx,text/html,47100,"Nginx,jQuery",,1149,
http://ntsrbdeu.duogongneng.dpdns.org,http://ntsrbdeu.duogongneng.dpdns.org,200,轩网,nginx,text/html,30675,Nginx,,1276,
http://sguewe.wordres.dpdns.org,http://sguewe.wordres.dpdns.org,200,星珩,nginx,text/html,32749,"Nginx,WordPress,jQuery",,910,
http://xyigvitb.taiyangshen.dpdns.org,http://xyigvitb.taiyangshen.dpdns.org,200,临屿,nginx,text/html,30214,"Nginx,jQuery",,1012,
http://jqvzlvej.voopliuer.dpdns.org,http://jqvzlvej.voopliuer.dpdns.org,200,泉网,nginx,text/html,20913,Nginx,,1138,
http://ewisz.fooiuoplik.dpdns.org,http://ewisz.fooiuoplik.dpdns.org,200,叙简白,nginx,text/html,29051,"Bootstrap,Nginx,jQuery",,1142,
http://hrfzjbzx.yasewanhg.dpdns.org,http://hrfzjbzx.yasewanhg.dpdns.org,200,岁月慢行随笔,nginx,text/html,47994,"Nginx,jQuery",,1193,
http://eocdahdq.soertubn.dpdns.org,http://eocdahdq.soertubn.dpdns.org,200,诺川,nginx,text/html,26121,"Nginx,jQuery",,1179,
http://bpywf.weiyutiop.dpdns.org,http://bpywf.weiyutiop.dpdns.org,200,叙简川,nginx,text/html,23202,Nginx,,1045,
http://ofgnxg.rtootsatpeg.dpdns.org,http://ofgnxg.rtootsatpeg.dpdns.org,200,星亦禾,nginx,text/html,36988,"Nginx,jQuery",,1300,
http://zwaxrbjv.fooiuoplik.dpdns.org,http://zwaxrbjv.fooiuoplik.dpdns.org,200,诺清禾,nginx,text/html,28385,"Bootstrap,Nginx,jQuery",,978,
http://pqiqqvp.weiyutiop.dpdns.org,http://pqiqqvp.weiyutiop.dpdns.org,200,叙简白,nginx,text/html,23665,Nginx,,942,
http://ctialzlc.goodks.dpdns.org,http://ctialzlc.goodks.dpdns.org,200,秒懂解惑,nginx,text/html,23829,"Bootstrap,Nginx",,943,
http://fwnbctnq.wordres.dpdns.org,http://fwnbctnq.wordres.dpdns.org,200,清南屿,nginx,text/html,33236,"Nginx,WordPress,jQuery",,907,
http://qnjhpre.lanshanhu.dpdns.org,http://qnjhpre.lanshanhu.dpdns.org,200,悟网,nginx,text/html,21513,"Nginx,jQuery",,900,
http://jmpdyhx.gpplonert.dpdns.org,http://jmpdyhx.gpplonert.dpdns.org,200,简约纪事,nginx,text/html,25079,"Nginx,jQuery",,1223,
http://wlznqaku.fooiuoplik.dpdns.org,http://wlznqaku.fooiuoplik.dpdns.org,200,景昭白,nginx,text/html,28971,"Bootstrap,Nginx,jQuery",,748,
http://nawhvk.sheyedashe.dpdns.org,http://nawhvk.sheyedashe.dpdns.org,200,凌云川,nginx,text/html,29086,"Nginx,jQuery",,816,
http://ymonnp.lanshanhu.dpdns.org,http://ymonnp.lanshanhu.dpdns.org,200,清静岁月,nginx,text/html,21487,"Nginx,jQuery",,838,
http://ezaczfmk.lanshanhu.dpdns.org,http://ezaczfmk.lanshanhu.dpdns.org,200,求真解惑,nginx,text/html,21421,"Nginx,jQuery",,804,
http://koscalv.taiyangshen.dpdns.org,http://koscalv.taiyangshen.dpdns.org,200,汇总解惑,nginx,text/html,30100,"Nginx,jQuery",,817,
http://tfmxayz.taiyangshen.dpdns.org,http://tfmxayz.taiyangshen.dpdns.org,200,青辰珩,nginx,text/html,30544,"Nginx,jQuery",,815,
http://pbeqmzt.wordres.dpdns.org,http://pbeqmzt.wordres.dpdns.org,200,执网,nginx,text/html,32955,"Nginx,WordPress,jQuery",,869,
http://nagfc.toopert.dpdns.org,http://nagfc.toopert.dpdns.org,200,星屿,nginx,text/html,16146,Nginx,,854,
http://qyspxvp.ftiop.dpdns.org,http://qyspxvp.ftiop.dpdns.org,200,简约流年,nginx,text/html,34287,"Nginx,jQuery",,899,
http://nxhrhx.voopliux.dpdns.org,http://nxhrhx.voopliux.dpdns.org,200,诺清禾,nginx,text/html,28642,"Nginx,jQuery",,936,
http://kjxssumg.taiyangshen.dpdns.org,http://kjxssumg.taiyangshen.dpdns.org,200,诺珩,nginx,text/html,30474,"Nginx,jQuery",,953,
http://svgcabc.voopliux.dpdns.org,http://svgcabc.voopliux.dpdns.org,200,复辨解惑,nginx,text/html,28756,"Nginx,jQuery",,1018,
http://jbuee.sheyedashe.dpdns.org,http://jbuee.sheyedashe.dpdns.org,200,问隐答疑,nginx,text/html,28413,"Nginx,jQuery",,1007,
http://jnwvfcfq.yasewanhg.dpdns.org,http://jnwvfcfq.yasewanhg.dpdns.org,200,送网,nginx,text/html,47596,"Nginx,jQuery",,959,
http://yxylejg.soertubn.dpdns.org,http://yxylejg.soertubn.dpdns.org,200,桃网,nginx,text/html,21949,"Bootstrap,Nginx,jQuery",,915,
http://puwmhue.boolpfont.dpdns.org,http://puwmhue.boolpfont.dpdns.org,200,桃笺网,nginx,text/html,29689,"Bootstrap,Nginx,jQuery",,915,
http://ioascaz.taiyangshen.dpdns.org,http://ioascaz.taiyangshen.dpdns.org,200,亦景屿,nginx,text/html,30065,"Nginx,jQuery",,1003,
http://juxzg.yasewanhg.dpdns.org,http://juxzg.yasewanhg.dpdns.org,200,慢藏烟火,nginx,text/html,47428,"Nginx,jQuery",,1068,
http://aikbe.wordres.dpdns.org,http://aikbe.wordres.dpdns.org,200,基判解惑,nginx,text/html,32609,"Nginx,WordPress,jQuery",,982,
http://nksti.yasewanhg.dpdns.org,http://nksti.yasewanhg.dpdns.org,200,临泽舟,nginx,text/html,47549,"Nginx,jQuery",,956,
http://prbbt.toopert.dpdns.org,http://prbbt.toopert.dpdns.org,200,思解,nginx,text/html,16123,Nginx,,881,
http://ycirkoh.voopliuer.dpdns.org,http://ycirkoh.voopliuer.dpdns.org,200,景白,nginx,text/html,21363,Nginx,,971,
http://ohcgpjfz.duogongneng.dpdns.org,http://ohcgpjfz.duogongneng.dpdns.org,200,景昭珩,nginx,text/html,30725,Nginx,,886,
http://qqwaqq.boolpfont.dpdns.org,http://qqwaqq.boolpfont.dpdns.org,200,景白,nginx,text/html,26134,"Nginx,jQuery",,997,
http://drqlp.voopliuer.dpdns.org,http://drqlp.voopliuer.dpdns.org,200,知寻,nginx,text/html,20704,Nginx,,988,
http://ikbvf.weiyutiop.dpdns.org,http://ikbvf.weiyutiop.dpdns.org,200,简隅,nginx,text/html,23608,Nginx,,968,
http://gspvmwrl.fooiuoplik.dpdns.org,http://gspvmwrl.fooiuoplik.dpdns.org,200,临泽珩,nginx,text/html,28786,"Bootstrap,Nginx,jQuery",,913,
http://kqiag.gpplonert.dpdns.org,http://kqiag.gpplonert.dpdns.org,200,景珩,nginx,text/html,24681,"Nginx,jQuery",,1123,
http://acupbfb.gpplonert.dpdns.org,http://acupbfb.gpplonert.dpdns.org,200,安静时光,nginx,text/html,24040,"Nginx,jQuery",,1078,
http://vgefdd.voopliuer.dpdns.org,http://vgefdd.voopliuer.dpdns.org,200,南凌禾,nginx,text/html,20422,Nginx,,818,
http://nfdap.soertubn.dpdns.org,http://nfdap.soertubn.dpdns.org,200,问穆,nginx,text/html,33488,"Nginx,jQuery",,900,
http://zennic.wordres.dpdns.org,http://zennic.wordres.dpdns.org,200,临珩,nginx,text/html,32959,"Nginx,WordPress,jQuery",,845,
http://nvzhd.voopliux.dpdns.org,http://nvzhd.voopliux.dpdns.org,200,问廓库,nginx,text/html,28614,"Nginx,jQuery",,891,
http://notxpo.gpplonert.dpdns.org,http://notxpo.gpplonert.dpdns.org,200,青珩,nginx,text/html,24123,"Nginx,jQuery",,897,
http://byqirvbe.soertubn.dpdns.org,http://byqirvbe.soertubn.dpdns.org,200,闲写时光,nginx,text/html,49746,"Nginx,jQuery",,980,
http://mdqusdm.meitayouha.dpdns.org,http://mdqusdm.meitayouha.dpdns.org,200,临泽舟,nginx,text/html,25602,"Bootstrap,Nginx",,935,
http://frkbw.toopert.dpdns.org,http://frkbw.toopert.dpdns.org,200,览网,nginx,text/html,16485,Nginx,,894,
http://rvfryg.lanshanhu.dpdns.org,http://rvfryg.lanshanhu.dpdns.org,200,南凌禾,nginx,text/html,21271,"Nginx,jQuery",,865,
http://cwpflw.wordres.dpdns.org,http://cwpflw.wordres.dpdns.org,200,凌云白,nginx,text/html,33294,"Nginx,WordPress,jQuery",,950,
http://veiunec.wordres.dpdns.org,http://veiunec.wordres.dpdns.org,200,青辰珩,nginx,text/html,33274,"Nginx,WordPress,jQuery",,899,
http://umqyfv.fooiuoplik.dpdns.org,http://umqyfv.fooiuoplik.dpdns.org,200,览网,nginx,text/html,28619,"Bootstrap,Nginx,jQuery",,860,
http://td.taiyangshen.dpdns.org,http://td.taiyangshen.dpdns.org,200,叙简白,nginx,text/html,29549,"Nginx,jQuery",,617,
http://fzneg.sheyedashe.dpdns.org,http://fzneg.sheyedashe.dpdns.org,200,凌云白,nginx,text/html,28938,"Nginx,jQuery",,981,
http://oqiuhr.duogongneng.dpdns.org,http://oqiuhr.duogongneng.dpdns.org,200,凌云禾,nginx,text/html,30697,Nginx,,917,
http://kwvqiw.rtootsatpeg.dpdns.org,http://kwvqiw.rtootsatpeg.dpdns.org,200,聚询解惑,nginx,text/html,37346,"Nginx,jQuery",,1042,
http://jxqes.yasewanhg.dpdns.org,http://jxqes.yasewanhg.dpdns.org,200,景昭白,nginx,text/html,47983,"Nginx,jQuery",,1011,
http://smugluy.goodks.dpdns.org,http://smugluy.goodks.dpdns.org,200,万物答疑,nginx,text/html,21387,"Nginx,jQuery",,1059,
http://itbis.lanshanhu.dpdns.org,http://itbis.lanshanhu.dpdns.org,200,诺清川,nginx,text/html,21128,"Nginx,jQuery",,2135,
http://tfotafj.fooiuoplik.dpdns.org,http://tfotafj.fooiuoplik.dpdns.org,200,亦景屿,nginx,text/html,28567,"Bootstrap,Nginx,jQuery",,1004,
http://lojkjacx.wordres.dpdns.org,http://lojkjacx.wordres.dpdns.org,200,南凌川,nginx,text/html,33142,"Nginx,WordPress,jQuery",,1112,
http://wyrzi.yasewanhg.dpdns.org,http://wyrzi.yasewanhg.dpdns.org,200,静书晚风,nginx,text/html,47235,"Nginx,jQuery",,1087,
http://ahopk.fooiuoplik.dpdns.org,http://ahopk.fooiuoplik.dpdns.org,200,叙简川,nginx,text/html,28957,"Bootstrap,Nginx,jQuery",,1029,
http://ajstmqx.soertubn.dpdns.org,http://ajstmqx.soertubn.dpdns.org,200,南凌屿,nginx,text/html,23449,"Bootstrap,Nginx",,1285,
http://tebpojn.sheyedashe.dpdns.org,http://tebpojn.sheyedashe.dpdns.org,200,慢热纪事,nginx,text/html,28968,"Nginx,jQuery",,1056,
http://srsagj.rtootsatpeg.dpdns.org,http://srsagj.rtootsatpeg.dpdns.org,200,昭青舟,nginx,text/html,37795,"Nginx,jQuery",,1301,
http://uywlto.duogongneng.dpdns.org,http://uywlto.duogongneng.dpdns.org,200,人间絮语集,nginx,text/html,30777,Nginx,,988,
http://hwulotb.ftiop.dpdns.org,http://hwulotb.ftiop.dpdns.org,200,街网,nginx,text/html,33902,"Nginx,jQuery",,1217,
http://nmfms.weiyutiop.dpdns.org,http://nmfms.weiyutiop.dpdns.org,200,临泽屿,nginx,text/html,23740,Nginx,,1176,
http://asvvvk.duogongneng.dpdns.org,http://asvvvk.duogongneng.dpdns.org,200,叙简川,nginx,text/html,30420,Nginx,,1025,
http://udazyjc.soertubn.dpdns.org,http://udazyjc.soertubn.dpdns.org,200,青辰白,nginx,text/html,23561,Nginx,,1428,
http://mytaogvt.lanshanhu.dpdns.org,http://mytaogvt.lanshanhu.dpdns.org,200,知渺问答,nginx,text/html,21577,"Nginx,jQuery",,1011,
http://uuzuk.voopliuer.dpdns.org,http://uuzuk.voopliuer.dpdns.org,200,慢记心事,nginx,text/html,20761,Nginx,,1169,
http://vkgtrm.soertubn.dpdns.org,http://vkgtrm.soertubn.dpdns.org,200,知玄问答,nginx,text/html,28261,"Bootstrap,Nginx",,1074,
http://xhpardp.toopert.dpdns.org,http://xhpardp.toopert.dpdns.org,200,随心而叙,nginx,text/html,16069,Nginx,,788,
http://ugtfken.sheyedashe.dpdns.org,http://ugtfken.sheyedashe.dpdns.org,200,叙简川,nginx,text/html,28743,"Nginx,jQuery",,905,
http://cbkevfoc.duogongneng.dpdns.org,http://cbkevfoc.duogongneng.dpdns.org,200,泽知隅,nginx,text/html,30493,Nginx,,897,
http://rnjmv.goodks.dpdns.org,http://rnjmv.goodks.dpdns.org,200,儒雅解惑,nginx,text/html,32233,"Bootstrap,Nginx,jQuery",,829,
http://vtbbjj.sheyedashe.dpdns.org,http://vtbbjj.sheyedashe.dpdns.org,200,青辰白,nginx,text/html,28721,"Nginx,jQuery",,855,
http://xtlrdle.fopiloi.dpdns.org,http://xtlrdle.fopiloi.dpdns.org,200,星亦川,nginx,text/html,21542,"Nginx,WordPress,jQuery",,815,
http://oqchaqn.lanshanhu.dpdns.org,http://oqchaqn.lanshanhu.dpdns.org,200,苞网,nginx,text/html,20920,"Nginx,jQuery",,810,
http://qixauy.wordres.dpdns.org,http://qixauy.wordres.dpdns.org,200,青辰珩,nginx,text/html,33447,"Nginx,WordPress,jQuery",,830,
http://clyiji.soertubn.dpdns.org,http://clyiji.soertubn.dpdns.org,200,亦景白,nginx,text/html,33838,Nginx,,1688,
http://qrzuemhh.weiyutiop.dpdns.org,http://qrzuemhh.weiyutiop.dpdns.org,200,临川,nginx,text/html,23113,Nginx,,827,
http://pbbhr.ftiop.dpdns.org,http://pbbhr.ftiop.dpdns.org,200,人间清欢录,nginx,text/html,33929,"Nginx,jQuery",,926,
http://ghfievm.soertubn.dpdns.org,http://ghfievm.soertubn.dpdns.org,200,景禾,nginx,text/html,30539,Nginx,,851,
http://gpkjedcw.taiyangshen.dpdns.org,http://gpkjedcw.taiyangshen.dpdns.org,200,风日自渡随笔,nginx,text/html,30708,"Nginx,jQuery",,752,
http://bizog.soertubn.dpdns.org,http://bizog.soertubn.dpdns.org,200,诺清禾,nginx,text/html,27395,"Bootstrap,Nginx,jQuery",,934,
http://zwudgw.voopliux.dpdns.org,http://zwudgw.voopliux.dpdns.org,200,凌云白,nginx,text/html,28904,"Nginx,jQuery",,944,
http://rhwec.taiyangshen.dpdns.org,http://rhwec.taiyangshen.dpdns.org,200,南凌屿,nginx,text/html,30084,"Nginx,jQuery",,1020,
http://lkahw.toopert.dpdns.org,http://lkahw.toopert.dpdns.org,200,浮生温笔,nginx,text/html,16005,Nginx,,1201,
http://kqyph.meitayouha.dpdns.org,http://kqyph.meitayouha.dpdns.org,200,亦景白,nginx,text/html,28744,"Nginx,jQuery",,1204,
http://zutcknfz.meitayouha.dpdns.org,http://zutcknfz.meitayouha.dpdns.org,200,疏诺珩,nginx,text/html,19932,"Bootstrap,Nginx",,1276,
http://scoovgh.fopiloi.dpdns.org,http://scoovgh.fopiloi.dpdns.org,200,诺清禾,nginx,text/html,21443,"Nginx,WordPress,jQuery",,1095,
http://aavcmve.boolpfont.dpdns.org,http://aavcmve.boolpfont.dpdns.org,200,山河温柔叙,nginx,text/html,27462,"Bootstrap,Nginx,jQuery",,1338,
http://xzlqrguv.fooiuoplik.dpdns.org,http://xzlqrguv.fooiuoplik.dpdns.org,200,独处自持,nginx,text/html,29071,"Bootstrap,Nginx,jQuery",,1183,
http://wpsxnifw.toopert.dpdns.org,http://wpsxnifw.toopert.dpdns.org,200,青衡禾,nginx,text/html,16387,Nginx,,1268,
http://bytni.weiyutiop.dpdns.org,http://bytni.weiyutiop.dpdns.org,200,叙简川,nginx,text/html,22573,Nginx,,1195,
http://rcupkpoa.rtootsatpeg.dpdns.org,http://rcupkpoa.rtootsatpeg.dpdns.org,200,青辰川,nginx,text/html,37448,"Nginx,jQuery",,1330,
http://fpfzt.voopliuer.dpdns.org,http://fpfzt.voopliuer.dpdns.org,200,答毫解惑,nginx,text/html,20687,Nginx,,1269,
http://vsxdd.yasewanhg.dpdns.org,http://vsxdd.yasewanhg.dpdns.org,200,安瑜网,nginx,text/html,47984,"Nginx,jQuery",,1272,
http://whqbliyi.boolpfont.dpdns.org,http://whqbliyi.boolpfont.dpdns.org,200,叙简川,nginx,text/html,21157,Nginx,,1337,
http://wxtrd.gpplonert.dpdns.org,http://wxtrd.gpplonert.dpdns.org,200,沐隅,nginx,text/html,24584,"Nginx,jQuery",,1404,
http://hugrobz.rtootsatpeg.dpdns.org,http://hugrobz.rtootsatpeg.dpdns.org,200,凌云白,nginx,text/html,37519,"Nginx,jQuery",,1351,
http://niyszuqq.lanshanhu.dpdns.org,http://niyszuqq.lanshanhu.dpdns.org,200,山水温柔集,nginx,text/html,21404,"Nginx,jQuery",,1274,
http://dploh.weiyutiop.dpdns.org,http://dploh.weiyutiop.dpdns.org,200,观山随笔,nginx,text/html,23025,Nginx,,1157,
http://krdninkn.lanshanhu.dpdns.org,http://krdninkn.lanshanhu.dpdns.org,200,清醒温柔,nginx,text/html,21736,"Nginx,jQuery",,1168,
http://lzdoxphd.weiyutiop.dpdns.org,http://lzdoxphd.weiyutiop.dpdns.org,200,叙简珩,nginx,text/html,23867,Nginx,,1335,
http://ilktwsfx.gpplonert.dpdns.org,http://ilktwsfx.gpplonert.dpdns.org,200,寻光问答,nginx,text/html,24414,"Nginx,jQuery",,1442,
http://orfcpt.goodks.dpdns.org,http://orfcpt.goodks.dpdns.org,200,临泽舟,nginx,text/html,19074,"Nginx,jQuery",,1204,
http://bfkjv.duogongneng.dpdns.org,http://bfkjv.duogongneng.dpdns.org,200,槐序网,nginx,text/html,30585,Nginx,,1175,
http://ejewgyj.gpplonert.dpdns.org,http://ejewgyj.gpplonert.dpdns.org,200,星亦屿,nginx,text/html,24131,"Nginx,jQuery",,1384,
http://abglnpgf.ftiop.dpdns.org,http://abglnpgf.ftiop.dpdns.org,200,知屿,nginx,text/html,34952,"Nginx,jQuery",,1333,
http://ifwcqovy.taiyangshen.dpdns.org,http://ifwcqovy.taiyangshen.dpdns.org,200,沐寻,nginx,text/html,30520,"Nginx,jQuery",,1238,
http://hituk.gpplonert.dpdns.org,http://hituk.gpplonert.dpdns.org,200,临泽珩,nginx,text/html,24689,"Nginx,jQuery",,1164,
http://asusfu.sheyedashe.dpdns.org,http://asusfu.sheyedashe.dpdns.org,200,闲叙山河,nginx,text/html,28914,"Nginx,jQuery",,1083,
http://fpidioe.duogongneng.dpdns.org,http://fpidioe.duogongneng.dpdns.org,200,览断解惑,nginx,text/html,29689,Nginx,,873,
http://etcmses.goodks.dpdns.org,http://etcmses.goodks.dpdns.org,200,凌云川,nginx,text/html,26130,"Nginx,jQuery",,908,
http://ktdobbl.meitayouha.dpdns.org,http://ktdobbl.meitayouha.dpdns.org,200,答析阁,nginx,text/html,27266,"Bootstrap,Nginx",,889,
http://zadrj.weiyutiop.dpdns.org,http://zadrj.weiyutiop.dpdns.org,200,星亦屿,nginx,text/html,23350,Nginx,,607,
http://pmnoguxe.toopert.dpdns.org,http://pmnoguxe.toopert.dpdns.org,200,星亦川,nginx,text/html,16139,Nginx,,837,
http://bcrrli.meitayouha.dpdns.org,http://bcrrli.meitayouha.dpdns.org,200,昭青隅,nginx,text/html,30598,"Bootstrap,Nginx,jQuery",,814,
http://sfdesgm.fopiloi.dpdns.org,http://sfdesgm.fopiloi.dpdns.org,200,诺清川,nginx,text/html,21124,"Nginx,WordPress,jQuery",,807,
http://rbpheok.duogongneng.dpdns.org,http://rbpheok.duogongneng.dpdns.org,200,青辰白,nginx,text/html,30311,Nginx,,842,
http://uksibyx.boolpfont.dpdns.org,http://uksibyx.boolpfont.dpdns.org,200,浮生叙写,nginx,text/html,29545,"Bootstrap,Nginx",,899,
http://cmyfhgpm.voopliuer.dpdns.org,http://cmyfhgpm.voopliuer.dpdns.org,200,慢度光阴,nginx,text/html,21274,Nginx,,882,
http://ad.lanshanhu.dpdns.org,http://ad.lanshanhu.dpdns.org,200,辰简珩,nginx,text/html,21283,"Nginx,jQuery",,911,
http://yblkqy.sheyedashe.dpdns.org,http://yblkqy.sheyedashe.dpdns.org,200,安渡岁月,nginx,text/html,28198,"Nginx,jQuery",,889,
http://mccadvtm.yasewanhg.dpdns.org,http://mccadvtm.yasewanhg.dpdns.org,200,问曜,nginx,text/html,47912,"Nginx,jQuery",,873,
http://nyzcpknr.toopert.dpdns.org,http://nyzcpknr.toopert.dpdns.org,200,秒答解惑,nginx,text/html,16304,Nginx,,802,
http://vadfv.taiyangshen.dpdns.org,http://vadfv.taiyangshen.dpdns.org,200,凌云禾,nginx,text/html,30296,"Nginx,jQuery",,822,
http://ncrjc.boolpfont.dpdns.org,http://ncrjc.boolpfont.dpdns.org,200,安静人间,nginx,text/html,21843,"Nginx,jQuery",,873,
http://rsvvhz.boolpfont.dpdns.org,http://rsvvhz.boolpfont.dpdns.org,200,临泽屿,nginx,text/html,49763,"Nginx,jQuery",,1590,
http://vhqprqhv.voopliux.dpdns.org,http://vhqprqhv.voopliux.dpdns.org,200,明临,nginx,text/html,28831,"Nginx,jQuery",,914,
http://ptvogwe.fooiuoplik.dpdns.org,http://ptvogwe.fooiuoplik.dpdns.org,200,临禾,nginx,text/html,28238,"Bootstrap,Nginx,jQuery",,853,
http://rvpdw.toopert.dpdns.org,http://rvpdw.toopert.dpdns.org,200,凌云川,nginx,text/html,16038,Nginx,,840,
http://lnyzj.fopiloi.dpdns.org,http://lnyzj.fopiloi.dpdns.org,200,南凌川,nginx,text/html,21116,"Nginx,WordPress,jQuery",,858,
http://riwxr.weiyutiop.dpdns.org,http://riwxr.weiyutiop.dpdns.org,200,温风小记,nginx,text/html,23049,Nginx,,945,
http://yuyogiuc.ftiop.dpdns.org,http://yuyogiuc.ftiop.dpdns.org,200,阅理解惑,nginx,text/html,33990,"Nginx,jQuery",,919,
http://gntdl.soertubn.dpdns.org,http://gntdl.soertubn.dpdns.org,200,星亦屿,nginx,text/html,22170,"Nginx,WordPress,jQuery",,866,
http://vcxrds.soertubn.dpdns.org,http://vcxrds.soertubn.dpdns.org,200,元理解惑,nginx,text/html,20995,Nginx,,838,
http://drjdp.soertubn.dpdns.org,http://drjdp.soertubn.dpdns.org,200,景昭珩,nginx,text/html,29461,"Bootstrap,Nginx,jQuery",,854,
http://mdfiroy.ftiop.dpdns.org,http://mdfiroy.ftiop.dpdns.org,200,青辰珩,nginx,text/html,32969,"Nginx,jQuery",,974,
http://xjpah.gpplonert.dpdns.org,http://xjpah.gpplonert.dpdns.org,200,无网,nginx,text/html,24465,"Nginx,jQuery",,1017,
http://dmkyded.ftiop.dpdns.org,http://dmkyded.ftiop.dpdns.org,200,日常温柔集,nginx,text/html,34228,"Nginx,jQuery",,982,
http://aqcpuob.rtootsatpeg.dpdns.org,http://aqcpuob.rtootsatpeg.dpdns.org,200,亦景白,nginx,text/html,37385,"Nginx,jQuery",,997,
http://qjrpe.ftiop.dpdns.org,http://qjrpe.ftiop.dpdns.org,200,青辰川,nginx,text/html,32807,"Nginx,jQuery",,870,
http://wpgdc.boolpfont.dpdns.org,http://wpgdc.boolpfont.dpdns.org,200,青辰白,nginx,text/html,30581,"Bootstrap,Nginx,jQuery",,835,
http://qlutwugy.soertubn.dpdns.org,http://qlutwugy.soertubn.dpdns.org,200,拾光网,nginx,text/html,47246,"Nginx,jQuery",,1144,
http://vuzfaqp.fooiuoplik.dpdns.org,http://vuzfaqp.fooiuoplik.dpdns.org,200,个人流年叙写,nginx,text/html,29164,"Bootstrap,Nginx,jQuery",,795,
http://whxboj.weiyutiop.dpdns.org,http://whxboj.weiyutiop.dpdns.org,200,清简时光,nginx,text/html,23353,Nginx,,849,
http://mzmgqcg.weiyutiop.dpdns.org,http://mzmgqcg.weiyutiop.dpdns.org,200,畅辨解惑,nginx,text/html,23212,Nginx,,843,
http://mthrlrnk.toopert.dpdns.org,http://mthrlrnk.toopert.dpdns.org,200,敦网,nginx,text/html,16151,Nginx,,802,
http://aiadv.gpplonert.dpdns.org,http://aiadv.gpplonert.dpdns.org,200,释网,nginx,text/html,24633,"Nginx,jQuery",,908,
http://fdzer.fopiloi.dpdns.org,http://fdzer.fopiloi.dpdns.org,200,临禾,nginx,text/html,21352,"Nginx,WordPress,jQuery",,819,
http://rmogrzt.rtootsatpeg.dpdns.org,http://rmogrzt.rtootsatpeg.dpdns.org,200,览辨解惑,nginx,text/html,37766,"Nginx,jQuery",,998,
http://mgmwu.weiyutiop.dpdns.org,http://mgmwu.weiyutiop.dpdns.org,200,诺清禾,nginx,text/html,23242,Nginx,,1995,
http://gaeqo.taiyangshen.dpdns.org,http://gaeqo.taiyangshen.dpdns.org,200,景昭屿,nginx,text/html,29954,"Nginx,jQuery",,880,
http://zfehjgi.lanshanhu.dpdns.org,http://zfehjgi.lanshanhu.dpdns.org,200,山野情书,nginx,text/html,21549,"Nginx,jQuery",,959,
http://brtax.soertubn.dpdns.org,http://brtax.soertubn.dpdns.org,200,鉴断解惑,nginx,text/html,22186,"Bootstrap,Nginx",,1102,
http://xdjywjyz.meitayouha.dpdns.org,http://xdjywjyz.meitayouha.dpdns.org,200,诺清禾,nginx,text/html,21795,"Nginx,jQuery",,1058,
http://jwdlxlx.gpplonert.dpdns.org,http://jwdlxlx.gpplonert.dpdns.org,200,温叙山河,nginx,text/html,24910,"Nginx,jQuery",,982,
http://teftt.weiyutiop.dpdns.org,http://teftt.weiyutiop.dpdns.org,200,安静自持,nginx,text/html,22845,Nginx,,939,
http://nzvalxxs.voopliux.dpdns.org,http://nzvalxxs.voopliux.dpdns.org,200,轻藏流年,nginx,text/html,29074,"Nginx,jQuery",,968,
http://nyzgd.fooiuoplik.dpdns.org,http://nyzgd.fooiuoplik.dpdns.org,200,诺清川,nginx,text/html,28687,"Bootstrap,Nginx,jQuery",,885,
http://vbrsmgc.fooiuoplik.dpdns.org,http://vbrsmgc.fooiuoplik.dpdns.org,200,糕网,nginx,text/html,28803,"Bootstrap,Nginx,jQuery",,899,
http://mnrcne.voopliuer.dpdns.org,http://mnrcne.voopliuer.dpdns.org,200,沐隅,nginx,text/html,20733,Nginx,,1547,
http://pbmom.weiyutiop.dpdns.org,http://pbmom.weiyutiop.dpdns.org,200,扬知解惑,nginx,text/html,23573,Nginx,,834,
http://ccaqsfqw.boolpfont.dpdns.org,http://ccaqsfqw.boolpfont.dpdns.org,200,闲写岁月,nginx,text/html,124546,Nginx,,1316,
http://gxfed.voopliuer.dpdns.org,http://gxfed.voopliuer.dpdns.org,200,原网,nginx,text/html,20706,Nginx,,829,
http://sifrd.toopert.dpdns.org,http://sifrd.toopert.dpdns.org,200,星亦屿,nginx,text/html,16132,Nginx,,768,
http://rekxy.ftiop.dpdns.org,http://rekxy.ftiop.dpdns.org,200,诺白,nginx,text/html,33979,"Nginx,jQuery",,1117,
http://znphvhn.toopert.dpdns.org,http://znphvhn.toopert.dpdns.org,200,闲答枢,nginx,text/html,16116,Nginx,,870,
http://sotekb.boolpfont.dpdns.org,http://sotekb.boolpfont.dpdns.org,200,内辨解惑,nginx,text/html,33210,"Nginx,jQuery",,856,
http://iesnqdln.taiyangshen.dpdns.org,http://iesnqdln.taiyangshen.dpdns.org,200,清南隅,nginx,text/html,30334,"Nginx,jQuery",,1527,
http://rnarafap.voopliuer.dpdns.org,http://rnarafap.voopliuer.dpdns.org,200,星月温柔札,nginx,text/html,19737,Nginx,,1552,
http://bmvkkxqk.fopiloi.dpdns.org,http://bmvkkxqk.fopiloi.dpdns.org,200,青辰珩,nginx,text/html,21871,"Nginx,WordPress,jQuery",,775,
http://lujrbf.goodks.dpdns.org,http://lujrbf.goodks.dpdns.org,200,清南屿,nginx,text/html,33680,Nginx,,1291,
http://cdtpd.sheyedashe.dpdns.org,http://cdtpd.sheyedashe.dpdns.org,200,诺清川,nginx,text/html,29283,"Nginx,jQuery",,1899,
http://mynnn.soertubn.dpdns.org,http://mynnn.soertubn.dpdns.org,200,景昭珩,nginx,text/html,29308,"Nginx,jQuery",,891,
http://immtzl.boolpfont.dpdns.org,http://immtzl.boolpfont.dpdns.org,200,诺清禾,nginx,text/html,28992,"Nginx,jQuery",,921,
http://sjcfj.yasewanhg.dpdns.org,http://sjcfj.yasewanhg.dpdns.org,200,闲叙山河,nginx,text/html,46724,"Nginx,jQuery",,1518,
http://whqax.voopliux.dpdns.org,http://whqax.voopliux.dpdns.org,200,凌云白,nginx,text/html,28527,"Nginx,jQuery",,1563,
http://dkbiku.soertubn.dpdns.org,http://dkbiku.soertubn.dpdns.org,200,临泽屿,nginx,text/html,37635,"Nginx,jQuery",,1983,
http://xjuawv.boolpfont.dpdns.org,http://xjuawv.boolpfont.dpdns.org,200,亦景川,nginx,text/html,43280,Nginx,,832,
http://tnaxs.boolpfont.dpdns.org,http://tnaxs.boolpfont.dpdns.org,200,景昭珩,nginx,text/html,48920,"Nginx,jQuery",,1033,
http://pwzmkx.soertubn.dpdns.org,http://pwzmkx.soertubn.dpdns.org,200,青辰川,nginx,text/html,42911,Nginx,,888,
http://srdzs.voopliux.dpdns.org,http://srdzs.voopliux.dpdns.org,200,窗网,nginx,text/html,28581,"Nginx,jQuery",,876,
http://svabo.voopliux.dpdns.org,http://svabo.voopliux.dpdns.org,200,景昭屿,nginx,text/html,28290,"Nginx,jQuery",,913,
http://vouevaxz.soertubn.dpdns.org,http://vouevaxz.soertubn.dpdns.org,200,星亦屿,nginx,text/html,35768,"Nginx,jQuery",,862,
http://cenrr.sheyedashe.dpdns.org,http://cenrr.sheyedashe.dpdns.org,200,星亦禾,nginx,text/html,28242,"Nginx,jQuery",,914,
http://ggrjq.meitayouha.dpdns.org,http://ggrjq.meitayouha.dpdns.org,200,弈网,nginx,text/html,24910,"Nginx,jQuery",,977,
http://uqnadeie.goodks.dpdns.org,http://uqnadeie.goodks.dpdns.org,200,叙简白,nginx,text/html,29407,"Bootstrap,Nginx",,958,
http://fzpqxra.duogongneng.dpdns.org,http://fzpqxra.duogongneng.dpdns.org,200,临泽珩,nginx,text/html,30415,Nginx,,840,
http://skgogn.wordres.dpdns.org,http://skgogn.wordres.dpdns.org,200,南凌川,nginx,text/html,32657,"Nginx,WordPress,jQuery",,917,
http://banybqe.yasewanhg.dpdns.org,http://banybqe.yasewanhg.dpdns.org,200,景昭珩,nginx,text/html,47380,"Nginx,jQuery",,913,
http://htryfy.boolpfont.dpdns.org,http://htryfy.boolpfont.dpdns.org,200,星珩,nginx,text/html,21362,Nginx,,1081,
http://keexo.sheyedashe.dpdns.org,http://keexo.sheyedashe.dpdns.org,200,南珩,nginx,text/html,28649,"Nginx,jQuery",,963,
http://zwsaqn.voopliuer.dpdns.org,http://zwsaqn.voopliuer.dpdns.org,200,茶网,nginx,text/html,20822,Nginx,,897,
http://ewvivyid.lanshanhu.dpdns.org,http://ewvivyid.lanshanhu.dpdns.org,200,翎网,nginx,text/html,21408,"Nginx,jQuery",,961,
http://mhtijwhs.gpplonert.dpdns.org,http://mhtijwhs.gpplonert.dpdns.org,200,自我流年,nginx,text/html,25090,"Nginx,jQuery",,933,
http://rsrtyjz.toopert.dpdns.org,http://rsrtyjz.toopert.dpdns.org,200,理细答疑,nginx,text/html,16469,Nginx,,839,
http://wiwxwb.voopliux.dpdns.org,http://wiwxwb.voopliux.dpdns.org,200,问屿新知,nginx,text/html,28351,"Nginx,jQuery",,955,
http://vgkdxl.lanshanhu.dpdns.org,http://vgkdxl.lanshanhu.dpdns.org,200,星亦川,nginx,text/html,21014,"Nginx,jQuery",,1996,
http://gjelse.duogongneng.dpdns.org,http://gjelse.duogongneng.dpdns.org,200,诺清禾,nginx,text/html,30376,Nginx,,896,
https://ftdsku.boolpfont.dpdns.org,https://ftdsku.boolpfont.dpdns.org,200,404 Not Found,nginx,text/html,138,Nginx,,741,
http://uvepze.meitayouha.dpdns.org,http://uvepze.meitayouha.dpdns.org,200,知玄问答,nginx,text/html,22288,"Bootstrap,Nginx",,923,
https://rphrmfcl.goodks.dpdns.org,https://rphrmfcl.goodks.dpdns.org,200,404 Not Found,nginx,text/html,138,Nginx,,801,
http://ywcjaysu.toopert.dpdns.org,http://ywcjaysu.toopert.dpdns.org,200,青辰川,nginx,text/html,16277,Nginx,,772,
http://cfbhqpc.meitayouha.dpdns.org,http://cfbhqpc.meitayouha.dpdns.org,200,智解,nginx,text/html,35151,Nginx,,1344,
http://exyhcg.duogongneng.dpdns.org,http://exyhcg.duogongneng.dpdns.org,200,知珩,nginx,text/html,30451,Nginx,,761,
http://jjhuyuzr.weiyutiop.dpdns.org,http://jjhuyuzr.weiyutiop.dpdns.org,200,自写朝夕人间,nginx,text/html,23862,Nginx,,828,
http://phioii.toopert.dpdns.org,http://phioii.toopert.dpdns.org,200,景寻,nginx,text/html,16078,Nginx,,762,
http://jxiixwi.toopert.dpdns.org,http://jxiixwi.toopert.dpdns.org,200,青寻,nginx,text/html,16111,Nginx,,796,
http://rcakzcer.lanshanhu.dpdns.org,http://rcakzcer.lanshanhu.dpdns.org,200,临泽舟,nginx,text/html,21138,"Nginx,jQuery",,877,
http://dqriybwt.lanshanhu.dpdns.org,http://dqriybwt.lanshanhu.dpdns.org,200,景昭屿,nginx,text/html,21662,"Nginx,jQuery",,847,
http://vtqqli.fopiloi.dpdns.org,http://vtqqli.fopiloi.dpdns.org,200,浅写时光,nginx,text/html,21920,"Nginx,WordPress,jQuery",,830,
http://fxzbd.taiyangshen.dpdns.org,http://fxzbd.taiyangshen.dpdns.org,200,轻叙日常,nginx,text/html,29748,"Nginx,jQuery",,779,
http://jlqezulv.fopiloi.dpdns.org,http://jlqezulv.fopiloi.dpdns.org,200,南凌禾,nginx,text/html,21954,"Nginx,WordPress,jQuery",,886,
http://zgesglgs.wordres.dpdns.org,http://zgesglgs.wordres.dpdns.org,200,细思答疑,nginx,text/html,33474,"Nginx,WordPress,jQuery",,1016,
http://pxgmvrw.soertubn.dpdns.org,http://pxgmvrw.soertubn.dpdns.org,200,简温人间,nginx,text/html,21780,"Bootstrap,Nginx,jQuery",,853,
http://aceuq.yasewanhg.dpdns.org,http://aceuq.yasewanhg.dpdns.org,200,槐序网,nginx,text/html,48309,"Nginx,jQuery",,1179,
http://nzjfxzhq.goodks.dpdns.org,http://nzjfxzhq.goodks.dpdns.org,200,临泽屿,nginx,text/html,29794,"Bootstrap,Nginx,jQuery",,1155,
http://ejxdgsdj.duogongneng.dpdns.org,http://ejxdgsdj.duogongneng.dpdns.org,200,平问智,nginx,text/html,29975,Nginx,,2195,
http://ltvvpvci.boolpfont.dpdns.org,http://ltvvpvci.boolpfont.dpdns.org,200,反断解惑,nginx,text/html,24919,"Bootstrap,Nginx",,2258,
http://jhajqn.taiyangshen.dpdns.org,http://jhajqn.taiyangshen.dpdns.org,200,问际答疑,nginx,text/html,30244,"Nginx,jQuery",,1063,
http://ztvdmrod.ftiop.dpdns.org,http://ztvdmrod.ftiop.dpdns.org,200,萤网,nginx,text/html,35298,"Nginx,jQuery",,1214,
http://copueon.goodks.dpdns.org,http://copueon.goodks.dpdns.org,200,素净流年,nginx,text/html,27653,"Nginx,jQuery",,1240,
http://cjbcb.meitayouha.dpdns.org,http://cjbcb.meitayouha.dpdns.org,200,知寻,nginx,text/html,22522,"Bootstrap,Nginx",,1234,
http://fgsur.fooiuoplik.dpdns.org,http://fgsur.fooiuoplik.dpdns.org,200,诺清禾,nginx,text/html,29120,"Bootstrap,Nginx,jQuery",,1184,
http://ihocp.toopert.dpdns.org,http://ihocp.toopert.dpdns.org,200,浅藏温柔,nginx,text/html,16160,Nginx,,1115,
http://vwyztoc.goodks.dpdns.org,http://vwyztoc.goodks.dpdns.org,200,觅答,nginx,text/html,23867,"Bootstrap,Nginx",,1340,
http://umbuls.sheyedashe.dpdns.org,http://umbuls.sheyedashe.dpdns.org,200,悟问库,nginx,text/html,29112,"Nginx,jQuery",,1262,
http://kxeoxwmh.lanshanhu.dpdns.org,http://kxeoxwmh.lanshanhu.dpdns.org,200,蒲生网,nginx,text/html,21445,"Nginx,jQuery",,1277,
http://ptofbdu.meitayouha.dpdns.org,http://ptofbdu.meitayouha.dpdns.org,200,静网,nginx,text/html,32697,"Bootstrap,Nginx,jQuery",,1179,
http://gfxemv.toopert.dpdns.org,http://gfxemv.toopert.dpdns.org,200,闲叙山河,nginx,text/html,16343,Nginx,,1132,
http://uwgspwa.ftiop.dpdns.org,http://uwgspwa.ftiop.dpdns.org,200,浮生叙写,nginx,text/html,33564,"Nginx,jQuery",,1340,
http://qwjyacxb.gpplonert.dpdns.org,http://qwjyacxb.gpplonert.dpdns.org,200,业余解惑,nginx,text/html,24533,"Nginx,jQuery",,1270,
http://atmnkev.fooiuoplik.dpdns.org,http://atmnkev.fooiuoplik.dpdns.org,200,星亦禾,nginx,text/html,28562,"Bootstrap,Nginx,jQuery",,1150,
http://vhjrt.weiyutiop.dpdns.org,http://vhjrt.weiyutiop.dpdns.org,200,诺清隅,nginx,text/html,22993,Nginx,,1216,
http://inlvpb.yasewanhg.dpdns.org,http://inlvpb.yasewanhg.dpdns.org,200,广判解惑,nginx,text/html,47851,"Nginx,jQuery",,968,
http://zafww.duogongneng.dpdns.org,http://zafww.duogongneng.dpdns.org,200,独记时光温柔,nginx,text/html,30467,Nginx,,1058,
http://cvzjkne.ftiop.dpdns.org,http://cvzjkne.ftiop.dpdns.org,200,南凌屿,nginx,text/html,34991,"Nginx,jQuery",,1383,
http://mojlox.boolpfont.dpdns.org,http://mojlox.boolpfont.dpdns.org,200,览知解惑,nginx,text/html,25248,Nginx,,1106,
http://taqzp.weiyutiop.dpdns.org,http://taqzp.weiyutiop.dpdns.org,200,星亦川,nginx,text/html,22987,Nginx,,1062,
http://fwonhpq.gpplonert.dpdns.org,http://fwonhpq.gpplonert.dpdns.org,200,景昭白,nginx,text/html,24564,"Nginx,jQuery",,1221,
http://weuvr.duogongneng.dpdns.org,http://weuvr.duogongneng.dpdns.org,200,星亦禾,nginx,text/html,30279,Nginx,,885,
http://kyvlmdy.duogongneng.dpdns.org,http://kyvlmdy.duogongneng.dpdns.org,200,睹断解惑,nginx,text/html,30196,Nginx,,861,
http://mlbibyi.meitayouha.dpdns.org,http://mlbibyi.meitayouha.dpdns.org,200,素白人间,nginx,text/html,22793,"Bootstrap,Nginx",,1652,
http://eujaujj.fooiuoplik.dpdns.org,http://eujaujj.fooiuoplik.dpdns.org,200,溯知解惑,nginx,text/html,28595,"Bootstrap,Nginx,jQuery",,880,
http://tianqije.dpdns.org,http://tianqije.dpdns.org,200,轻藏人间,nginx,text/html,21201,"Nginx,WordPress,jQuery",,641,
http://pgetvwq.voopliuer.dpdns.org,http://pgetvwq.voopliuer.dpdns.org,200,酌网,nginx,text/html,20136,Nginx,,826,
http://hzfvrmt.meitayouha.dpdns.org,http://hzfvrmt.meitayouha.dpdns.org,200,深理解惑,nginx,text/html,22246,"Bootstrap,Nginx,jQuery",,783,
http://tosimufj.soertubn.dpdns.org,http://tosimufj.soertubn.dpdns.org,200,青辰川,nginx,text/html,27317,"Bootstrap,Nginx",,875,
http://zspumtr.yasewanhg.dpdns.org,http://zspumtr.yasewanhg.dpdns.org,200,春网,nginx,text/html,48493,"Nginx,jQuery",,815,
http://yxuvtvw.soertubn.dpdns.org,http://yxuvtvw.soertubn.dpdns.org,200,叙简川,nginx,text/html,20553,Nginx,,812,
http://vtmii.duogongneng.dpdns.org,http://vtmii.duogongneng.dpdns.org,200,望辨解惑,nginx,text/html,30569,Nginx,,807,
http://rvmmmmdc.goodks.dpdns.org,http://rvmmmmdc.goodks.dpdns.org,200,诺清禾,nginx,text/html,17895,"Bootstrap,Nginx",,824,
http://jqglk.taiyangshen.dpdns.org,http://jqglk.taiyangshen.dpdns.org,200,时光存档馆,nginx,text/html,30312,"Nginx,jQuery",,765,
http://yhncn.rtootsatpeg.dpdns.org,http://yhncn.rtootsatpeg.dpdns.org,200,素净随笔,nginx,text/html,37350,"Nginx,jQuery",,965,
http://nxtjo.meitayouha.dpdns.org,http://nxtjo.meitayouha.dpdns.org,200,景禾,nginx,text/html,113693,Nginx,,2429,
http://aocovqlh.fooiuoplik.dpdns.org,http://aocovqlh.fooiuoplik.dpdns.org,200,凌云白,nginx,text/html,28451,"Bootstrap,Nginx,jQuery",,848,
http://vclbfi.toopert.dpdns.org,http://vclbfi.toopert.dpdns.org,200,浅藏温柔,nginx,text/html,15752,Nginx,,819,
http://tgeio.lanshanhu.dpdns.org,http://tgeio.lanshanhu.dpdns.org,200,岁月慢行随笔,nginx,text/html,21034,"Nginx,jQuery",,897,
http://cafse.rtootsatpeg.dpdns.org,http://cafse.rtootsatpeg.dpdns.org,200,南凌屿,nginx,text/html,36936,"Nginx,jQuery",,986,
http://tpnuwsn.gpplonert.dpdns.org,http://tpnuwsn.gpplonert.dpdns.org,200,昊网,nginx,text/html,24769,"Nginx,jQuery",,972,
http://arpocfe.fooiuoplik.dpdns.org,http://arpocfe.fooiuoplik.dpdns.org,200,静写温柔,nginx,text/html,28937,"Bootstrap,Nginx,jQuery",,859,
http://jgktxua.goodks.dpdns.org,http://jgktxua.goodks.dpdns.org,200,珍藏日常,nginx,text/html,18277,"Bootstrap,Nginx",,851,
http://swmvcw.rtootsatpeg.dpdns.org,http://swmvcw.rtootsatpeg.dpdns.org,200,简珩,nginx,text/html,37831,"Nginx,jQuery",,977,
http://ozlxrms.fopiloi.dpdns.org,http://ozlxrms.fopiloi.dpdns.org,200,知屿,nginx,text/html,21419,"Nginx,WordPress,jQuery",,853,
http://ioznqg.voopliux.dpdns.org,http://ioznqg.voopliux.dpdns.org,200,觅廓库,nginx,text/html,28718,"Nginx,jQuery",,1058,
http://suklrmc.lanshanhu.dpdns.org,http://suklrmc.lanshanhu.dpdns.org,200,诺清隅,nginx,text/html,21372,"Nginx,jQuery",,999,
http://qrhrskx.voopliux.dpdns.org,http://qrhrskx.voopliux.dpdns.org,200,临泽舟,nginx,text/html,28092,"Nginx,jQuery",,977,
http://vuefqjr.gpplonert.dpdns.org,http://vuefqjr.gpplonert.dpdns.org,200,答序问理,nginx,text/html,24671,"Nginx,Vue.js,jQuery",,993,
http://bkfoc.soertubn.dpdns.org,http://bkfoc.soertubn.dpdns.org,200,云知途,nginx,text/html,26165,"Bootstrap,Nginx",,978,
http://yruiwg.weiyutiop.dpdns.org,http://yruiwg.weiyutiop.dpdns.org,200,安然自渡,nginx,text/html,22841,Nginx,,931,
http://tianp.taiyangshen.dpdns.org,http://tianp.taiyangshen.dpdns.org,200,山野日常叙,nginx,text/html,30463,"Nginx,jQuery",,860,
http://fhwoaxka.gpplonert.dpdns.org,http://fhwoaxka.gpplonert.dpdns.org,200,静藏日常,nginx,text/html,24652,"Nginx,jQuery",,967,
http://uotphjq.lanshanhu.dpdns.org,http://uotphjq.lanshanhu.dpdns.org,200,南凌屿,nginx,text/html,21004,"Nginx,jQuery",,944,
http://uhhbspj.soertubn.dpdns.org,http://uhhbspj.soertubn.dpdns.org,200,诺清川,nginx,text/html,25950,"Bootstrap,Nginx",,999,
http://zjwjg.fooiuoplik.dpdns.org,http://zjwjg.fooiuoplik.dpdns.org,200,青禾,nginx,text/html,28892,"Bootstrap,Nginx,jQuery",,839,
http://cyvdzzs.soertubn.dpdns.org,http://cyvdzzs.soertubn.dpdns.org,200,南凌屿,nginx,text/html,24883,"Bootstrap,Nginx,jQuery",,1650,
http://zyxbtf.wordres.dpdns.org,http://zyxbtf.wordres.dpdns.org,200,亦景屿,nginx,text/html,32767,"Nginx,WordPress,jQuery",,856,
http://mcachiuo.ftiop.dpdns.org,http://mcachiuo.ftiop.dpdns.org,200,鸿知问答,nginx,text/html,34784,"Nginx,jQuery",,902,
http://rpcxhi.sheyedashe.dpdns.org,http://rpcxhi.sheyedashe.dpdns.org,200,亦景白,nginx,text/html,27699,"Nginx,jQuery",,853,
http://pwxmipdt.lanshanhu.dpdns.org,http://pwxmipdt.lanshanhu.dpdns.org,200,临屿,nginx,text/html,21355,"Nginx,jQuery",,889,
http://fdfruzl.goodks.dpdns.org,http://fdfruzl.goodks.dpdns.org,200,诺隅,nginx,text/html,28062,"Bootstrap,Nginx",,859,
http://taorisz.goodks.dpdns.org,http://taorisz.goodks.dpdns.org,200,青隅,nginx,text/html,49821,"Nginx,jQuery",,784,
http://fzujj.ftiop.dpdns.org,http://fzujj.ftiop.dpdns.org,200,人间温岁集,nginx,text/html,33170,"Nginx,jQuery",,912,
http://kiefkp.lanshanhu.dpdns.org,http://kiefkp.lanshanhu.dpdns.org,200,昭理解惑,nginx,text/html,21459,"Nginx,jQuery",,865,
http://gutzhhb.yasewanhg.dpdns.org,http://gutzhhb.yasewanhg.dpdns.org,200,星亦禾,nginx,text/html,48019,"Nginx,jQuery",,869,
http://hafkqjnj.yasewanhg.dpdns.org,http://hafkqjnj.yasewanhg.dpdns.org,200,阁网,nginx,text/html,48161,"Nginx,jQuery",,844,
http://cieurdxy.taiyangshen.dpdns.org,http://cieurdxy.taiyangshen.dpdns.org,200,睹辨解惑,nginx,text/html,30729,"Nginx,jQuery",,780,
http://kvnwy.meitayouha.dpdns.org,http://kvnwy.meitayouha.dpdns.org,200,景川,nginx,text/html,32328,Nginx,,837,
http://zorqxc.boolpfont.dpdns.org,http://zorqxc.boolpfont.dpdns.org,200,南凌禾,nginx,text/html,28321,"Bootstrap,Nginx,jQuery",,833,
http://pitzn.gpplonert.dpdns.org,http://pitzn.gpplonert.dpdns.org,200,诺白,nginx,text/html,24135,"Nginx,jQuery",,1069,
http://ezhoaf.duogongneng.dpdns.org,http://ezhoaf.duogongneng.dpdns.org,200,青岚网,nginx,text/html,30232,Nginx,,923,
http://khoxrce.soertubn.dpdns.org,http://khoxrce.soertubn.dpdns.org,200,凌云白,nginx,text/html,70530,"Bootstrap,Nginx,jQuery",,1245,
http://mihbtub.ftiop.dpdns.org,http://mihbtub.ftiop.dpdns.org,200,景昭屿,nginx,text/html,33529,"Nginx,jQuery",,990,
http://wkredjrm.soertubn.dpdns.org,http://wkredjrm.soertubn.dpdns.org,200,青辰珩,nginx,text/html,23104,"Nginx,jQuery",,915,
http://pgkbygi.goodks.dpdns.org,http://pgkbygi.goodks.dpdns.org,200,诺白,nginx,text/html,123926,Nginx,,1161,
http://fddqw.gpplonert.dpdns.org,http://fddqw.gpplonert.dpdns.org,200,青辰白,nginx,text/html,24516,"Nginx,jQuery",,1128,
http://wowjc.soertubn.dpdns.org,http://wowjc.soertubn.dpdns.org,200,衡寻珩,nginx,text/html,29866,Nginx,,1000,
http://xyopvzfr.yasewanhg.dpdns.org,http://xyopvzfr.yasewanhg.dpdns.org,200,问廓解惑,nginx,text/html,48099,"Nginx,jQuery",,958,
http://cjpdpnnj.weiyutiop.dpdns.org,http://cjpdpnnj.weiyutiop.dpdns.org,200,诺川,nginx,text/html,23764,Nginx,,926,
http://hcgfwmbn.fopiloi.dpdns.org,http://hcgfwmbn.fopiloi.dpdns.org,200,生活答典,nginx,text/html,21472,"Nginx,WordPress,jQuery",,890,
http://mqrnwvy.ftiop.dpdns.org,http://mqrnwvy.ftiop.dpdns.org,200,疏诺珩,nginx,text/html,35586,"Nginx,jQuery",,1032,
http://ggbwebd.soertubn.dpdns.org,http://ggbwebd.soertubn.dpdns.org,200,亦景白,nginx,text/html,21740,"Bootstrap,Nginx",,988,
http://yujymzc.yasewanhg.dpdns.org,http://yujymzc.yasewanhg.dpdns.org,200,回断解惑,nginx,text/html,47490,"Nginx,jQuery",,917,
http://latkfwb.boolpfont.dpdns.org,http://latkfwb.boolpfont.dpdns.org,200,诺清隅,nginx,text/html,24369,"Nginx,jQuery",,1071,
http://nxgtuz.meitayouha.dpdns.org,http://nxgtuz.meitayouha.dpdns.org,200,慢拥温柔,nginx,text/html,21562,"Bootstrap,Nginx,jQuery",,789,
http://rskigr.toopert.dpdns.org,http://rskigr.toopert.dpdns.org,200,星川,nginx,text/html,16230,Nginx,,778,
http://qwqoe.fopiloi.dpdns.org,http://qwqoe.fopiloi.dpdns.org,200,竹风拾遗,nginx,text/html,21250,"Nginx,WordPress,jQuery",,984,
http://bagnkg.taiyangshen.dpdns.org,http://bagnkg.taiyangshen.dpdns.org,200,亦景屿,nginx,text/html,30019,"Nginx,jQuery",,817,
http://zrito.goodks.dpdns.org,http://zrito.goodks.dpdns.org,200,诺清隅,nginx,text/html,81885,Nginx,,1369,
http://bvqszy.taiyangshen.dpdns.org,http://bvqszy.taiyangshen.dpdns.org,200,思涧寻知,nginx,text/html,30552,"Nginx,jQuery",,846,
http://tpbvbefi.voopliuer.dpdns.org,http://tpbvbefi.voopliuer.dpdns.org,200,储藏岁月,nginx,text/html,20434,Nginx,,1018,
http://ddwiyccm.taiyangshen.dpdns.org,http://ddwiyccm.taiyangshen.dpdns.org,200,知际汇,nginx,text/html,30500,"Nginx,jQuery",,900,
http://zhlhvp.boolpfont.dpdns.org,http://zhlhvp.boolpfont.dpdns.org,200,昭青舟,nginx,text/html,25820,"Bootstrap,Nginx,jQuery",,1040,
http://ilvsbojw.soertubn.dpdns.org,http://ilvsbojw.soertubn.dpdns.org,200,浅叙山河,nginx,text/html,47403,"Nginx,jQuery",,1359,
http://oddgdeue.fopiloi.dpdns.org,http://oddgdeue.fopiloi.dpdns.org,200,景昭屿,nginx,text/html,21454,"Nginx,WordPress,jQuery",,796,
http://ibxzr.duogongneng.dpdns.org,http://ibxzr.duogongneng.dpdns.org,200,临川,nginx,text/html,30377,Nginx,,830,
http://yhxpd.ftiop.dpdns.org,http://yhxpd.ftiop.dpdns.org,200,宣知解惑,nginx,text/html,33353,"Nginx,jQuery",,883,
http://ew.wordres.dpdns.org,http://ew.wordres.dpdns.org,200,沐珩,nginx,text/html,33309,"Nginx,WordPress,jQuery",,644,
http://gndray.rtootsatpeg.dpdns.org,http://gndray.rtootsatpeg.dpdns.org,200,南寻,nginx,text/html,37462,"Nginx,jQuery",,917,
http://espic.fopiloi.dpdns.org,http://espic.fopiloi.dpdns.org,200,畅断解惑,nginx,text/html,21735,"Nginx,WordPress,jQuery",,757,
http://jimaz.soertubn.dpdns.org,http://jimaz.soertubn.dpdns.org,200,院网,nginx,text/html,29741,"Bootstrap,Nginx,jQuery",,799,
http://sbjrewne.lanshanhu.dpdns.org,http://sbjrewne.lanshanhu.dpdns.org,200,临泽舟,nginx,text/html,21720,"Nginx,jQuery",,854,
http://crxpjlu.gpplonert.dpdns.org,http://crxpjlu.gpplonert.dpdns.org,200,敦网,nginx,text/html,24530,"Nginx,jQuery",,928,
http://ydroyxc.meitayouha.dpdns.org,http://ydroyxc.meitayouha.dpdns.org,200,青川,nginx,text/html,19153,Nginx,,845,
http://jahyg.yasewanhg.dpdns.org,http://jahyg.yasewanhg.dpdns.org,200,静心问答,nginx,text/html,47474,"Nginx,jQuery",,858,
http://gyyxtgk.goodks.dpdns.org,http://gyyxtgk.goodks.dpdns.org,200,诺清禾,nginx,text/html,19401,"Nginx,jQuery",,877,
http://lcaws.boolpfont.dpdns.org,http://lcaws.boolpfont.dpdns.org,200,观辨解惑,nginx,text/html,16546,Nginx,,824,
http://dbwutyre.toopert.dpdns.org,http://dbwutyre.toopert.dpdns.org,200,泽知珩,nginx,text/html,15699,Nginx,,788,
http://ouxgv.fopiloi.dpdns.org,http://ouxgv.fopiloi.dpdns.org,200,凌云川,nginx,text/html,21409,"Nginx,WordPress,jQuery",,842,
http://pangsi.gpplonert.dpdns.org,http://pangsi.gpplonert.dpdns.org,200,桨网,nginx,text/html,24415,"Nginx,jQuery",,973,
http://ilizgah.yasewanhg.dpdns.org,http://ilizgah.yasewanhg.dpdns.org,200,亦景川,nginx,text/html,48197,"Nginx,jQuery",,837,
http://gqlstth.soertubn.dpdns.org,http://gqlstth.soertubn.dpdns.org,200,景昭屿,nginx,text/html,24036,"Nginx,WordPress,jQuery",,951,
http://kogbj.fopiloi.dpdns.org,http://kogbj.fopiloi.dpdns.org,200,临禾,nginx,text/html,21307,"Nginx,WordPress,jQuery",,832,
http://eygmcmox.meitayouha.dpdns.org,http://eygmcmox.meitayouha.dpdns.org,200,知邃问答,nginx,text/html,18862,"Bootstrap,Nginx",,903,
http://gcsrtlop.wordres.dpdns.org,http://gcsrtlop.wordres.dpdns.org,200,南凌川,nginx,text/html,33259,"Nginx,WordPress,jQuery",,965,
http://vxlka.lanshanhu.dpdns.org,http://vxlka.lanshanhu.dpdns.org,200,青辰白,nginx,text/html,21273,"Nginx,jQuery",,842,
http://owsnme.voopliux.dpdns.org,http://owsnme.voopliux.dpdns.org,200,独属人间流年,nginx,text/html,28486,"Nginx,jQuery",,972,
http://dacopmu.toopert.dpdns.org,http://dacopmu.toopert.dpdns.org,200,鉴辨解惑,nginx,text/html,16386,Nginx,,805,
http://kfczdgz.boolpfont.dpdns.org,http://kfczdgz.boolpfont.dpdns.org,200,临屿,nginx,text/html,43485,Nginx,,873,
http://xmfvog.boolpfont.dpdns.org,http://xmfvog.boolpfont.dpdns.org,200,临禾,nginx,text/html,35280,"Nginx,jQuery",,870,
http://mrvimhi.voopliuer.dpdns.org,http://mrvimhi.voopliuer.dpdns.org,200,南禾,nginx,text/html,20996,Nginx,,912,
http://rlhhz.weiyutiop.dpdns.org,http://rlhhz.weiyutiop.dpdns.org,200,青辰川,nginx,text/html,23357,Nginx,,827,
http://gwlfb.lanshanhu.dpdns.org,http://gwlfb.lanshanhu.dpdns.org,200,温言网,nginx,text/html,21104,"Nginx,jQuery",,891,
http://omgioox.voopliux.dpdns.org,http://omgioox.voopliux.dpdns.org,200,旷理解惑,nginx,text/html,29041,"Nginx,jQuery",,872,
http://bwkvk.ftiop.dpdns.org,http://bwkvk.ftiop.dpdns.org,200,独处宇宙,nginx,text/html,33260,"Nginx,jQuery",,1077,
http://cbdrpodu.boolpfont.dpdns.org,http://cbdrpodu.boolpfont.dpdns.org,200,南凌川,nginx,text/html,22866,Nginx,,1006,
http://zifvfk.taiyangshen.dpdns.org,http://zifvfk.taiyangshen.dpdns.org,200,叙简川,nginx,text/html,30154,"Nginx,jQuery",,940,
http://ightqb.yasewanhg.dpdns.org,http://ightqb.yasewanhg.dpdns.org,200,宵网,nginx,text/html,47250,"Nginx,jQuery",,991,
http://acjdyx.gpplonert.dpdns.org,http://acjdyx.gpplonert.dpdns.org,200,亦景白,nginx,text/html,24757,"Nginx,jQuery",,1159,
http://evujqha.fooiuoplik.dpdns.org,http://evujqha.fooiuoplik.dpdns.org,200,樽网,nginx,text/html,28758,"Bootstrap,Nginx,jQuery",,960,
http://szqungju.soertubn.dpdns.org,http://szqungju.soertubn.dpdns.org,200,安静随笔,nginx,text/html,37708,"Nginx,jQuery",,1094,
http://agkakyy.fooiuoplik.dpdns.org,http://agkakyy.fooiuoplik.dpdns.org,200,景昭珩,nginx,text/html,29227,"Bootstrap,Nginx,jQuery",,945,
http://rtzru.soertubn.dpdns.org,http://rtzru.soertubn.dpdns.org,200,青辰珩,nginx,text/html,21624,"Nginx,WordPress,jQuery",,880,
http://voxrv.fooiuoplik.dpdns.org,http://voxrv.fooiuoplik.dpdns.org,200,亦景屿,nginx,text/html,28715,"Bootstrap,Nginx,jQuery",,978,
http://zyxths.lanshanhu.dpdns.org,http://zyxths.lanshanhu.dpdns.org,200,昭青舟,nginx,text/html,21295,"Nginx,jQuery",,1029,
http://chxxbc.voopliux.dpdns.org,http://chxxbc.voopliux.dpdns.org,200,凝霜网,nginx,text/html,28563,"Nginx,jQuery",,993,
http://hjhkrz.voopliuer.dpdns.org,http://hjhkrz.voopliuer.dpdns.org,200,晚风拾遗集,nginx,text/html,21146,Nginx,,890,
http://jizrjc.voopliux.dpdns.org,http://jizrjc.voopliux.dpdns.org,200,景昭白,nginx,text/html,28846,"Nginx,jQuery",,2139,
http://gmqmk.yasewanhg.dpdns.org,http://gmqmk.yasewanhg.dpdns.org,200,临屿,nginx,text/html,47918,"Nginx,jQuery",,926,
http://jcvouxuk.soertubn.dpdns.org,http://jcvouxuk.soertubn.dpdns.org,200,临泽屿,nginx,text/html,20730,"Bootstrap,Nginx",,976,
http://crkugey.fooiuoplik.dpdns.org,http://crkugey.fooiuoplik.dpdns.org,200,衡暮风,nginx,text/html,28491,"Bootstrap,Nginx,jQuery",,909,
http://qnyprlb.soertubn.dpdns.org,http://qnyprlb.soertubn.dpdns.org,200,衡寻屿,nginx,text/html,34970,"Nginx,jQuery",,1058,
http://ectyxxk.soertubn.dpdns.org,http://ectyxxk.soertubn.dpdns.org,200,问叙,nginx,text/html,22272,"Nginx,WordPress,jQuery",,914,
http://xpepbhv.voopliuer.dpdns.org,http://xpepbhv.voopliuer.dpdns.org,200,悠网,nginx,text/html,21161,Nginx,,927,
http://uzaidve.ftiop.dpdns.org,http://uzaidve.ftiop.dpdns.org,200,临泽屿,nginx,text/html,33892,"Nginx,jQuery",,1012,
http://zqyljw.voopliuer.dpdns.org,http://zqyljw.voopliuer.dpdns.org,200,诺清隅,nginx,text/html,21079,Nginx,,863,
http://lnkobshr.goodks.dpdns.org,http://lnkobshr.goodks.dpdns.org,200,时光随笔存档,nginx,text/html,29727,"Bootstrap,Nginx,jQuery",,849,
http://hnfch.soertubn.dpdns.org,http://hnfch.soertubn.dpdns.org,200,叙简珩,nginx,text/html,37745,Nginx,,1067,
http://lvpvadkw.toopert.dpdns.org,http://lvpvadkw.toopert.dpdns.org,200,诺寻,nginx,text/html,15832,Nginx,,770,
http://uncyl.toopert.dpdns.org,http://uncyl.toopert.dpdns.org,200,炊网,nginx,text/html,16034,Nginx,,913,
http://xncdeh.toopert.dpdns.org,http://xncdeh.toopert.dpdns.org,200,叙简川,nginx,text/html,16367,Nginx,,891,
http://nwfinnf.lanshanhu.dpdns.org,http://nwfinnf.lanshanhu.dpdns.org,200,凌云白,nginx,text/html,21364,"Nginx,jQuery",,895,
http://gexkc.soertubn.dpdns.org,http://gexkc.soertubn.dpdns.org,200,临屿,nginx,text/html,49570,"Nginx,jQuery",,1083,
http://uqzxqdh.weiyutiop.dpdns.org,http://uqzxqdh.weiyutiop.dpdns.org,200,星川,nginx,text/html,22943,Nginx,,872,
http://qrqtucqc.taiyangshen.dpdns.org,http://qrqtucqc.taiyangshen.dpdns.org,200,温拾日常,nginx,text/html,30046,"Nginx,jQuery",,790,
http://dwuleatx.wordres.dpdns.org,http://dwuleatx.wordres.dpdns.org,200,叙简川,nginx,text/html,33192,"Nginx,WordPress,jQuery",,785,
http://hpycix.taiyangshen.dpdns.org,http://hpycix.taiyangshen.dpdns.org,200,临泽屿,nginx,text/html,30447,"Nginx,jQuery",,780,
http://phqyap.boolpfont.dpdns.org,http://phqyap.boolpfont.dpdns.org,200,沐寻,nginx,text/html,20759,"Bootstrap,Nginx,jQuery",,793,
http://ytdzla.gpplonert.dpdns.org,http://ytdzla.gpplonert.dpdns.org,200,叙简珩,nginx,text/html,24754,"Nginx,jQuery",,864,
http://rhwkw.sheyedashe.dpdns.org,http://rhwkw.sheyedashe.dpdns.org,200,温书日常,nginx,text/html,28729,"Nginx,jQuery",,826,
http://lbvqo.meitayouha.dpdns.org,http://lbvqo.meitayouha.dpdns.org,200,元判解惑,nginx,text/html,21324,"Nginx,jQuery",,855,
http://sglld.wordres.dpdns.org,http://sglld.wordres.dpdns.org,200,叙简川,nginx,text/html,33022,"Nginx,WordPress,jQuery",,786,
http://uzckepih.fooiuoplik.dpdns.org,http://uzckepih.fooiuoplik.dpdns.org,200,居网,nginx,text/html,28679,"Bootstrap,Nginx,jQuery",,774,
http://bpxgh.duogongneng.dpdns.org,http://bpxgh.duogongneng.dpdns.org,200,寻网,nginx,text/html,30451,Nginx,,821,
http://qbmetl.wordres.dpdns.org,http://qbmetl.wordres.dpdns.org,200,时光随笔存档,nginx,text/html,33011,"Nginx,WordPress,jQuery",,926,
http://qebnvpc.lanshanhu.dpdns.org,http://qebnvpc.lanshanhu.dpdns.org,200,青禾,nginx,text/html,21571,"Nginx,jQuery",,866,
http://ozdxj.weiyutiop.dpdns.org,http://ozdxj.weiyutiop.dpdns.org,200,星亦禾,nginx,text/html,22983,Nginx,,1022,
http://dlghzwaz.voopliuer.dpdns.org,http://dlghzwaz.voopliuer.dpdns.org,200,明涧求真,nginx,text/html,20996,Nginx,,1043,
http://swzblt.voopliux.dpdns.org,http://swzblt.voopliux.dpdns.org,200,疏诺珩,nginx,text/html,28547,"Nginx,jQuery",,1060,
http://tqsau.yasewanhg.dpdns.org,http://tqsau.yasewanhg.dpdns.org,200,时光手札,nginx,text/html,47778,"Nginx,jQuery",,930,
http://teejhgf.sheyedashe.dpdns.org,http://teejhgf.sheyedashe.dpdns.org,200,景昭珩,nginx,text/html,28881,"Nginx,jQuery",,1105,
http://psmpaynt.goodks.dpdns.org,http://psmpaynt.goodks.dpdns.org,200,望辨解惑,nginx,text/html,20463,"Bootstrap,Nginx",,1075,
http://ypkwriiu.sheyedashe.dpdns.org,http://ypkwriiu.sheyedashe.dpdns.org,200,明寻,nginx,text/html,29248,"Nginx,jQuery",,1110,
http://tqvtj.wordres.dpdns.org,http://tqvtj.wordres.dpdns.org,200,基判解惑,nginx,text/html,32818,"Nginx,WordPress,jQuery",,1029,
http://fskzpo.fopiloi.dpdns.org,http://fskzpo.fopiloi.dpdns.org,200,亦景白,nginx,text/html,21828,"Nginx,WordPress,jQuery",,1069,
http://tduqjbbq.taiyangshen.dpdns.org,http://tduqjbbq.taiyangshen.dpdns.org,200,拾知库,nginx,text/html,30658,"Nginx,jQuery",,1008,
http://brbho.soertubn.dpdns.org,http://brbho.soertubn.dpdns.org,200,畅理解惑,nginx,text/html,21823,"Bootstrap,Nginx,jQuery",,1102,
http://tne.lanshanhu.dpdns.org,http://tne.lanshanhu.dpdns.org,200,冲哥精选怎么不见了,nginx,text/html,22836,"Nginx,jQuery",,597,
http://egnrs.goodks.dpdns.org,http://egnrs.goodks.dpdns.org,200,凌云川,nginx,text/html,23387,"Bootstrap,Nginx",,1200,
http://skbsxhm.gpplonert.dpdns.org,http://skbsxhm.gpplonert.dpdns.org,200,临泽屿,nginx,text/html,24863,"Nginx,jQuery",,1187,
http://hbyvr.rtootsatpeg.dpdns.org,http://hbyvr.rtootsatpeg.dpdns.org,200,昭青舟,nginx,text/html,38056,"Nginx,jQuery",,1204,
http://tzhks.ftiop.dpdns.org,http://tzhks.ftiop.dpdns.org,200,通识库,nginx,text/html,34404,"Nginx,jQuery",,1053,
http://yzdhrgpa.voopliuer.dpdns.org,http://yzdhrgpa.voopliuer.dpdns.org,200,沐寻,nginx,text/html,21686,Nginx,,1007,
http://cgetsks.rtootsatpeg.dpdns.org,http://cgetsks.rtootsatpeg.dpdns.org,200,简禾,nginx,text/html,37779,"Nginx,jQuery",,1205,
http://vbuankl.ftiop.dpdns.org,http://vbuankl.ftiop.dpdns.org,200,清醒流年,nginx,text/html,34080,"Nginx,jQuery",,1785,
http://odgxu.weiyutiop.dpdns.org,http://odgxu.weiyutiop.dpdns.org,200,凌云白,nginx,text/html,23250,Nginx,,1070,
http://xotudvh.rtootsatpeg.dpdns.org,http://xotudvh.rtootsatpeg.dpdns.org,200,诺清禾,nginx,text/html,37240,"Nginx,jQuery",,1295,
http://itlbmxr.sheyedashe.dpdns.org,http://itlbmxr.sheyedashe.dpdns.org,200,南凌川,nginx,text/html,29136,"Nginx,jQuery",,1004,
http://ckzvjr.voopliux.dpdns.org,http://ckzvjr.voopliux.dpdns.org,200,凌云白,nginx,text/html,28573,"Nginx,jQuery",,1131,
http://hnzhtfn.gpplonert.dpdns.org,http://hnzhtfn.gpplonert.dpdns.org,200,简隅,nginx,text/html,24961,"Nginx,jQuery",,876,
http://uvqtup.goodks.dpdns.org,http://uvqtup.goodks.dpdns.org,200,素白流年,nginx,text/html,27641,"Bootstrap,Nginx",,862,
http://kefpnsw.meitayouha.dpdns.org,http://kefpnsw.meitayouha.dpdns.org,200,轻写山河,nginx,text/html,22730,"Nginx,jQuery",,858,
http://kchygz.soertubn.dpdns.org,http://kchygz.soertubn.dpdns.org,200,叙简川,nginx,text/html,124505,Nginx,,1411,
http://hgibzr.taiyangshen.dpdns.org,http://hgibzr.taiyangshen.dpdns.org,200,青辰川,nginx,text/html,30404,"Nginx,jQuery",,878,
http://hfwja.meitayouha.dpdns.org,http://hfwja.meitayouha.dpdns.org,200,静叙温柔,nginx,text/html,56993,"Nginx,jQuery",,1150,
http://vqefk.voopliuer.dpdns.org,http://vqefk.voopliuer.dpdns.org,200,慢书人间,nginx,text/html,20876,Nginx,,762,
http://owvfr.soertubn.dpdns.org,http://owvfr.soertubn.dpdns.org,200,凌云川,nginx,text/html,29555,"Bootstrap,Nginx",,835,
http://xpgkckc.weiyutiop.dpdns.org,http://xpgkckc.weiyutiop.dpdns.org,200,青川,nginx,text/html,23386,Nginx,,815,
http://wdisbcg.goodks.dpdns.org,http://wdisbcg.goodks.dpdns.org,200,私记流年温柔,nginx,text/html,28499,"Nginx,jQuery",,839,
http://xpxvnrgw.toopert.dpdns.org,http://xpxvnrgw.toopert.dpdns.org,200,凌云白,nginx,text/html,16181,Nginx,,786,
http://nwfvzf.soertubn.dpdns.org,http://nwfvzf.soertubn.dpdns.org,200,南凌川,nginx,text/html,17095,"Bootstrap,Nginx",,942,
http://mqkfcvp.wordres.dpdns.org,http://mqkfcvp.wordres.dpdns.org,200,南凌川,nginx,text/html,33109,"Nginx,WordPress,jQuery",,849,
http://zlbslmd.weiyutiop.dpdns.org,http://zlbslmd.weiyutiop.dpdns.org,200,自写朝夕人间,nginx,text/html,23743,Nginx,,863,
http://uohuyw.meitayouha.dpdns.org,http://uohuyw.meitayouha.dpdns.org,200,青辰白,nginx,text/html,24592,"Bootstrap,Nginx",,933,
http://scochpjh.boolpfont.dpdns.org,http://scochpjh.boolpfont.dpdns.org,200,岁月清欢,nginx,text/html,21249,"Nginx,jQuery",,920,
http://xnmejuss.soertubn.dpdns.org,http://xnmejuss.soertubn.dpdns.org,200,星白,nginx,text/html,27020,"Bootstrap,Nginx,jQuery",,1057,
http://rkmyf.soertubn.dpdns.org,http://rkmyf.soertubn.dpdns.org,200,临泽珩,nginx,text/html,19493,Nginx,,907,
http://zabggcz.weiyutiop.dpdns.org,http://zabggcz.weiyutiop.dpdns.org,200,回辨解惑,nginx,text/html,24058,Nginx,,979,
http://zqgcl.wordres.dpdns.org,http://zqgcl.wordres.dpdns.org,200,素静人间,nginx,text/html,32992,"Nginx,WordPress,jQuery",,904,
http://acdxpgkz.toopert.dpdns.org,http://acdxpgkz.toopert.dpdns.org,200,凌云禾,nginx,text/html,15839,Nginx,,826,
http://evtvgt.duogongneng.dpdns.org,http://evtvgt.duogongneng.dpdns.org,200,松弛自渡,nginx,text/html,30280,Nginx,,898,
http://emlqvz.soertubn.dpdns.org,http://emlqvz.soertubn.dpdns.org,200,知行库,nginx,text/html,22138,"Bootstrap,Nginx,jQuery",,906,
http://ofgmnjqw.weiyutiop.dpdns.org,http://ofgmnjqw.weiyutiop.dpdns.org,200,清南屿,nginx,text/html,23553,Nginx,,935,
http://artngm.taiyangshen.dpdns.org,http://artngm.taiyangshen.dpdns.org,200,简隅,nginx,text/html,30502,"Nginx,jQuery",,884,
http://gsfpq.lanshanhu.dpdns.org,http://gsfpq.lanshanhu.dpdns.org,200,沐珩,nginx,text/html,21091,"Nginx,jQuery",,997,
http://cdjsckw.toopert.dpdns.org,http://cdjsckw.toopert.dpdns.org,200,青川,nginx,text/html,16364,Nginx,,839,
http://ocaze.meitayouha.dpdns.org,http://ocaze.meitayouha.dpdns.org,200,人间慢温柔,nginx,text/html,28092,"Bootstrap,Nginx,jQuery",,1001,
http://kykwgi.wordres.dpdns.org,http://kykwgi.wordres.dpdns.org,200,景昭白,nginx,text/html,33147,"Nginx,WordPress,jQuery",,940,
http://xnsat.gpplonert.dpdns.org,http://xnsat.gpplonert.dpdns.org,200,凌云白,nginx,text/html,24648,"Nginx,jQuery",,1657,
http://uqjkmnwy.ftiop.dpdns.org,http://uqjkmnwy.ftiop.dpdns.org,200,南凌屿,nginx,text/html,35113,"Nginx,jQuery",,989,
http://gzvvj.gpplonert.dpdns.org,http://gzvvj.gpplonert.dpdns.org,200,明衍,nginx,text/html,24444,"Nginx,jQuery",,942,
http://sywqcnb.gpplonert.dpdns.org,http://sywqcnb.gpplonert.dpdns.org,200,元理解惑,nginx,text/html,24971,"Nginx,jQuery",,1623,
http://bwlic.fopiloi.dpdns.org,http://bwlic.fopiloi.dpdns.org,200,简禾,nginx,text/html,21228,"Nginx,WordPress,jQuery",,812,
http://eeysf.soertubn.dpdns.org,http://eeysf.soertubn.dpdns.org,200,叙简珩,nginx,text/html,64616,Nginx,,1258,
http://pcdvaot.goodks.dpdns.org,http://pcdvaot.goodks.dpdns.org,200,亦景白,nginx,text/html,71913,Nginx,,1223,
http://cuerqzz.rtootsatpeg.dpdns.org,http://cuerqzz.rtootsatpeg.dpdns.org,200,恬网,nginx,text/html,37371,"Nginx,jQuery",,1012,
http://qired.taiyangshen.dpdns.org,http://qired.taiyangshen.dpdns.org,200,临泽屿,nginx,text/html,30303,"Nginx,jQuery",,913,
http://noumbkq.fopiloi.dpdns.org,http://noumbkq.fopiloi.dpdns.org,200,青寻,nginx,text/html,21597,"Nginx,WordPress,jQuery",,920,
http://msjwpd.sheyedashe.dpdns.org,http://msjwpd.sheyedashe.dpdns.org,200,临泽舟,nginx,text/html,28610,"Nginx,jQuery",,882,
http://pqitxel.sheyedashe.dpdns.org,http://pqitxel.sheyedashe.dpdns.org,200,景昭屿,nginx,text/html,29638,"Nginx,jQuery",,1010,
http://acnyzvb.ftiop.dpdns.org,http://acnyzvb.ftiop.dpdns.org,200,叙简白,nginx,text/html,34962,"Nginx,jQuery",,1120,
http://ohbyt.soertubn.dpdns.org,http://ohbyt.soertubn.dpdns.org,200,青川,nginx,text/html,49564,"Nginx,jQuery",,1497,
http://rhrdrwz.voopliuer.dpdns.org,http://rhrdrwz.voopliuer.dpdns.org,200,临泽珩,nginx,text/html,20292,Nginx,,943,
http://rheepvqk.meitayouha.dpdns.org,http://rheepvqk.meitayouha.dpdns.org,200,诺清隅,nginx,text/html,19178,"Nginx,jQuery",,954,
http://rqypvx.weiyutiop.dpdns.org,http://rqypvx.weiyutiop.dpdns.org,200,素净流年,nginx,text/html,23123,Nginx,,996,
http://kulrowh.voopliux.dpdns.org,http://kulrowh.voopliux.dpdns.org,200,临屿,nginx,text/html,27732,"Nginx,jQuery",,1009,
http://wgehze.fopiloi.dpdns.org,http://wgehze.fopiloi.dpdns.org,200,随心流年,nginx,text/html,21524,"Nginx,WordPress,jQuery",,893,
http://yeoaoh.fopiloi.dpdns.org,http://yeoaoh.fopiloi.dpdns.org,200,岁月清欢,nginx,text/html,21352,"Nginx,WordPress,jQuery",,948,
http://dlubtb.goodks.dpdns.org,http://dlubtb.goodks.dpdns.org,200,亦景川,nginx,text/html,26714,"Bootstrap,Nginx,jQuery",,1181,
http://vuyyczf.fooiuoplik.dpdns.org,http://vuyyczf.fooiuoplik.dpdns.org,200,慢叙山河,nginx,text/html,28779,"Bootstrap,Nginx,jQuery",,919,
http://ofnfdhde.fooiuoplik.dpdns.org,http://ofnfdhde.fooiuoplik.dpdns.org,200,诺清川,nginx,text/html,28987,"Bootstrap,Nginx,jQuery",,826,
http://hbigtxz.fopiloi.dpdns.org,http://hbigtxz.fopiloi.dpdns.org,200,识邃问答,nginx,text/html,21772,"Nginx,WordPress,jQuery",,942,
http://naxkp.fopiloi.dpdns.org,http://naxkp.fopiloi.dpdns.org,200,软语网,nginx,text/html,22016,"Nginx,WordPress,jQuery",,1027,
http://qlmylp.toopert.dpdns.org,http://qlmylp.toopert.dpdns.org,200,清静日常,nginx,text/html,16426,Nginx,,785,
http://jvrdv.wordres.dpdns.org,http://jvrdv.wordres.dpdns.org,200,昭寻珩,nginx,text/html,32919,"Nginx,WordPress,jQuery",,1022,
http://avkhopv.yasewanhg.dpdns.org,http://avkhopv.yasewanhg.dpdns.org,200,亦景川,nginx,text/html,48159,"Nginx,jQuery",,1001,
http://azxgeddk.boolpfont.dpdns.org,http://azxgeddk.boolpfont.dpdns.org,200,闲藏时光,nginx,text/html,19963,"Nginx,jQuery",,1117,
http://lbythsvm.meitayouha.dpdns.org,http://lbythsvm.meitayouha.dpdns.org,200,景昭白,nginx,text/html,92305,"Nginx,jQuery",,1334,
http://rgfexx.voopliux.dpdns.org,http://rgfexx.voopliux.dpdns.org,200,炉网,nginx,text/html,27946,"Nginx,jQuery",,1053,
http://uhbupjrv.soertubn.dpdns.org,http://uhbupjrv.soertubn.dpdns.org,200,诺清隅,nginx,text/html,111079,Nginx,,1629,
http://qljnsxx.boolpfont.dpdns.org,http://qljnsxx.boolpfont.dpdns.org,200,景昭白,nginx,text/html,23476,Nginx,,1636,
http://lclahgy.yasewanhg.dpdns.org,http://lclahgy.yasewanhg.dpdns.org,200,青隅,nginx,text/html,48751,"Nginx,jQuery",,1094,
http://knomc.taiyangshen.dpdns.org,http://knomc.taiyangshen.dpdns.org,200,星亦禾,nginx,text/html,29768,"Nginx,jQuery",,1129,
http://arryjeb.voopliuer.dpdns.org,http://arryjeb.voopliuer.dpdns.org,200,诺清禾,nginx,text/html,20433,Nginx,,1118,
http://descewh.meitayouha.dpdns.org,http://descewh.meitayouha.dpdns.org,200,浅藏流年,nginx,text/html,29431,"Nginx,jQuery",,1197,
http://smajdzy.soertubn.dpdns.org,http://smajdzy.soertubn.dpdns.org,200,众答解惑,nginx,text/html,28454,"Bootstrap,Nginx,jQuery",,946,
http://hzygquv.duogongneng.dpdns.org,http://hzygquv.duogongneng.dpdns.org,200,青辰白,nginx,text/html,30515,Nginx,,1208,
http://lvusronp.rtootsatpeg.dpdns.org,http://lvusronp.rtootsatpeg.dpdns.org,200,南凌禾,nginx,text/html,37451,"Nginx,jQuery",,1265,
http://ljigm.weiyutiop.dpdns.org,http://ljigm.weiyutiop.dpdns.org,200,扬知解惑,nginx,text/html,22645,Nginx,,2166,
http://cjlzdnr.ftiop.dpdns.org,http://cjlzdnr.ftiop.dpdns.org,200,凌云白,nginx,text/html,32897,"Nginx,jQuery",,1341,
http://edjflpi.ftiop.dpdns.org,http://edjflpi.ftiop.dpdns.org,200,流年晚风集,nginx,text/html,34051,"Nginx,jQuery",,1319,
http://sjpder.soertubn.dpdns.org,http://sjpder.soertubn.dpdns.org,200,凌云禾,nginx,text/html,40999,"Nginx,jQuery",,1372,
http://tqzyud.gpplonert.dpdns.org,http://tqzyud.gpplonert.dpdns.org,200,知屿,nginx,text/html,24930,"Nginx,jQuery",,1380,
http://tcroot.toopert.dpdns.org,http://tcroot.toopert.dpdns.org,200,清简随笔,nginx,text/html,15792,Nginx,,1165,
http://eqpqz.taiyangshen.dpdns.org,http://eqpqz.taiyangshen.dpdns.org,200,静藏岁月,nginx,text/html,30367,"Nginx,jQuery",,1121,
http://nhwnqdg.voopliuer.dpdns.org,http://nhwnqdg.voopliuer.dpdns.org,200,景昭珩,nginx,text/html,20768,Nginx,,1288,
http://iyjqlq.yasewanhg.dpdns.org,http://iyjqlq.yasewanhg.dpdns.org,200,泽知珩,nginx,text/html,48422,"Nginx,jQuery",,1036,
http://xraifte.voopliux.dpdns.org,http://xraifte.voopliux.dpdns.org,200,亦景川,nginx,text/html,29066,"Nginx,jQuery",,1225,
http://wnsevcx.voopliux.dpdns.org,http://wnsevcx.voopliux.dpdns.org,200,景昭屿,nginx,text/html,28604,"Nginx,jQuery",,1263,
http://pljlhfzu.voopliuer.dpdns.org,http://pljlhfzu.voopliuer.dpdns.org,200,独处随笔馆,nginx,text/html,20854,Nginx,,1201,
http://rwxbj.duogongneng.dpdns.org,http://rwxbj.duogongneng.dpdns.org,200,辰光小札,nginx,text/html,30510,Nginx,,1079,
http://icsrzxq.soertubn.dpdns.org,http://icsrzxq.soertubn.dpdns.org,200,青辰珩,nginx,text/html,32658,"Bootstrap,Nginx,jQuery",,1127,
http://wlklt.ftiop.dpdns.org,http://wlklt.ftiop.dpdns.org,200,诺珩,nginx,text/html,34238,"Nginx,jQuery",,1175,
http://tfxjbrk.wordres.dpdns.org,http://tfxjbrk.wordres.dpdns.org,200,全网,nginx,text/html,33386,"Nginx,WordPress,jQuery",,1168,
http://rjiimvaw.ftiop.dpdns.org,http://rjiimvaw.ftiop.dpdns.org,200,诺川,nginx,text/html,34579,"Nginx,jQuery",,1143,
http://pwssrti.ftiop.dpdns.org,http://pwssrti.ftiop.dpdns.org,200,明序库,nginx,text/html,34696,"Nginx,jQuery",,1291,
http://xufejwcp.sheyedashe.dpdns.org,http://xufejwcp.sheyedashe.dpdns.org,200,景川,nginx,text/html,28826,"Nginx,jQuery",,1189,
http://ymtymh.ftiop.dpdns.org,http://ymtymh.ftiop.dpdns.org,200,理析答疑,nginx,text/html,34202,"Nginx,jQuery",,1345,
http://seafb.taiyangshen.dpdns.org,http://seafb.taiyangshen.dpdns.org,200,清南屿,nginx,text/html,30320,"Nginx,jQuery",,881,
http://logbyn.toopert.dpdns.org,http://logbyn.toopert.dpdns.org,200,静默时光,nginx,text/html,16255,Nginx,,873,
http://zznrcizf.soertubn.dpdns.org,http://zznrcizf.soertubn.dpdns.org,200,素净流年,nginx,text/html,72131,Nginx,,1534,
http://leeblyhz.gpplonert.dpdns.org,http://leeblyhz.gpplonert.dpdns.org,200,星亦禾,nginx,text/html,24908,"Nginx,jQuery",,944,
http://oaantev.goodks.dpdns.org,http://oaantev.goodks.dpdns.org,200,青辰珩,nginx,text/html,36893,"Nginx,jQuery",,1046,
http://jjkorgj.lanshanhu.dpdns.org,http://jjkorgj.lanshanhu.dpdns.org,200,阅辨解惑,nginx,text/html,21453,"Nginx,jQuery",,877,
http://cjeuzmsb.rtootsatpeg.dpdns.org,http://cjeuzmsb.rtootsatpeg.dpdns.org,200,凌云白,nginx,text/html,37988,"Nginx,jQuery",,1077,
http://zhmor.toopert.dpdns.org,http://zhmor.toopert.dpdns.org,200,清简生活录,nginx,text/html,16094,Nginx,,819,
http://dbtfaom.toopert.dpdns.org,http://dbtfaom.toopert.dpdns.org,200,景昭屿,nginx,text/html,16415,Nginx,,864,
http://dgyk.fopiloi.dpdns.org,http://dgyk.fopiloi.dpdns.org,200,诺清川,nginx,text/html,21425,"Nginx,WordPress,jQuery",,851,
http://kpsbtyxf.ftiop.dpdns.org,http://kpsbtyxf.ftiop.dpdns.org,200,随心流年,nginx,text/html,31705,"Nginx,jQuery",,943,
http://qmyhb.ftiop.dpdns.org,http://qmyhb.ftiop.dpdns.org,200,素写人间年,nginx,text/html,34538,"Nginx,jQuery",,887,
http://pjcwayl.yasewanhg.dpdns.org,http://pjcwayl.yasewanhg.dpdns.org,200,南凌禾,nginx,text/html,48494,"Nginx,jQuery",,888,
http://wpoxufv.toopert.dpdns.org,http://wpoxufv.toopert.dpdns.org,200,景昭珩,nginx,text/html,16485,Nginx,,895,
http://dwoomj.voopliux.dpdns.org,http://dwoomj.voopliux.dpdns.org,200,泽知白,nginx,text/html,28565,"Nginx,jQuery",,958,
http://hiwyiwro.fopiloi.dpdns.org,http://hiwyiwro.fopiloi.dpdns.org,200,明问,nginx,text/html,21747,"Nginx,WordPress,jQuery",,900,
http://cfhsmnhl.voopliux.dpdns.org,http://cfhsmnhl.voopliux.dpdns.org,200,临屿,nginx,text/html,29043,"Nginx,jQuery",,994,
http://pzeeij.taiyangshen.dpdns.org,http://pzeeij.taiyangshen.dpdns.org,200,默藏时光,nginx,text/html,30229,"Nginx,jQuery",,912,
http://gpbetnur.gpplonert.dpdns.org,http://gpbetnur.gpplonert.dpdns.org,200,弈网,nginx,text/html,24162,"Nginx,jQuery",,1131,
http://ogzlhynf.fooiuoplik.dpdns.org,http://ogzlhynf.fooiuoplik.dpdns.org,200,慢书人间,nginx,text/html,29657,"Bootstrap,Nginx,jQuery",,928,
http://xolmplel.gpplonert.dpdns.org,http://xolmplel.gpplonert.dpdns.org,200,青辰珩,nginx,text/html,24535,"Nginx,jQuery",,1153,
http://ehyyar.sheyedashe.dpdns.org,http://ehyyar.sheyedashe.dpdns.org,200,凌舟,nginx,text/html,28746,"Nginx,jQuery",,922,
http://sqhvfyup.goodks.dpdns.org,http://sqhvfyup.goodks.dpdns.org,200,静藏日常,nginx,text/html,25029,"Nginx,jQuery",,948,
http://iqzhelfz.gpplonert.dpdns.org,http://iqzhelfz.gpplonert.dpdns.org,200,曦网,nginx,text/html,24772,"Nginx,jQuery",,970,
http://wtkrk.voopliuer.dpdns.org,http://wtkrk.voopliuer.dpdns.org,200,弘辨解惑,nginx,text/html,20676,Nginx,,883,
http://dslxuois.yasewanhg.dpdns.org,http://dslxuois.yasewanhg.dpdns.org,200,凌云川,nginx,text/html,48023,"Nginx,jQuery",,973,
http://yqgmgje.goodks.dpdns.org,http://yqgmgje.goodks.dpdns.org,200,临泽舟,nginx,text/html,19519,"Nginx,jQuery",,886,
http://ekvpo.gpplonert.dpdns.org,http://ekvpo.gpplonert.dpdns.org,200,衡寻隅,nginx,text/html,23980,"Nginx,jQuery",,1004,
http://gwflextv.fopiloi.dpdns.org,http://gwflextv.fopiloi.dpdns.org,200,问简,nginx,text/html,21943,"Nginx,WordPress,jQuery",,936,
http://ywbpfy.gpplonert.dpdns.org,http://ywbpfy.gpplonert.dpdns.org,200,南凌川,nginx,text/html,24687,"Nginx,jQuery",,939,
http://phntcql.gpplonert.dpdns.org,http://phntcql.gpplonert.dpdns.org,200,诺清禾,nginx,text/html,25170,"Nginx,jQuery",,1071,
http://acaphzjw.gpplonert.dpdns.org,http://acaphzjw.gpplonert.dpdns.org,200,诺清川,nginx,text/html,25043,"Nginx,jQuery",,992,
http://llaebj.boolpfont.dpdns.org,http://llaebj.boolpfont.dpdns.org,200,访网,nginx,text/html,30359,Nginx,,846,
http://agnlynvv.taiyangshen.dpdns.org,http://agnlynvv.taiyangshen.dpdns.org,200,衡寻隅,nginx,text/html,30245,"Nginx,jQuery",,868,
http://uvhse.yasewanhg.dpdns.org,http://uvhse.yasewanhg.dpdns.org,200,亦景屿,nginx,text/html,47342,"Nginx,jQuery",,832,
http://ysbeyoas.goodks.dpdns.org,http://ysbeyoas.goodks.dpdns.org,200,叙简川,nginx,text/html,29807,"Nginx,jQuery",,1962,
http://nrzwr.meitayouha.dpdns.org,http://nrzwr.meitayouha.dpdns.org,200,流网,nginx,text/html,25403,"Bootstrap,Nginx",,1020,
http://hjhhcoq.soertubn.dpdns.org,http://hjhhcoq.soertubn.dpdns.org,200,临泽屿,nginx,text/html,28006,"Bootstrap,Nginx,jQuery",,839,
http://ansaz.ftiop.dpdns.org,http://ansaz.ftiop.dpdns.org,200,梨酌网,nginx,text/html,34986,"Nginx,jQuery",,907,
http://txspjdvo.gpplonert.dpdns.org,http://txspjdvo.gpplonert.dpdns.org,200,诺清禾,nginx,text/html,24108,"Nginx,jQuery",,938,
http://usozzdm.weiyutiop.dpdns.org,http://usozzdm.weiyutiop.dpdns.org,200,环理解惑,nginx,text/html,23207,Nginx,,807,
http://bktthr.boolpfont.dpdns.org,http://bktthr.boolpfont.dpdns.org,200,知白,nginx,text/html,30180,"Nginx,jQuery",,807,
http://dibqspdq.voopliux.dpdns.org,http://dibqspdq.voopliux.dpdns.org,200,星亦屿,nginx,text/html,28475,"Nginx,jQuery",,868,
http://rraenh.boolpfont.dpdns.org,http://rraenh.boolpfont.dpdns.org,200,辰简珩,nginx,text/html,21394,Nginx,,980,
http://jeoudv.toopert.dpdns.org,http://jeoudv.toopert.dpdns.org,200,南凌川,nginx,text/html,16299,Nginx,,798,
http://dqvcjgnn.toopert.dpdns.org,http://dqvcjgnn.toopert.dpdns.org,200,径网,nginx,text/html,16101,Nginx,,806,
http://bqhtua.toopert.dpdns.org,http://bqhtua.toopert.dpdns.org,200,浅叙山河,nginx,text/html,15863,Nginx,,822,
http://eyjreks.fooiuoplik.dpdns.org,http://eyjreks.fooiuoplik.dpdns.org,200,凌云川,nginx,text/html,28984,"Bootstrap,Nginx,jQuery",,802,
http://txlrrcf.taiyangshen.dpdns.org,http://txlrrcf.taiyangshen.dpdns.org,200,笺网,nginx,text/html,30410,"Nginx,jQuery",,887,
http://lnouc.sheyedashe.dpdns.org,http://lnouc.sheyedashe.dpdns.org,200,昭青隅,nginx,text/html,28451,"Nginx,jQuery",,976,
http://gpocddig.fooiuoplik.dpdns.org,http://gpocddig.fooiuoplik.dpdns.org,200,景昭白,nginx,text/html,28956,"Bootstrap,Nginx,jQuery",,921,
http://svpaqxb.rtootsatpeg.dpdns.org,http://svpaqxb.rtootsatpeg.dpdns.org,200,临泽舟,nginx,text/html,37758,"Nginx,jQuery",,998,
http://gozokwu.lanshanhu.dpdns.org,http://gozokwu.lanshanhu.dpdns.org,200,临泽舟,nginx,text/html,21663,"Nginx,jQuery",,1023,
http://sevnkuao.wordres.dpdns.org,http://sevnkuao.wordres.dpdns.org,200,临隅,nginx,text/html,32763,"Nginx,WordPress,jQuery",,911,
http://vocbfnz.voopliux.dpdns.org,http://vocbfnz.voopliux.dpdns.org,200,青辰白,nginx,text/html,28174,"Nginx,jQuery",,973,
http://kuxbhdo.boolpfont.dpdns.org,http://kuxbhdo.boolpfont.dpdns.org,200,叙简珩,nginx,text/html,30774,"Bootstrap,Nginx,jQuery",,1001,
http://vmqrshy.weiyutiop.dpdns.org,http://vmqrshy.weiyutiop.dpdns.org,200,识渺问答,nginx,text/html,23060,Nginx,,943,
http://emiuianw.fooiuoplik.dpdns.org,http://emiuianw.fooiuoplik.dpdns.org,200,凌云白,nginx,text/html,29305,"Bootstrap,Nginx,jQuery",,890,
http://ddjvmdod.wordres.dpdns.org,http://ddjvmdod.wordres.dpdns.org,200,泽知隅,nginx,text/html,33199,"Nginx,WordPress,jQuery",,925,
http://iqntxano.gpplonert.dpdns.org,http://iqntxano.gpplonert.dpdns.org,200,临泽舟,nginx,text/html,24867,"Nginx,jQuery",,1026,
http://jtjuwecp.duogongneng.dpdns.org,http://jtjuwecp.duogongneng.dpdns.org,200,寥理解惑,nginx,text/html,31045,Nginx,,910,
http://ukamiy.toopert.dpdns.org,http://ukamiy.toopert.dpdns.org,200,零碎心事,nginx,text/html,16402,Nginx,,1890,
http://ngeukpfq.lanshanhu.dpdns.org,http://ngeukpfq.lanshanhu.dpdns.org,200,问曜,nginx,text/html,21430,"Nginx,jQuery",,1040,
http://oilveryu.soertubn.dpdns.org,http://oilveryu.soertubn.dpdns.org,200,宣辨解惑,nginx,text/html,35182,"Nginx,jQuery",,1261,
http://bfncpekt.boolpfont.dpdns.org,http://bfncpekt.boolpfont.dpdns.org,200,景珩,nginx,text/html,92053,"Nginx,jQuery",,1360,
http://htalnsbq.rtootsatpeg.dpdns.org,http://htalnsbq.rtootsatpeg.dpdns.org,200,凌云川,nginx,text/html,37836,"Nginx,jQuery",,1064,
http://olqcvp.meitayouha.dpdns.org,http://olqcvp.meitayouha.dpdns.org,200,临泽舟,nginx,text/html,35273,Nginx,,1517,
http://ymohfkyh.sheyedashe.dpdns.org,http://ymohfkyh.sheyedashe.dpdns.org,200,临川,nginx,text/html,29436,"Nginx,jQuery",,886,
http://mbppz.toopert.dpdns.org,http://mbppz.toopert.dpdns.org,200,南寻,nginx,text/html,15927,Nginx,,893,
http://woczbd.fooiuoplik.dpdns.org,http://woczbd.fooiuoplik.dpdns.org,200,素写流年,nginx,text/html,28237,"Bootstrap,Nginx,jQuery",,847,
http://qjaolgt.ftiop.dpdns.org,http://qjaolgt.ftiop.dpdns.org,200,简易解惑,nginx,text/html,34719,"Nginx,jQuery",,928,
http://nzyyjvnl.wordres.dpdns.org,http://nzyyjvnl.wordres.dpdns.org,200,亦景川,nginx,text/html,33019,"Nginx,WordPress,jQuery",,919,
http://lwrrqmam.ftiop.dpdns.org,http://lwrrqmam.ftiop.dpdns.org,200,青辰珩,nginx,text/html,34349,"Nginx,jQuery",,891,
http://toeod.fopiloi.dpdns.org,http://toeod.fopiloi.dpdns.org,200,简禾,nginx,text/html,22013,"Nginx,WordPress,jQuery",,808,
http://mjiwkl.gpplonert.dpdns.org,http://mjiwkl.gpplonert.dpdns.org,200,简约时光,nginx,text/html,24461,"Nginx,jQuery",,994,
http://kzbycxhu.weiyutiop.dpdns.org,http://kzbycxhu.weiyutiop.dpdns.org,200,静写流年,nginx,text/html,23409,Nginx,,856,
http://nrshllx.yasewanhg.dpdns.org,http://nrshllx.yasewanhg.dpdns.org,200,山河碎语,nginx,text/html,47905,"Nginx,jQuery",,847,
http://famvogq.ftiop.dpdns.org,http://famvogq.ftiop.dpdns.org,200,凌云白,nginx,text/html,34047,"Nginx,jQuery",,926,
http://sstezzcc.voopliux.dpdns.org,http://sstezzcc.voopliux.dpdns.org,200,浅叙流年,nginx,text/html,28720,"Nginx,jQuery",,1042,
http://wwuuev.goodks.dpdns.org,http://wwuuev.goodks.dpdns.org,200,泽知隅,nginx,text/html,47921,"Nginx,jQuery",,1743,
http://qnrlej.weiyutiop.dpdns.org,http://qnrlej.weiyutiop.dpdns.org,200,青辰白,nginx,text/html,23097,Nginx,,847,
http://cxgjot.yasewanhg.dpdns.org,http://cxgjot.yasewanhg.dpdns.org,200,凌云川,nginx,text/html,47568,"Nginx,jQuery",,842,
http://tksvs.soertubn.dpdns.org,http://tksvs.soertubn.dpdns.org,200,沐隅,nginx,text/html,33961,"Nginx,jQuery",,886,
http://jiviz.boolpfont.dpdns.org,http://jiviz.boolpfont.dpdns.org,200,安静随笔,nginx,text/html,22997,"Nginx,jQuery",,831,
http://urhtbbmj.sheyedashe.dpdns.org,http://urhtbbmj.sheyedashe.dpdns.org,200,知故问答,nginx,text/html,29530,"Nginx,jQuery",,911,
http://rnrmwv.taiyangshen.dpdns.org,http://rnrmwv.taiyangshen.dpdns.org,200,景昭白,nginx,text/html,30549,"Nginx,jQuery",,786,
http://meudp.voopliuer.dpdns.org,http://meudp.voopliuer.dpdns.org,200,智能问答,nginx,text/html,20504,Nginx,,850,
http://wvldf.goodks.dpdns.org,http://wvldf.goodks.dpdns.org,200,闲叙山河,nginx,text/html,27719,"Nginx,jQuery",,909,
http://ktpnxe.boolpfont.dpdns.org,http://ktpnxe.boolpfont.dpdns.org,200,亦景屿,nginx,text/html,47858,"Nginx,jQuery",,867,
http://xhvktxeg.taiyangshen.dpdns.org,http://xhvktxeg.taiyangshen.dpdns.org,200,亦景川,nginx,text/html,30522,"Nginx,jQuery",,804,
http://yewae.voopliuer.dpdns.org,http://yewae.voopliuer.dpdns.org,200,凌云川,nginx,text/html,21038,Nginx,,858,
http://gxriuuhq.yasewanhg.dpdns.org,http://gxriuuhq.yasewanhg.dpdns.org,200,山水温柔集,nginx,text/html,47398,"Nginx,jQuery",,863,
http://llqaj.weiyutiop.dpdns.org,http://llqaj.weiyutiop.dpdns.org,200,简隅,nginx,text/html,22482,Nginx,,1007,
http://hazstoo.rtootsatpeg.dpdns.org,http://hazstoo.rtootsatpeg.dpdns.org,200,凌云禾,nginx,text/html,38077,"Nginx,jQuery",,1043,
http://jubfwtm.sheyedashe.dpdns.org,http://jubfwtm.sheyedashe.dpdns.org,200,夏光手记,nginx,text/html,28908,"Nginx,jQuery",,941,
http://mlxqd.weiyutiop.dpdns.org,http://mlxqd.weiyutiop.dpdns.org,200,青川,nginx,text/html,23050,Nginx,,992,
https://hk.conetcdataone.dpdns.org,https://hk.conetcdataone.dpdns.org,400,Invalid URL,AkamaiGHost,text/html,312,,,695,
http://hotonk.soertubn.dpdns.org,http://hotonk.soertubn.dpdns.org,200,南凌禾,nginx,text/html,35732,Nginx,,2492,
http://qcnovtrl.wordres.dpdns.org,http://qcnovtrl.wordres.dpdns.org,200,景昭白,nginx,text/html,32875,"Nginx,WordPress,jQuery",,1261,
http://cfnje.fopiloi.dpdns.org,http://cfnje.fopiloi.dpdns.org,200,歌网,nginx,text/html,22305,"Nginx,WordPress,jQuery",,1058,
http://shfmdnyl.wordres.dpdns.org,http://shfmdnyl.wordres.dpdns.org,200,简川,nginx,text/html,33447,"Nginx,WordPress,jQuery",,1217,
http://rxkmrv.ftiop.dpdns.org,http://rxkmrv.ftiop.dpdns.org,200,景昭屿,nginx,text/html,33681,"Nginx,jQuery",,1178,
http://warnun.voopliux.dpdns.org,http://warnun.voopliux.dpdns.org,200,诺清隅,nginx,text/html,28669,"Nginx,jQuery",,1234,
http://myoos.fooiuoplik.dpdns.org,http://myoos.fooiuoplik.dpdns.org,200,诺清川,nginx,text/html,28860,"Bootstrap,Nginx,jQuery",,1154,
http://gscnayib.soertubn.dpdns.org,http://gscnayib.soertubn.dpdns.org,200,临泽珩,nginx,text/html,35562,"Nginx,jQuery",,1132,
http://ndkyd.meitayouha.dpdns.org,http://ndkyd.meitayouha.dpdns.org,200,叙简川,nginx,text/html,21845,"Bootstrap,Nginx,jQuery",,1170,
http://lrkeuh.voopliuer.dpdns.org,http://lrkeuh.voopliuer.dpdns.org,200,昭青舟,nginx,text/html,21113,Nginx,,1249,
http://czxzrkl.duogongneng.dpdns.org,http://czxzrkl.duogongneng.dpdns.org,200,内理解惑,nginx,text/html,30243,Nginx,,1174,
http://hmivkl.fooiuoplik.dpdns.org,http://hmivkl.fooiuoplik.dpdns.org,200,诺清隅,nginx,text/html,28576,"Bootstrap,Nginx,jQuery",,1210,
http://ofbwfqg.toopert.dpdns.org,http://ofbwfqg.toopert.dpdns.org,200,安然自渡,nginx,text/html,16180,Nginx,,1260,
http://xawsyy.taiyangshen.dpdns.org,http://xawsyy.taiyangshen.dpdns.org,200,星亦川,nginx,text/html,30229,"Nginx,jQuery",,908,
http://grqol.sheyedashe.dpdns.org,http://grqol.sheyedashe.dpdns.org,200,临泽屿,nginx,text/html,29313,"Nginx,jQuery",,1042,
http://bsladnck.voopliux.dpdns.org,http://bsladnck.voopliux.dpdns.org,200,临泽屿,nginx,text/html,28919,"Nginx,jQuery",,1048,
http://emftay.voopliuer.dpdns.org,http://emftay.voopliuer.dpdns.org,200,平智阁,nginx,text/html,20772,Nginx,,996,
http://wnpulolc.gpplonert.dpdns.org,http://wnpulolc.gpplonert.dpdns.org,200,南凌屿,nginx,text/html,24795,"Nginx,jQuery",,1377,
http://jvlta.soertubn.dpdns.org,http://jvlta.soertubn.dpdns.org,200,辰简隅,nginx,text/html,32015,"Bootstrap,Nginx,jQuery",,1318,
http://zskkvwy.lanshanhu.dpdns.org,http://zskkvwy.lanshanhu.dpdns.org,200,星亦川,nginx,text/html,21701,"Nginx,jQuery",,1190,
http://nobjppie.wordres.dpdns.org,http://nobjppie.wordres.dpdns.org,200,问衍,nginx,text/html,33143,"Nginx,WordPress,jQuery",,1212,
http://ukrvhcav.soertubn.dpdns.org,http://ukrvhcav.soertubn.dpdns.org,200,探网,nginx,text/html,22820,"Bootstrap,Nginx,jQuery",,1260,
http://sihozjgk.toopert.dpdns.org,http://sihozjgk.toopert.dpdns.org,200,晚风拾遗,nginx,text/html,16318,Nginx,,905,
http://xlkhndq.sheyedashe.dpdns.org,http://xlkhndq.sheyedashe.dpdns.org,200,清简时光,nginx,text/html,28802,"Nginx,jQuery",,1099,
http://bffdh.fopiloi.dpdns.org,http://bffdh.fopiloi.dpdns.org,200,诺清川,nginx,text/html,22104,"Nginx,WordPress,jQuery",,980,
http://viijsx.goodks.dpdns.org,http://viijsx.goodks.dpdns.org,200,凡理堂,nginx,text/html,29329,"Bootstrap,Nginx,jQuery",,925,
http://jyjuxa.soertubn.dpdns.org,http://jyjuxa.soertubn.dpdns.org,200,理奥答疑,nginx,text/html,21756,"Bootstrap,Nginx,jQuery",,1451,
http://rtolrwkz.soertubn.dpdns.org,http://rtolrwkz.soertubn.dpdns.org,200,南凌禾,nginx,text/html,20853,"Bootstrap,Nginx,jQuery",,931,
http://jixxsgm.ftiop.dpdns.org,http://jixxsgm.ftiop.dpdns.org,200,闲叙山河,nginx,text/html,34043,"Nginx,jQuery",,1039,
http://dqrdihwc.gpplonert.dpdns.org,http://dqrdihwc.gpplonert.dpdns.org,200,隅网,nginx,text/html,25565,"Nginx,jQuery",,1076,
http://wlttm.yasewanhg.dpdns.org,http://wlttm.yasewanhg.dpdns.org,200,叙简白,nginx,text/html,48022,"Nginx,jQuery",,864,
http://kcdtov.toopert.dpdns.org,http://kcdtov.toopert.dpdns.org,200,睹理解惑,nginx,text/html,16422,Nginx,,823,
http://jhzvsc.wordres.dpdns.org,http://jhzvsc.wordres.dpdns.org,200,望舒网,nginx,text/html,32951,"Nginx,WordPress,jQuery",,928,
http://plhjhnlb.fopiloi.dpdns.org,http://plhjhnlb.fopiloi.dpdns.org,200,亦景屿,nginx,text/html,22059,"Nginx,WordPress,jQuery",,817,
http://uiugj.ftiop.dpdns.org,http://uiugj.ftiop.dpdns.org,200,自叙流年日常,nginx,text/html,34894,"Nginx,jQuery",,915,
http://jbczykkf.sheyedashe.dpdns.org,http://jbczykkf.sheyedashe.dpdns.org,200,南寻,nginx,text/html,28955,"Nginx,jQuery",,849,
http://oyrfn.rtootsatpeg.dpdns.org,http://oyrfn.rtootsatpeg.dpdns.org,200,凌云川,nginx,text/html,37329,"Nginx,jQuery",,988,
http://hqpkyek.voopliuer.dpdns.org,http://hqpkyek.voopliuer.dpdns.org,200,临屿,nginx,text/html,20476,Nginx,,827,
http://prhsg.voopliuer.dpdns.org,http://prhsg.voopliuer.dpdns.org,200,南凌川,nginx,text/html,20299,Nginx,,853,
http://xgerap.duogongneng.dpdns.org,http://xgerap.duogongneng.dpdns.org,200,清南禾,nginx,text/html,30094,Nginx,,867,
http://ajbpgyut.fopiloi.dpdns.org,http://ajbpgyut.fopiloi.dpdns.org,200,星亦屿,nginx,text/html,22102,"Nginx,WordPress,jQuery",,799,
http://ixjvq.fooiuoplik.dpdns.org,http://ixjvq.fooiuoplik.dpdns.org,200,默拥朝夕,nginx,text/html,28474,"Bootstrap,Nginx,jQuery",,756,
http://vkbegro.toopert.dpdns.org,http://vkbegro.toopert.dpdns.org,200,南凌川,nginx,text/html,15963,Nginx,,796,
http://fzscbx.soertubn.dpdns.org,http://fzscbx.soertubn.dpdns.org,200,答知,nginx,text/html,28493,"Bootstrap,Nginx,jQuery",,988,
http://eanfom.boolpfont.dpdns.org,http://eanfom.boolpfont.dpdns.org,200,温藏朝夕,nginx,text/html,24826,"Bootstrap,Nginx,jQuery",,892,
http://btjlhdm.fopiloi.dpdns.org,http://btjlhdm.fopiloi.dpdns.org,200,青辰川,nginx,text/html,21437,"Nginx,WordPress,jQuery",,817,
https://haichuang-panel.imzwr667.dpdns.org,https://haichuang-panel.imzwr667.dpdns.org,200,Meridian — Emby 反代管理面板,nginx,text/html,5140,Nginx,,701,
http://vtevljn.fooiuoplik.dpdns.org,http://vtevljn.fooiuoplik.dpdns.org,200,叙简珩,nginx,text/html,28355,"Bootstrap,Nginx,jQuery",,806,
http://rwbup.fooiuoplik.dpdns.org,http://rwbup.fooiuoplik.dpdns.org,200,岑网,nginx,text/html,29183,"Bootstrap,Nginx,jQuery",,831,
http://otzcad.taiyangshen.dpdns.org,http://otzcad.taiyangshen.dpdns.org,200,轻叙浮生,nginx,text/html,30233,"Nginx,jQuery",,851,
http://jdkhn.goodks.dpdns.org,http://jdkhn.goodks.dpdns.org,200,基理解惑,nginx,text/html,20198,"Nginx,jQuery",,898,
https://uzojdn.toopert.dpdns.org,https://uzojdn.toopert.dpdns.org,200,404 Not Found,nginx,text/html,138,Nginx,,744,
http://czufvn.goodks.dpdns.org,http://czufvn.goodks.dpdns.org,200,山海碎记,nginx,text/html,23082,"Bootstrap,Nginx",,954,
http://ytvtr.lanshanhu.dpdns.org,http://ytvtr.lanshanhu.dpdns.org,200,景昭白,nginx,text/html,20971,"Nginx,jQuery",,886,
http://oozezxdy.lanshanhu.dpdns.org,http://oozezxdy.lanshanhu.dpdns.org,200,知屿,nginx,text/html,21046,"Nginx,jQuery",,894,
http://jzzqule.weiyutiop.dpdns.org,http://jzzqule.weiyutiop.dpdns.org,200,临泽屿,nginx,text/html,23311,Nginx,,894,
http://jyuvdupz.rtootsatpeg.dpdns.org,http://jyuvdupz.rtootsatpeg.dpdns.org,200,馥网,nginx,text/html,38037,"Nginx,jQuery",,906,
http://eiplezl.voopliuer.dpdns.org,http://eiplezl.voopliuer.dpdns.org,200,凌云白,nginx,text/html,20403,Nginx,,830,
http://mvtij.gpplonert.dpdns.org,http://mvtij.gpplonert.dpdns.org,200,生活絮语,nginx,text/html,24485,"Nginx,jQuery",,941,
http://mitjqn.toopert.dpdns.org,http://mitjqn.toopert.dpdns.org,200,诺寻,nginx,text/html,16094,Nginx,,796,
http://ulnuyl.boolpfont.dpdns.org,http://ulnuyl.boolpfont.dpdns.org,200,凌云禾,nginx,text/html,91623,"Nginx,jQuery",,1268,
http://vfmcwqy.lanshanhu.dpdns.org,http://vfmcwqy.lanshanhu.dpdns.org,200,临泽珩,nginx,text/html,21329,"Nginx,jQuery",,845,
http://cxdwa.duogongneng.dpdns.org,http://cxdwa.duogongneng.dpdns.org,200,临泽舟,nginx,text/html,30390,Nginx,,812,
http://tjfyep.meitayouha.dpdns.org,http://tjfyep.meitayouha.dpdns.org,200,凌云白,nginx,text/html,29819,"Bootstrap,Nginx,jQuery",,799,
http://pqfmnm.ftiop.dpdns.org,http://pqfmnm.ftiop.dpdns.org,200,星亦禾,nginx,text/html,33574,"Nginx,jQuery",,873,
http://zxlxfvz.weiyutiop.dpdns.org,http://zxlxfvz.weiyutiop.dpdns.org,200,温书日常,nginx,text/html,23059,Nginx,,882,
http://bpazivb.gpplonert.dpdns.org,http://bpazivb.gpplonert.dpdns.org,200,亦景屿,nginx,text/html,24691,"Nginx,jQuery",,898,
http://nfxenanr.wordres.dpdns.org,http://nfxenanr.wordres.dpdns.org,200,解网,nginx,text/html,33518,"Nginx,WordPress,jQuery",,933,
http://henqa.rtootsatpeg.dpdns.org,http://henqa.rtootsatpeg.dpdns.org,200,诺清隅,nginx,text/html,37556,"Nginx,jQuery",,1017,
http://dzmgx.soertubn.dpdns.org,http://dzmgx.soertubn.dpdns.org,200,景寻,nginx,text/html,59114,"Nginx,jQuery",,1185,
http://xwonsynf.goodks.dpdns.org,http://xwonsynf.goodks.dpdns.org,200,叙简珩,nginx,text/html,27594,"Bootstrap,Nginx,jQuery",,876,
http://muntvjx.goodks.dpdns.org,http://muntvjx.goodks.dpdns.org,200,青珩,nginx,text/html,20828,"Nginx,jQuery",,834,
http://jskcbx.gpplonert.dpdns.org,http://jskcbx.gpplonert.dpdns.org,200,青辰白,nginx,text/html,24721,"Nginx,jQuery",,1548,
http://szbrcauy.toopert.dpdns.org,http://szbrcauy.toopert.dpdns.org,200,南凌川,nginx,text/html,16315,Nginx,,793,
http://iaeug.soertubn.dpdns.org,http://iaeug.soertubn.dpdns.org,200,默渡人间,nginx,text/html,35669,"Nginx,jQuery",,818,
http://zepradp.meitayouha.dpdns.org,http://zepradp.meitayouha.dpdns.org,200,南凌川,nginx,text/html,21747,"Bootstrap,Nginx",,932,
http://wzfnzwi.yasewanhg.dpdns.org,http://wzfnzwi.yasewanhg.dpdns.org,200,独藏生活碎笔,nginx,text/html,47504,"Nginx,jQuery",,865,
https://jriqx.wordres.dpdns.org,https://jriqx.wordres.dpdns.org,200,404 Not Found,nginx,text/html,138,Nginx,,814,
http://yftvnsm.fooiuoplik.dpdns.org,http://yftvnsm.fooiuoplik.dpdns.org,200,慢记温柔,nginx,text/html,28878,"Bootstrap,Nginx,jQuery",,767,
http://gauica.fopiloi.dpdns.org,http://gauica.fopiloi.dpdns.org,200,夏光手记,nginx,text/html,21768,"Nginx,WordPress,jQuery",,825,
http://mvcdwgc.yasewanhg.dpdns.org,http://mvcdwgc.yasewanhg.dpdns.org,200,宁答辨,nginx,text/html,47865,"Nginx,jQuery",,819,
http://brieksh.meitayouha.dpdns.org,http://brieksh.meitayouha.dpdns.org,200,全网,nginx,text/html,26163,"Nginx,jQuery",,842,
http://otlcgg.soertubn.dpdns.org,http://otlcgg.soertubn.dpdns.org,200,临泽屿,nginx,text/html,24116,Nginx,,1160,
http://qelscl.duogongneng.dpdns.org,http://qelscl.duogongneng.dpdns.org,200,泽知白,nginx,text/html,30002,Nginx,,920,
http://ausyaalq.ftiop.dpdns.org,http://ausyaalq.ftiop.dpdns.org,200,景昭白,nginx,text/html,34031,"Nginx,jQuery",,1765,
http://sviwbdef.taiyangshen.dpdns.org,http://sviwbdef.taiyangshen.dpdns.org,200,景昭白,nginx,text/html,30311,"Nginx,jQuery",,907,
http://izrmaeiv.fooiuoplik.dpdns.org,http://izrmaeiv.fooiuoplik.dpdns.org,200,青辰白,nginx,text/html,28250,"Bootstrap,Nginx,jQuery",,858,
http://reqdice.gpplonert.dpdns.org,http://reqdice.gpplonert.dpdns.org,200,诺清川,nginx,text/html,24664,"Nginx,jQuery",,1043,
http://cslvkmg.fopiloi.dpdns.org,http://cslvkmg.fopiloi.dpdns.org,200,诺清川,nginx,text/html,21782,"Nginx,WordPress,jQuery",,971,
http://jwkdztrf.yasewanhg.dpdns.org,http://jwkdztrf.yasewanhg.dpdns.org,200,凌云禾,nginx,text/html,48119,"Nginx,jQuery",,936,
http://syp.weiyutiop.dpdns.org,http://syp.weiyutiop.dpdns.org,200,诺寻,nginx,text/html,23494,Nginx,,626,
http://spiwchze.soertubn.dpdns.org,http://spiwchze.soertubn.dpdns.org,200,凌云白,nginx,text/html,49613,"Nginx,jQuery",,1478,
http://zkcgphl.weiyutiop.dpdns.org,http://zkcgphl.weiyutiop.dpdns.org,200,星亦川,nginx,text/html,23601,Nginx,,1932,
http://ultvw.toopert.dpdns.org,http://ultvw.toopert.dpdns.org,200,临泽珩,nginx,text/html,16242,Nginx,,840,
http://pnvzabe.toopert.dpdns.org,http://pnvzabe.toopert.dpdns.org,200,沐珩,nginx,text/html,16124,Nginx,,834,
http://mfxrdul.yasewanhg.dpdns.org,http://mfxrdul.yasewanhg.dpdns.org,200,松弛自渡,nginx,text/html,48246,"Nginx,jQuery",,832,
http://olrbxha.goodks.dpdns.org,http://olrbxha.goodks.dpdns.org,200,凌云白,nginx,text/html,21891,"Nginx,jQuery",,1669,
http://osagtckx.meitayouha.dpdns.org,http://osagtckx.meitayouha.dpdns.org,200,临川,nginx,text/html,49243,"Nginx,jQuery",,1039,
http://izliwo.fooiuoplik.dpdns.org,http://izliwo.fooiuoplik.dpdns.org,200,风禾纪事,nginx,text/html,28249,"Bootstrap,Nginx,jQuery",,870,
http://aavlmqq.fooiuoplik.dpdns.org,http://aavlmqq.fooiuoplik.dpdns.org,200,凌云川,nginx,text/html,28841,"Bootstrap,Nginx,jQuery",,884,
http://ojhlz.toopert.dpdns.org,http://ojhlz.toopert.dpdns.org,200,轻记浮生,nginx,text/html,16024,Nginx,,966,
http://xrwgsu.voopliux.dpdns.org,http://xrwgsu.voopliux.dpdns.org,200,星亦禾,nginx,text/html,28223,"Nginx,jQuery",,862,
http://ypnhrz.voopliux.dpdns.org,http://ypnhrz.voopliux.dpdns.org,200,临泽舟,nginx,text/html,28670,"Nginx,jQuery",,937,
http://cwhra.gpplonert.dpdns.org,http://cwhra.gpplonert.dpdns.org,200,游网,nginx,text/html,24582,"Nginx,jQuery",,917,
http://lkcllj.lanshanhu.dpdns.org,http://lkcllj.lanshanhu.dpdns.org,200,望辨解惑,nginx,text/html,21770,"Nginx,jQuery",,934,
http://lobcpkl.soertubn.dpdns.org,http://lobcpkl.soertubn.dpdns.org,200,星亦屿,nginx,text/html,19322,Nginx,,838,
http://pcgin.taiyangshen.dpdns.org,http://pcgin.taiyangshen.dpdns.org,200,问廓库,nginx,text/html,29875,"Nginx,jQuery",,907,
http://lxgsnmp.duogongneng.dpdns.org,http://lxgsnmp.duogongneng.dpdns.org,200,朝暮手记,nginx,text/html,29783,Nginx,,901,
http://azzgka.yasewanhg.dpdns.org,http://azzgka.yasewanhg.dpdns.org,200,万象库,nginx,text/html,48293,"Nginx,jQuery",,884,
http://zvsmu.yasewanhg.dpdns.org,http://zvsmu.yasewanhg.dpdns.org,200,叙简川,nginx,text/html,47893,"Nginx,jQuery",,858,
http://dhkfunk.ftiop.dpdns.org,http://dhkfunk.ftiop.dpdns.org,200,青辰白,nginx,text/html,34718,"Nginx,jQuery",,962,
http://vwlyt.goodks.dpdns.org,http://vwlyt.goodks.dpdns.org,200,温柔自渡,nginx,text/html,32091,Nginx,,819,
http://ugpmhgr.fopiloi.dpdns.org,http://ugpmhgr.fopiloi.dpdns.org,200,临泽珩,nginx,text/html,22044,"Nginx,WordPress,jQuery",,787,
http://admakm.taiyangshen.dpdns.org,http://admakm.taiyangshen.dpdns.org,200,泽知珩,nginx,text/html,30441,"Nginx,jQuery",,820,
http://pgddvx.toopert.dpdns.org,http://pgddvx.toopert.dpdns.org,200,松弛纪事,nginx,text/html,16155,Nginx,,829,
http://raiplbn.gpplonert.dpdns.org,http://raiplbn.gpplonert.dpdns.org,200,南禾,nginx,text/html,24330,"Nginx,jQuery",,894,
http://hcmhbx.voopliuer.dpdns.org,http://hcmhbx.voopliuer.dpdns.org,200,沐隅,nginx,text/html,20517,Nginx,,838,
http://pupqhs.voopliuer.dpdns.org,http://pupqhs.voopliuer.dpdns.org,200,衡暮风,nginx,text/html,21194,Nginx,,848,
http://ixwlomn.yasewanhg.dpdns.org,http://ixwlomn.yasewanhg.dpdns.org,200,悠网,nginx,text/html,47091,"Nginx,jQuery",,797,
http://ckaelijm.gpplonert.dpdns.org,http://ckaelijm.gpplonert.dpdns.org,200,叙简川,nginx,text/html,24655,"Nginx,jQuery",,1259,
http://kjlpkwfx.yasewanhg.dpdns.org,http://kjlpkwfx.yasewanhg.dpdns.org,200,诺清禾,nginx,text/html,48260,"Nginx,jQuery",,1249,
http://mdmheplr.taiyangshen.dpdns.org,http://mdmheplr.taiyangshen.dpdns.org,200,星亦川,nginx,text/html,30394,"Nginx,jQuery",,1202,
http://swfpnq.voopliux.dpdns.org,http://swfpnq.voopliux.dpdns.org,200,探网,nginx,text/html,28931,"Nginx,jQuery",,1242,
http://fawshcie.gpplonert.dpdns.org,http://fawshcie.gpplonert.dpdns.org,200,临泽舟,nginx,text/html,24304,"Nginx,jQuery",,1307,
http://gohzmb.taiyangshen.dpdns.org,http://gohzmb.taiyangshen.dpdns.org,200,星亦川,nginx,text/html,30436,"Nginx,jQuery",,1250,
http://prktoq.taiyangshen.dpdns.org,http://prktoq.taiyangshen.dpdns.org,200,青辰川,nginx,text/html,29928,"Nginx,jQuery",,1257,
http://psajcqd.soertubn.dpdns.org,http://psajcqd.soertubn.dpdns.org,200,诺清禾,nginx,text/html,29465,"Bootstrap,Nginx,jQuery",,1547,
http://citilc.lanshanhu.dpdns.org,http://citilc.lanshanhu.dpdns.org,200,景寻,nginx,text/html,21439,"Nginx,jQuery",,1351,
http://zzzymvb.fopiloi.dpdns.org,http://zzzymvb.fopiloi.dpdns.org,200,青辰珩,nginx,text/html,22101,"Nginx,WordPress,jQuery",,1317,
http://tegbrx.weiyutiop.dpdns.org,http://tegbrx.weiyutiop.dpdns.org,200,星亦川,nginx,text/html,23638,Nginx,,1410,
http://urdssg.voopliux.dpdns.org,http://urdssg.voopliux.dpdns.org,200,山野情书,nginx,text/html,28579,"Nginx,jQuery",,1061,
http://kowfmwlc.voopliuer.dpdns.org,http://kowfmwlc.voopliuer.dpdns.org,200,复断解惑,nginx,text/html,20847,Nginx,,1191,
http://mzzpl.fooiuoplik.dpdns.org,http://mzzpl.fooiuoplik.dpdns.org,200,星亦屿,nginx,text/html,28323,"Bootstrap,Nginx,jQuery",,1249,
http://xogyyn.weiyutiop.dpdns.org,http://xogyyn.weiyutiop.dpdns.org,200,南凌川,nginx,text/html,23819,Nginx,,1270,
http://ajeakfp.gpplonert.dpdns.org,http://ajeakfp.gpplonert.dpdns.org,200,临泽屿,nginx,text/html,24473,"Nginx,jQuery",,1528,
http://eyiusix.voopliux.dpdns.org,http://eyiusix.voopliux.dpdns.org,200,沐珩,nginx,text/html,28733,"Nginx,jQuery",,1272,
http://kfskn.duogongneng.dpdns.org,http://kfskn.duogongneng.dpdns.org,200,杏网,nginx,text/html,30272,Nginx,,1379,
http://hyevtgvq.fopiloi.dpdns.org,http://hyevtgvq.fopiloi.dpdns.org,200,青辰川,nginx,text/html,21244,"Nginx,WordPress,jQuery",,1391,
http://dhpipoa.gpplonert.dpdns.org,http://dhpipoa.gpplonert.dpdns.org,200,叙简珩,nginx,text/html,24405,"Nginx,jQuery",,1331,
http://npdifc.fooiuoplik.dpdns.org,http://npdifc.fooiuoplik.dpdns.org,200,叙简白,nginx,text/html,29201,"Bootstrap,Nginx,jQuery",,949,
http://ssdcuui.soertubn.dpdns.org,http://ssdcuui.soertubn.dpdns.org,200,弘辨解惑,nginx,text/html,23097,"Nginx,jQuery",,1189,
http://kztbhjgl.fooiuoplik.dpdns.org,http://kztbhjgl.fooiuoplik.dpdns.org,200,景昭白,nginx,text/html,28692,"Bootstrap,Nginx,jQuery",,1072,
http://jplsvg.sheyedashe.dpdns.org,http://jplsvg.sheyedashe.dpdns.org,200,慢温山河,nginx,text/html,28418,"Nginx,jQuery",,1127,
http://wfuvz.voopliux.dpdns.org,http://wfuvz.voopliux.dpdns.org,200,凌云川,nginx,text/html,28482,"Nginx,jQuery",,1108,
http://verrnk.gpplonert.dpdns.org,http://verrnk.gpplonert.dpdns.org,200,闲写温柔,nginx,text/html,24426,"Nginx,jQuery",,1199,
http://uzeas.fopiloi.dpdns.org,http://uzeas.fopiloi.dpdns.org,200,南珩,nginx,text/html,21430,"Nginx,WordPress,jQuery",,810,
http://rqlgvpl.boolpfont.dpdns.org,http://rqlgvpl.boolpfont.dpdns.org,200,南凌屿,nginx,text/html,47977,"Nginx,jQuery",,1632,
http://lulzm.goodks.dpdns.org,http://lulzm.goodks.dpdns.org,200,星亦禾,nginx,text/html,28125,"Bootstrap,Nginx,jQuery",,748,
http://qntmt.goodks.dpdns.org,http://qntmt.goodks.dpdns.org,200,宣辨解惑,nginx,text/html,48523,"Nginx,jQuery",,2185,
http://oenchvln.yasewanhg.dpdns.org,http://oenchvln.yasewanhg.dpdns.org,200,青禾,nginx,text/html,48175,"Nginx,jQuery",,793,
http://yfscwwy.voopliux.dpdns.org,http://yfscwwy.voopliux.dpdns.org,200,询辨堂,nginx,text/html,28869,"Nginx,jQuery",,854,
http://nyaoluj.duogongneng.dpdns.org,http://nyaoluj.duogongneng.dpdns.org,200,诺清禾,nginx,text/html,30539,Nginx,,879,
http://yrhomyi.boolpfont.dpdns.org,http://yrhomyi.boolpfont.dpdns.org,200,临屿,nginx,text/html,63912,Nginx,,1804,
http://xzpjqgru.soertubn.dpdns.org,http://xzpjqgru.soertubn.dpdns.org,200,环知解惑,nginx,text/html,35780,Nginx,,1496,
http://tjdzhg.duogongneng.dpdns.org,http://tjdzhg.duogongneng.dpdns.org,200,芽网,nginx,text/html,30830,Nginx,,838,
http://muemm.lanshanhu.dpdns.org,http://muemm.lanshanhu.dpdns.org,200,星白,nginx,text/html,21093,"Nginx,jQuery",,862,
http://cfiqprj.weiyutiop.dpdns.org,http://cfiqprj.weiyutiop.dpdns.org,200,荷叙网,nginx,text/html,23813,Nginx,,822,
http://ozowfbte.lanshanhu.dpdns.org,http://ozowfbte.lanshanhu.dpdns.org,200,南禾,nginx,text/html,21093,"Nginx,jQuery",,877,
http://wzdtrrdv.weiyutiop.dpdns.org,http://wzdtrrdv.weiyutiop.dpdns.org,200,青隅,nginx,text/html,22930,Nginx,,874,
http://ezjmbpq.weiyutiop.dpdns.org,http://ezjmbpq.weiyutiop.dpdns.org,200,叙简川,nginx,text/html,23728,Nginx,,899,
http://ylecn.sheyedashe.dpdns.org,http://ylecn.sheyedashe.dpdns.org,200,凌云白,nginx,text/html,27648,"Nginx,jQuery",,892,
http://hgxrczdv.boolpfont.dpdns.org,http://hgxrczdv.boolpfont.dpdns.org,200,复理解惑,nginx,text/html,24389,Nginx,,911,
http://ocnmbfl.fooiuoplik.dpdns.org,http://ocnmbfl.fooiuoplik.dpdns.org,200,临泽屿,nginx,text/html,28799,"Bootstrap,Nginx,jQuery",,889,
http://rxvresu.soertubn.dpdns.org,http://rxvresu.soertubn.dpdns.org,200,南凌禾,nginx,text/html,27470,"Bootstrap,Nginx",,946,
http://caglx.weiyutiop.dpdns.org,http://caglx.weiyutiop.dpdns.org,200,众答解惑,nginx,text/html,21107,Nginx,,882,
http://eafbovmg.ftiop.dpdns.org,http://eafbovmg.ftiop.dpdns.org,200,宁答祈,nginx,text/html,34030,"Nginx,jQuery",,958,
http://kxnegeib.wordres.dpdns.org,http://kxnegeib.wordres.dpdns.org,200,断省解惑,nginx,text/html,32855,"Nginx,WordPress,jQuery",,901,
http://ouhoapvt.sheyedashe.dpdns.org,http://ouhoapvt.sheyedashe.dpdns.org,200,慢拾时光,nginx,text/html,28859,"Nginx,jQuery",,1046,
http://povppztu.weiyutiop.dpdns.org,http://povppztu.weiyutiop.dpdns.org,200,安然自渡,nginx,text/html,23121,Nginx,,939,
http://ltvsdgz.yasewanhg.dpdns.org,http://ltvsdgz.yasewanhg.dpdns.org,200,叙简川,nginx,text/html,47916,"Nginx,jQuery",,905,
http://zenqip.boolpfont.dpdns.org,http://zenqip.boolpfont.dpdns.org,200,寻网,nginx,text/html,22315,"Bootstrap,Nginx,jQuery",,1066,
http://cvvgf.sheyedashe.dpdns.org,http://cvvgf.sheyedashe.dpdns.org,200,望理解惑,nginx,text/html,28603,"Nginx,jQuery",,910,
http://jvffyb.lanshanhu.dpdns.org,http://jvffyb.lanshanhu.dpdns.org,200,时光余温,nginx,text/html,21475,"Nginx,jQuery",,859,
http://ertbun.lanshanhu.dpdns.org,http://ertbun.lanshanhu.dpdns.org,200,南凌屿,nginx,text/html,21379,"Nginx,jQuery",,841,
http://effliihv.ftiop.dpdns.org,http://effliihv.ftiop.dpdns.org,200,半盏光阴,nginx,text/html,34700,"Nginx,jQuery",,939,
http://enbnckxp.rtootsatpeg.dpdns.org,http://enbnckxp.rtootsatpeg.dpdns.org,200,问祈,nginx,text/html,37531,"Nginx,jQuery",,995,
http://abbwszc.fopiloi.dpdns.org,http://abbwszc.fopiloi.dpdns.org,200,景昭白,nginx,text/html,21380,"Nginx,WordPress,jQuery",,860,
http://lezssx.rtootsatpeg.dpdns.org,http://lezssx.rtootsatpeg.dpdns.org,200,显辨解惑,nginx,text/html,37200,"Nginx,jQuery",,963,
http://spukbrw.fopiloi.dpdns.org,http://spukbrw.fopiloi.dpdns.org,200,安然随笔,nginx,text/html,21707,"Nginx,WordPress,jQuery",,787,
http://bfzmdk.weiyutiop.dpdns.org,http://bfzmdk.weiyutiop.dpdns.org,200,振断解惑,nginx,text/html,23634,Nginx,,910,
http://ysdjjz.soertubn.dpdns.org,http://ysdjjz.soertubn.dpdns.org,200,智能答疑,nginx,text/html,83893,Nginx,,1298,
http://xnyeenij.yasewanhg.dpdns.org,http://xnyeenij.yasewanhg.dpdns.org,200,盼夏网,nginx,text/html,47695,"Nginx,jQuery",,926,
http://pcjpm.voopliux.dpdns.org,http://pcjpm.voopliux.dpdns.org,200,凌云川,nginx,text/html,28408,"Nginx,jQuery",,918,
http://hdwjg.ftiop.dpdns.org,http://hdwjg.ftiop.dpdns.org,200,启理解惑,nginx,text/html,34201,"Nginx,jQuery",,928,
http://dverlpjq.wordres.dpdns.org,http://dverlpjq.wordres.dpdns.org,200,桐网,nginx,text/html,33023,"Nginx,WordPress,jQuery",,830,
http://hycpiqqs.ftiop.dpdns.org,http://hycpiqqs.ftiop.dpdns.org,200,百科答疑,nginx,text/html,34675,"Nginx,jQuery",,900,
http://rvfdw.fopiloi.dpdns.org,http://rvfdw.fopiloi.dpdns.org,200,泽知珩,nginx,text/html,21420,"Nginx,WordPress,jQuery",,809,
http://oupghfll.rtootsatpeg.dpdns.org,http://oupghfll.rtootsatpeg.dpdns.org,200,星亦禾,nginx,text/html,37204,"Nginx,jQuery",,950,
http://yakylp.wordres.dpdns.org,http://yakylp.wordres.dpdns.org,200,凌云川,nginx,text/html,33085,"Nginx,WordPress,jQuery",,786,
http://sumll.yasewanhg.dpdns.org,http://sumll.yasewanhg.dpdns.org,200,静温岁月,nginx,text/html,46590,"Nginx,jQuery",,757,
http://agaetdcc.goodks.dpdns.org,http://agaetdcc.goodks.dpdns.org,200,辰简隅,nginx,text/html,34781,"Nginx,jQuery",,887,
http://qwdxlr.ftiop.dpdns.org,http://qwdxlr.ftiop.dpdns.org,200,诺清隅,nginx,text/html,32340,"Nginx,jQuery",,886,
http://wprjwo.duogongneng.dpdns.org,http://wprjwo.duogongneng.dpdns.org,200,凌云禾,nginx,text/html,29966,Nginx,,860,
http://whlhuqq.ftiop.dpdns.org,http://whlhuqq.ftiop.dpdns.org,200,答析阁,nginx,text/html,33387,"Nginx,jQuery",,913,
http://jddborf.boolpfont.dpdns.org,http://jddborf.boolpfont.dpdns.org,200,轻写山河,nginx,text/html,25761,"Nginx,jQuery",,848,
http://vnwwr.taiyangshen.dpdns.org,http://vnwwr.taiyangshen.dpdns.org,200,辰沐禾,nginx,text/html,30341,"Nginx,jQuery",,889,
http://usbnzzu.fooiuoplik.dpdns.org,http://usbnzzu.fooiuoplik.dpdns.org,200,静写日常,nginx,text/html,28866,"Bootstrap,Nginx,jQuery",,899,
http://xnntk.sheyedashe.dpdns.org,http://xnntk.sheyedashe.dpdns.org,200,景昭屿,nginx,text/html,28705,"Nginx,jQuery",,908,
http://jupoc.ftiop.dpdns.org,http://jupoc.ftiop.dpdns.org,200,知行库,nginx,text/html,33978,"Nginx,jQuery",,1024,
http://uzklb.duogongneng.dpdns.org,http://uzklb.duogongneng.dpdns.org,200,亦景川,nginx,text/html,30288,Nginx,,994,
http://kgusmja.voopliuer.dpdns.org,http://kgusmja.voopliuer.dpdns.org,200,疏诺屿,nginx,text/html,20891,Nginx,,959,
http://sknoww.fopiloi.dpdns.org,http://sknoww.fopiloi.dpdns.org,200,明叙,nginx,text/html,21499,"Nginx,WordPress,jQuery",,909,
http://hzhvh.soertubn.dpdns.org,http://hzhvh.soertubn.dpdns.org,200,叙简川,nginx,text/html,16235,Nginx,,894,
http://xzikx.toopert.dpdns.org,http://xzikx.toopert.dpdns.org,200,衡寻屿,nginx,text/html,15843,Nginx,,885,
https://bgvfcv.fooiuoplik.dpdns.org,https://bgvfcv.fooiuoplik.dpdns.org,200,404 Not Found,nginx,text/html,138,Nginx,,729,
http://dkzhivn.weiyutiop.dpdns.org,http://dkzhivn.weiyutiop.dpdns.org,200,星亦禾,nginx,text/html,23312,Nginx,,922,
http://lthhhep.lanshanhu.dpdns.org,http://lthhhep.lanshanhu.dpdns.org,200,瞻辨解惑,nginx,text/html,21380,"Nginx,jQuery",,973,
http://qyngov.sheyedashe.dpdns.org,http://qyngov.sheyedashe.dpdns.org,200,诺清隅,nginx,text/html,28738,"Nginx,jQuery",,1023,
http://xojmwsng.lanshanhu.dpdns.org,http://xojmwsng.lanshanhu.dpdns.org,200,青辰珩,nginx,text/html,21292,"Nginx,jQuery",,933,
http://gfysb.goodks.dpdns.org,http://gfysb.goodks.dpdns.org,200,临泽舟,nginx,text/html,88687,"Nginx,jQuery",,1258,
http://isnrft.weiyutiop.dpdns.org,http://isnrft.weiyutiop.dpdns.org,200,清醒自愈,nginx,text/html,23121,Nginx,,912,
http://pekthggv.weiyutiop.dpdns.org,http://pekthggv.weiyutiop.dpdns.org,200,觅廓库,nginx,text/html,23142,Nginx,,939,
http://aftvglxb.sheyedashe.dpdns.org,http://aftvglxb.sheyedashe.dpdns.org,200,叙简川,nginx,text/html,28799,"Nginx,jQuery",,926,
http://ahhrs.duogongneng.dpdns.org,http://ahhrs.duogongneng.dpdns.org,200,明理解惑,nginx,text/html,30461,Nginx,,969,
http://ogjgceme.goodks.dpdns.org,http://ogjgceme.goodks.dpdns.org,200,苗网,nginx,text/html,38596,"Bootstrap,Nginx,jQuery",,786,
http://zcfqereq.wordres.dpdns.org,http://zcfqereq.wordres.dpdns.org,200,临泽屿,nginx,text/html,33095,"Nginx,WordPress,jQuery",,773,
http://caxubjth.gpplonert.dpdns.org,http://caxubjth.gpplonert.dpdns.org,200,凌云白,nginx,text/html,24935,"Nginx,jQuery",,926,
http://hfsilaun.meitayouha.dpdns.org,http://hfsilaun.meitayouha.dpdns.org,200,星亦屿,nginx,text/html,57494,"Nginx,jQuery",,1559,
http://dvfegxp.gpplonert.dpdns.org,http://dvfegxp.gpplonert.dpdns.org,200,南凌屿,nginx,text/html,24288,"Nginx,jQuery",,864,
http://qcflylus.wordres.dpdns.org,http://qcflylus.wordres.dpdns.org,200,南凌禾,nginx,text/html,33218,"Nginx,WordPress,jQuery",,826,
http://qzrflcq.fopiloi.dpdns.org,http://qzrflcq.fopiloi.dpdns.org,200,亦景屿,nginx,text/html,21802,"Nginx,WordPress,jQuery",,763,
http://ugihdnqu.weiyutiop.dpdns.org,http://ugihdnqu.weiyutiop.dpdns.org,200,临泽屿,nginx,text/html,23401,Nginx,,3013,
http://lgpmua.lanshanhu.dpdns.org,http://lgpmua.lanshanhu.dpdns.org,200,南凌屿,nginx,text/html,20932,"Nginx,jQuery",,822,
http://mhejs.sheyedashe.dpdns.org,http://mhejs.sheyedashe.dpdns.org,200,南凌屿,nginx,text/html,28741,"Nginx,jQuery",,837,
http://egtje.gpplonert.dpdns.org,http://egtje.gpplonert.dpdns.org,200,禾网,nginx,text/html,23833,"Nginx,jQuery",,899,
https://nvwqvguk.taiyangshen.dpdns.org,https://nvwqvguk.taiyangshen.dpdns.org,200,404 Not Found,nginx,text/html,138,Nginx,,827,
http://pbyza.meitayouha.dpdns.org,http://pbyza.meitayouha.dpdns.org,200,诺珩,nginx,text/html,32950,"Bootstrap,Nginx,jQuery",,940,
http://apergew.taiyangshen.dpdns.org,http://apergew.taiyangshen.dpdns.org,200,辰简珩,nginx,text/html,30314,"Nginx,jQuery",,965,
http://cccbvevz.meitayouha.dpdns.org,http://cccbvevz.meitayouha.dpdns.org,200,南珩,nginx,text/html,55855,"Nginx,jQuery",,1717,
http://bnbtfwa.toopert.dpdns.org,http://bnbtfwa.toopert.dpdns.org,200,景昭白,nginx,text/html,16485,Nginx,,993,
http://oqpnw.yasewanhg.dpdns.org,http://oqpnw.yasewanhg.dpdns.org,200,慢热随笔,nginx,text/html,47084,"Nginx,jQuery",,1022,
http://dgutfb.weiyutiop.dpdns.org,http://dgutfb.weiyutiop.dpdns.org,200,景寻,nginx,text/html,23095,Nginx,,1082,
http://lmxhhqe.gpplonert.dpdns.org,http://lmxhhqe.gpplonert.dpdns.org,200,泽知珩,nginx,text/html,24468,"Nginx,jQuery",,1112,
https://rugcnrdp.yasewanhg.dpdns.org,https://rugcnrdp.yasewanhg.dpdns.org,200,404 Not Found,nginx,text/html,138,Nginx,,887,
http://dfkqq.lanshanhu.dpdns.org,http://dfkqq.lanshanhu.dpdns.org,200,轻温流年,nginx,text/html,20853,"Nginx,jQuery",,1035,
http://fggxcx.sheyedashe.dpdns.org,http://fggxcx.sheyedashe.dpdns.org,200,景昭屿,nginx,text/html,28587,"Nginx,jQuery",,934,
http://kdovjkj.weiyutiop.dpdns.org,http://kdovjkj.weiyutiop.dpdns.org,200,自渡人间,nginx,text/html,23303,Nginx,,934,
http://hvikccv.voopliuer.dpdns.org,http://hvikccv.voopliuer.dpdns.org,200,南凌禾,nginx,text/html,21452,Nginx,,1060,
http://ktpuanje.voopliuer.dpdns.org,http://ktpuanje.voopliuer.dpdns.org,200,通识库,nginx,text/html,21309,Nginx,,1049,
http://wuebekwu.wordres.dpdns.org,http://wuebekwu.wordres.dpdns.org,200,南凌屿,nginx,text/html,32253,"Nginx,WordPress,jQuery",,1943,
http://xd.goodks.dpdns.org,http://xd.goodks.dpdns.org,200,亦景川,nginx,text/html,26962,"Bootstrap,Nginx,jQuery",,1215,
http://kqkskax.voopliux.dpdns.org,http://kqkskax.voopliux.dpdns.org,200,博判解惑,nginx,text/html,28288,"Nginx,jQuery",,1097,
http://iufos.weiyutiop.dpdns.org,http://iufos.weiyutiop.dpdns.org,200,坊网,nginx,text/html,22939,Nginx,,1157,
http://dpexzqzj.toopert.dpdns.org,http://dpexzqzj.toopert.dpdns.org,200,昭寻珩,nginx,text/html,16440,Nginx,,1015,
http://ojotjyxu.rtootsatpeg.dpdns.org,http://ojotjyxu.rtootsatpeg.dpdns.org,200,自愈人间,nginx,text/html,37508,"Nginx,jQuery",,1243,
http://asinustc.goodks.dpdns.org,http://asinustc.goodks.dpdns.org,200,叙简白,nginx,text/html,19958,"Bootstrap,Nginx",,941,
http://mswmu.wordres.dpdns.org,http://mswmu.wordres.dpdns.org,200,星亦屿,nginx,text/html,32996,"Nginx,WordPress,jQuery",,988,
http://aplkxy.weiyutiop.dpdns.org,http://aplkxy.weiyutiop.dpdns.org,200,景川,nginx,text/html,22956,Nginx,,1014,
http://uhoaljs.wordres.dpdns.org,http://uhoaljs.wordres.dpdns.org,200,舍网,nginx,text/html,32886,"Nginx,WordPress,jQuery",,1917,
http://tnytu.fopiloi.dpdns.org,http://tnytu.fopiloi.dpdns.org,200,简白时光,nginx,text/html,21412,"Nginx,WordPress,jQuery",,832,
http://otpxg.yasewanhg.dpdns.org,http://otpxg.yasewanhg.dpdns.org,200,时光慢叙,nginx,text/html,47355,"Nginx,jQuery",,872,
http://xnsmyeb.wordres.dpdns.org,http://xnsmyeb.wordres.dpdns.org,200,元判解惑,nginx,text/html,33474,"Nginx,WordPress,jQuery",,923,
http://ahqdxulm.goodks.dpdns.org,http://ahqdxulm.goodks.dpdns.org,200,星白,nginx,text/html,130356,Nginx,,2162,
http://ozxeini.soertubn.dpdns.org,http://ozxeini.soertubn.dpdns.org,200,景昭珩,nginx,text/html,43622,Nginx,,1184,
http://xudpgk.toopert.dpdns.org,http://xudpgk.toopert.dpdns.org,200,静拾岁月,nginx,text/html,15737,Nginx,,810,
http://szxdkq.soertubn.dpdns.org,http://szxdkq.soertubn.dpdns.org,200,简寻,nginx,text/html,48419,"Nginx,jQuery",,1114,
http://qgtgy.boolpfont.dpdns.org,http://qgtgy.boolpfont.dpdns.org,200,临泽屿,nginx,text/html,29783,"Nginx,jQuery",,855,
http://tblnsowt.ftiop.dpdns.org,http://tblnsowt.ftiop.dpdns.org,200,凌云禾,nginx,text/html,34368,"Nginx,jQuery",,900,
http://ouybh.duogongneng.dpdns.org,http://ouybh.duogongneng.dpdns.org,200,星亦川,nginx,text/html,29608,Nginx,,830,
http://rdnghnqr.fopiloi.dpdns.org,http://rdnghnqr.fopiloi.dpdns.org,200,答序问理,nginx,text/html,21854,"Nginx,WordPress,jQuery",,803,
http://iejatt.yasewanhg.dpdns.org,http://iejatt.yasewanhg.dpdns.org,200,村网,nginx,text/html,46749,"Nginx,jQuery",,876,
http://buncueso.rtootsatpeg.dpdns.org,http://buncueso.rtootsatpeg.dpdns.org,200,思涧寻知,nginx,text/html,38185,"Nginx,jQuery",,945,
http://lphapqy.wordres.dpdns.org,http://lphapqy.wordres.dpdns.org,200,问衍,nginx,text/html,33228,"Nginx,WordPress,jQuery",,838,
http://npdhimu.voopliux.dpdns.org,http://npdhimu.voopliux.dpdns.org,200,凌云白,nginx,text/html,28836,"Nginx,jQuery",,872,
http://xlrgj.goodks.dpdns.org,http://xlrgj.goodks.dpdns.org,200,青辰珩,nginx,text/html,22490,"Bootstrap,Nginx",,955,
http://pbo.taiyangshen.dpdns.org,http://pbo.taiyangshen.dpdns.org,200,星亦川,nginx,text/html,30113,"Nginx,jQuery",,917,
http://egxozg.meitayouha.dpdns.org,http://egxozg.meitayouha.dpdns.org,200,径网,nginx,text/html,22502,"Bootstrap,Nginx",,632,
http://srsydqjh.toopert.dpdns.org,http://srsydqjh.toopert.dpdns.org,200,临泽屿,nginx,text/html,16291,Nginx,,893,
http://knpwcsi.lanshanhu.dpdns.org,http://knpwcsi.lanshanhu.dpdns.org,200,凌云川,nginx,text/html,21795,"Nginx,jQuery",,984,
http://zkwrogf.ftiop.dpdns.org,http://zkwrogf.ftiop.dpdns.org,200,叙简珩,nginx,text/html,34407,"Nginx,jQuery",,1025,
http://ezlzuza.gpplonert.dpdns.org,http://ezlzuza.gpplonert.dpdns.org,200,叙简珩,nginx,text/html,24725,"Nginx,jQuery",,1019,
http://foyovnog.boolpfont.dpdns.org,http://foyovnog.boolpfont.dpdns.org,200,人间闲散随笔,nginx,text/html,24709,"Bootstrap,Nginx,jQuery",,1017,
http://esfgmt.lanshanhu.dpdns.org,http://esfgmt.lanshanhu.dpdns.org,200,青川,nginx,text/html,21168,"Nginx,jQuery",,1052,
http://ufdxtobl.rtootsatpeg.dpdns.org,http://ufdxtobl.rtootsatpeg.dpdns.org,200,青辰川,nginx,text/html,38344,"Nginx,jQuery",,1079,
http://yqweic.fopiloi.dpdns.org,http://yqweic.fopiloi.dpdns.org,200,诺清禾,nginx,text/html,22327,"Nginx,WordPress,jQuery",,976,
http://szxnbq.voopliux.dpdns.org,http://szxnbq.voopliux.dpdns.org,200,星亦川,nginx,text/html,28363,"Nginx,jQuery",,975,
http://ioyfw.rtootsatpeg.dpdns.org,http://ioyfw.rtootsatpeg.dpdns.org,200,景昭屿,nginx,text/html,36787,"Nginx,jQuery",,1102,
http://cnxyzm.ftiop.dpdns.org,http://cnxyzm.ftiop.dpdns.org,200,扬断解惑,nginx,text/html,34547,"Nginx,jQuery",,1084,
http://qdpemlaf.meitayouha.dpdns.org,http://qdpemlaf.meitayouha.dpdns.org,200,临泽舟,nginx,text/html,20754,"Nginx,jQuery",,972,
http://pukqfbzc.voopliux.dpdns.org,http://pukqfbzc.voopliux.dpdns.org,200,真网,nginx,text/html,28878,"Nginx,jQuery",,1076,
http://nwsshaa.boolpfont.dpdns.org,http://nwsshaa.boolpfont.dpdns.org,200,简易解惑,nginx,text/html,19864,"Nginx,jQuery",,982,
http://rfsbb.meitayouha.dpdns.org,http://rfsbb.meitayouha.dpdns.org,200,梧网,nginx,text/html,27277,"Bootstrap,Nginx,jQuery",,1117,
http://xrjuwvr.ftiop.dpdns.org,http://xrjuwvr.ftiop.dpdns.org,200,凌云禾,nginx,text/html,34545,"Nginx,jQuery",,1028,
http://ujwmeig.wordres.dpdns.org,http://ujwmeig.wordres.dpdns.org,200,星珩,nginx,text/html,33007,"Nginx,WordPress,jQuery",,944,
http://iieyvbe.wordres.dpdns.org,http://iieyvbe.wordres.dpdns.org,200,诺清禾,nginx,text/html,33214,"Nginx,WordPress,jQuery",,945,
http://ibetaog.soertubn.dpdns.org,http://ibetaog.soertubn.dpdns.org,200,回知解惑,nginx,text/html,19238,"Nginx,jQuery",,893,
http://rhnwnmp.taiyangshen.dpdns.org,http://rhnwnmp.taiyangshen.dpdns.org,200,临泽舟,nginx,text/html,29808,"Nginx,jQuery",,940,
http://jwqvhuqz.voopliux.dpdns.org,http://jwqvhuqz.voopliux.dpdns.org,200,桨网,nginx,text/html,28720,"Nginx,jQuery",,978,
http://zducmc.wordres.dpdns.org,http://zducmc.wordres.dpdns.org,200,青辰川,nginx,text/html,33223,"Nginx,WordPress,jQuery",,1004,
http://mnrrn.wordres.dpdns.org,http://mnrrn.wordres.dpdns.org,200,景昭屿,nginx,text/html,32794,"Nginx,WordPress,jQuery",,960,
http://umjvitlr.duogongneng.dpdns.org,http://umjvitlr.duogongneng.dpdns.org,200,临泽舟,nginx,text/html,30404,Nginx,,874,
http://cgetff.voopliuer.dpdns.org,http://cgetff.voopliuer.dpdns.org,200,开辨解惑,nginx,text/html,20119,Nginx,,888,
http://qzrfomn.sheyedashe.dpdns.org,http://qzrfomn.sheyedashe.dpdns.org,200,南凌屿,nginx,text/html,29591,"Nginx,jQuery",,1013,
http://ljzrrn.ftiop.dpdns.org,http://ljzrrn.ftiop.dpdns.org,200,景昭屿,nginx,text/html,33939,"Nginx,jQuery",,937,
http://ikqzzz.duogongneng.dpdns.org,http://ikqzzz.duogongneng.dpdns.org,200,弘知解惑,nginx,text/html,30540,Nginx,,875,
http://qeojw.goodks.dpdns.org,http://qeojw.goodks.dpdns.org,200,沐寻,nginx,text/html,20614,"Bootstrap,Nginx",,863,
http://anqmb.fopiloi.dpdns.org,http://anqmb.fopiloi.dpdns.org,200,人间时光小筑,nginx,text/html,21352,"Nginx,WordPress,jQuery",,884,
http://jwmesapv.boolpfont.dpdns.org,http://jwmesapv.boolpfont.dpdns.org,200,识答,nginx,text/html,16325,Nginx,,773,
http://cjoh.yasewanhg.dpdns.org,http://cjoh.yasewanhg.dpdns.org,200,博识问答,nginx,text/html,47703,"Nginx,jQuery",,839,
http://umuha.boolpfont.dpdns.org,http://umuha.boolpfont.dpdns.org,200,星隅,nginx,text/html,22286,"Bootstrap,Nginx",,845,
http://kqari.yasewanhg.dpdns.org,http://kqari.yasewanhg.dpdns.org,200,知川,nginx,text/html,46762,"Nginx,jQuery",,805,
http://vuddp.fooiuoplik.dpdns.org,http://vuddp.fooiuoplik.dpdns.org,200,隅网,nginx,text/html,28138,"Bootstrap,Nginx,jQuery",,800,
http://dnkiysp.meitayouha.dpdns.org,http://dnkiysp.meitayouha.dpdns.org,200,开断解惑,nginx,text/html,31532,"Bootstrap,Nginx,jQuery",,904,
http://wjgfvv.weiyutiop.dpdns.org,http://wjgfvv.weiyutiop.dpdns.org,200,青辰川,nginx,text/html,23263,Nginx,,846,
http://gvvzgv.boolpfont.dpdns.org,http://gvvzgv.boolpfont.dpdns.org,200,临泽舟,nginx,text/html,33989,"Nginx,jQuery",,1036,
http://bzvztpez.ftiop.dpdns.org,http://bzvztpez.ftiop.dpdns.org,200,亦景屿,nginx,text/html,34288,"Nginx,jQuery",,935,
http://zaijvk.ftiop.dpdns.org,http://zaijvk.ftiop.dpdns.org,200,诚恳解惑,nginx,text/html,33588,"Nginx,jQuery",,1020,
http://uofjh.gpplonert.dpdns.org,http://uofjh.gpplonert.dpdns.org,200,人间晚风集,nginx,text/html,24347,"Nginx,jQuery",,935,
http://fosteyo.voopliuer.dpdns.org,http://fosteyo.voopliuer.dpdns.org,200,星亦川,nginx,text/html,21054,Nginx,,947,
http://aomgov.rtootsatpeg.dpdns.org,http://aomgov.rtootsatpeg.dpdns.org,200,邃网,nginx,text/html,36250,"Nginx,jQuery",,983,
http://rmninrfo.weiyutiop.dpdns.org,http://rmninrfo.weiyutiop.dpdns.org,200,疏诺珩,nginx,text/html,23713,Nginx,,952,
http://shthetu.duogongneng.dpdns.org,http://shthetu.duogongneng.dpdns.org,200,振断解惑,nginx,text/html,30159,Nginx,,910,
http://eeibrcf.sheyedashe.dpdns.org,http://eeibrcf.sheyedashe.dpdns.org,200,听风网,nginx,text/html,29425,"Nginx,jQuery",,979,
http://phbvisk.boolpfont.dpdns.org,http://phbvisk.boolpfont.dpdns.org,200,南珩,nginx,text/html,34917,"Nginx,jQuery",,1302,
http://ihrjwucv.duogongneng.dpdns.org,http://ihrjwucv.duogongneng.dpdns.org,200,辰沐禾,nginx,text/html,30669,Nginx,,949,
http://vcqbi.voopliuer.dpdns.org,http://vcqbi.voopliuer.dpdns.org,200,静思答疑,nginx,text/html,20458,Nginx,,925,
http://ousbalk.gpplonert.dpdns.org,http://ousbalk.gpplonert.dpdns.org,200,诺清隅,nginx,text/html,24917,"Nginx,jQuery",,1012,
http://upjmbelt.boolpfont.dpdns.org,http://upjmbelt.boolpfont.dpdns.org,200,诺清川,nginx,text/html,29366,"Nginx,jQuery",,997,
http://rrmnj.weiyutiop.dpdns.org,http://rrmnj.weiyutiop.dpdns.org,200,沐珩,nginx,text/html,23564,Nginx,,1035,
http://tcrxnp.boolpfont.dpdns.org,http://tcrxnp.boolpfont.dpdns.org,200,星亦禾,nginx,text/html,24602,Nginx,,1123,
http://obquz.voopliux.dpdns.org,http://obquz.voopliux.dpdns.org,200,叙简川,nginx,text/html,28348,"Nginx,jQuery",,1069,
http://jtvrquax.rtootsatpeg.dpdns.org,http://jtvrquax.rtootsatpeg.dpdns.org,200,知屿,nginx,text/html,36976,"Nginx,jQuery",,1040,
http://ziwcwn.voopliuer.dpdns.org,http://ziwcwn.voopliuer.dpdns.org,200,浅叙心事,nginx,text/html,21119,Nginx,,940,
http://znmorfkl.voopliux.dpdns.org,http://znmorfkl.voopliux.dpdns.org,200,辰简川,nginx,text/html,28515,"Nginx,jQuery",,986,
http://hpetwzp.duogongneng.dpdns.org,http://hpetwzp.duogongneng.dpdns.org,200,清温岁月,nginx,text/html,30105,Nginx,,1024,
http://cykqv.goodks.dpdns.org,http://cykqv.goodks.dpdns.org,200,素存温柔,nginx,text/html,30959,"Nginx,jQuery",,869,
http://emghspdt.rtootsatpeg.dpdns.org,http://emghspdt.rtootsatpeg.dpdns.org,200,景昭白,nginx,text/html,37658,"Nginx,jQuery",,1158,
http://thuyxyb.sheyedashe.dpdns.org,http://thuyxyb.sheyedashe.dpdns.org,200,凌云白,nginx,text/html,29204,"Nginx,jQuery",,1043,
http://ryccpait.soertubn.dpdns.org,http://ryccpait.soertubn.dpdns.org,200,临珩,nginx,text/html,33253,"Nginx,WordPress,jQuery",,1034,
http://eorraaz.taiyangshen.dpdns.org,http://eorraaz.taiyangshen.dpdns.org,200,昭青川,nginx,text/html,29709,"Nginx,jQuery",,951,
http://aavuynf.ftiop.dpdns.org,http://aavuynf.ftiop.dpdns.org,200,朝雾网,nginx,text/html,34308,"Nginx,jQuery",,1043,
http://yrufk.boolpfont.dpdns.org,http://yrufk.boolpfont.dpdns.org,200,轻问断,nginx,text/html,35897,"Nginx,jQuery",,821,
http://rucjw.toopert.dpdns.org,http://rucjw.toopert.dpdns.org,200,默渡人间,nginx,text/html,16197,Nginx,,794,
http://xvyeskk.ftiop.dpdns.org,http://xvyeskk.ftiop.dpdns.org,200,慢记人间,nginx,text/html,34706,"Nginx,jQuery",,907,
http://wfhhsy.meitayouha.dpdns.org,http://wfhhsy.meitayouha.dpdns.org,200,凌云川,nginx,text/html,19879,Nginx,,868,
http://kdwcfcq.voopliux.dpdns.org,http://kdwcfcq.voopliux.dpdns.org,200,凡答枢,nginx,text/html,28656,"Nginx,jQuery",,896,
http://fzviu.duogongneng.dpdns.org,http://fzviu.duogongneng.dpdns.org,200,景昭白,nginx,text/html,30374,Nginx,,907,
http://zmyouxxy.voopliuer.dpdns.org,http://zmyouxxy.voopliuer.dpdns.org,200,青辰川,nginx,text/html,20605,Nginx,,832,
http://rddumurs.rtootsatpeg.dpdns.org,http://rddumurs.rtootsatpeg.dpdns.org,200,闲拾岁月,nginx,text/html,38055,"Nginx,jQuery",,992,
http://atsymios.fooiuoplik.dpdns.org,http://atsymios.fooiuoplik.dpdns.org,200,亦景川,nginx,text/html,28824,"Bootstrap,Nginx,jQuery",,758,
http://tkrlhu.soertubn.dpdns.org,http://tkrlhu.soertubn.dpdns.org,200,文理解惑,nginx,text/html,17856,"Bootstrap,Nginx",,822,
http://opnmqzj.lanshanhu.dpdns.org,http://opnmqzj.lanshanhu.dpdns.org,200,星亦屿,nginx,text/html,20916,"Nginx,jQuery",,793,
http://fsyvc.soertubn.dpdns.org,http://fsyvc.soertubn.dpdns.org,200,烟火短句,nginx,text/html,32562,Nginx,,805,
http://oftpmbj.wordres.dpdns.org,http://oftpmbj.wordres.dpdns.org,200,答判解惑,nginx,text/html,33356,"Nginx,WordPress,jQuery",,821,
http://dcilizoi.goodks.dpdns.org,http://dcilizoi.goodks.dpdns.org,200,私存时光小记,nginx,text/html,29892,Nginx,,770,
http://rblbuz.weiyutiop.dpdns.org,http://rblbuz.weiyutiop.dpdns.org,200,昭青隅,nginx,text/html,22831,Nginx,,838,
http://kjkrd.gpplonert.dpdns.org,http://kjkrd.gpplonert.dpdns.org,200,南凌屿,nginx,text/html,24580,"Nginx,jQuery",,874,
https://wulhtu.wordres.dpdns.org,https://wulhtu.wordres.dpdns.org,200,404 Not Found,nginx,text/html,138,Nginx,,751,
http://rsrff.soertubn.dpdns.org,http://rsrff.soertubn.dpdns.org,200,轻藏烟火,nginx,text/html,71218,Nginx,,1044,
http://syegyood.wordres.dpdns.org,http://syegyood.wordres.dpdns.org,200,静书晚风,nginx,text/html,33327,"Nginx,WordPress,jQuery",,905,
http://dpzryvik.boolpfont.dpdns.org,http://dpzryvik.boolpfont.dpdns.org,200,省理堂,nginx,text/html,130993,Nginx,,2195,
http://rqjnlm.weiyutiop.dpdns.org,http://rqjnlm.weiyutiop.dpdns.org,200,凌云白,nginx,text/html,24052,Nginx,,1119,
http://zln.fooiuoplik.dpdns.org,http://zln.fooiuoplik.dpdns.org,200,虫网,nginx,text/html,28036,"Bootstrap,Nginx,jQuery",,1110,
http://sesty.toopert.dpdns.org,http://sesty.toopert.dpdns.org,200,亦景屿,nginx,text/html,16278,Nginx,,1107,
http://hdhvqkdr.soertubn.dpdns.org,http://hdhvqkdr.soertubn.dpdns.org,200,独属时光集,nginx,text/html,25514,"Bootstrap,Nginx,jQuery",,1266,
http://tfzmaocj.voopliux.dpdns.org,http://tfzmaocj.voopliux.dpdns.org,200,庭网,nginx,text/html,28921,"Nginx,jQuery",,1240,
http://wpfusd.taiyangshen.dpdns.org,http://wpfusd.taiyangshen.dpdns.org,200,星亦屿,nginx,text/html,30090,"Nginx,jQuery",,1166,
http://jvkgtwgx.ftiop.dpdns.org,http://jvkgtwgx.ftiop.dpdns.org,200,星白,nginx,text/html,33594,"Nginx,jQuery",,1249,
http://ehcybd.rtootsatpeg.dpdns.org,http://ehcybd.rtootsatpeg.dpdns.org,200,烟火短句,nginx,text/html,37670,"Nginx,jQuery",,1367,
http://tcgagzdc.soertubn.dpdns.org,http://tcgagzdc.soertubn.dpdns.org,200,临泽屿,nginx,text/html,34287,Nginx,,1683,
http://szuvgpk.toopert.dpdns.org,http://szuvgpk.toopert.dpdns.org,200,亦景白,nginx,text/html,16252,Nginx,,1175,
http://vdunjj.duogongneng.dpdns.org,http://vdunjj.duogongneng.dpdns.org,200,叙简珩,nginx,text/html,30684,Nginx,,1230,
http://ifcwybv.lanshanhu.dpdns.org,http://ifcwybv.lanshanhu.dpdns.org,200,简叙温柔,nginx,text/html,21496,"Nginx,jQuery",,1370,
http://zhshsj.fooiuoplik.dpdns.org,http://zhshsj.fooiuoplik.dpdns.org,200,人间观物,nginx,text/html,29267,"Bootstrap,Nginx,jQuery",,900,
http://cdovm.fopiloi.dpdns.org,http://cdovm.fopiloi.dpdns.org,200,兽网,nginx,text/html,22169,"Nginx,WordPress,jQuery",,1234,
http://ffeas.sheyedashe.dpdns.org,http://ffeas.sheyedashe.dpdns.org,200,临泽舟,nginx,text/html,28676,"Nginx,jQuery",,1371,
http://untejze.sheyedashe.dpdns.org,http://untejze.sheyedashe.dpdns.org,200,星屿,nginx,text/html,29193,"Nginx,jQuery",,1101,
http://xlrlx.voopliuer.dpdns.org,http://xlrlx.voopliuer.dpdns.org,200,生活碎碎片,nginx,text/html,20784,Nginx,,1227,
http://hehxvut.soertubn.dpdns.org,http://hehxvut.soertubn.dpdns.org,200,青辰川,nginx,text/html,21799,"Nginx,WordPress,jQuery",,1245,
http://dyrej.rtootsatpeg.dpdns.org,http://dyrej.rtootsatpeg.dpdns.org,200,温拾朝夕,nginx,text/html,37423,"Nginx,jQuery",,1409,
http://wkgmxt.sheyedashe.dpdns.org,http://wkgmxt.sheyedashe.dpdns.org,200,伴网,nginx,text/html,29394,"Nginx,jQuery",,1157,
http://ueoqvys.ftiop.dpdns.org,http://ueoqvys.ftiop.dpdns.org,200,山河温随笔,nginx,text/html,33596,"Nginx,jQuery",,1485,
http://gvvhsrfb.ftiop.dpdns.org,http://gvvhsrfb.ftiop.dpdns.org,200,底理解惑,nginx,text/html,34506,"Nginx,jQuery",,1313,
http://tblry.taiyangshen.dpdns.org,http://tblry.taiyangshen.dpdns.org,200,亦景屿,nginx,text/html,30046,"Nginx,jQuery",,1990,
http://hhhow.rtootsatpeg.dpdns.org,http://hhhow.rtootsatpeg.dpdns.org,200,百解答疑,nginx,text/html,37329,"Nginx,jQuery",,1587,
http://gyuxuauq.boolpfont.dpdns.org,http://gyuxuauq.boolpfont.dpdns.org,200,分网,nginx,text/html,21018,"Bootstrap,Nginx",,1179,
http://bubgnlez.sheyedashe.dpdns.org,http://bubgnlez.sheyedashe.dpdns.org,200,景寻,nginx,text/html,29628,"Nginx,jQuery",,996,
http://vvwhv.voopliux.dpdns.org,http://vvwhv.voopliux.dpdns.org,200,疏诺屿,nginx,text/html,28811,"Nginx,jQuery",,1025,
http://acrpay.meitayouha.dpdns.org,http://acrpay.meitayouha.dpdns.org,200,屿川网,nginx,text/html,22026,"Bootstrap,Nginx,jQuery",,970,
http://gdhnsj.meitayouha.dpdns.org,http://gdhnsj.meitayouha.dpdns.org,200,凌云白,nginx,text/html,26927,"Bootstrap,Nginx,jQuery",,1086,
http://nzbbtr.soertubn.dpdns.org,http://nzbbtr.soertubn.dpdns.org,200,独处日记,nginx,text/html,28865,"Bootstrap,Nginx,jQuery",,2339,
http://lixeg.taiyangshen.dpdns.org,http://lixeg.taiyangshen.dpdns.org,200,亦景屿,nginx,text/html,30031,"Nginx,jQuery",,882,
http://uzfwmxix.toopert.dpdns.org,http://uzfwmxix.toopert.dpdns.org,200,诺清隅,nginx,text/html,16305,Nginx,,909,
http://ewrukpg.fooiuoplik.dpdns.org,http://ewrukpg.fooiuoplik.dpdns.org,200,星川,nginx,text/html,28748,"Bootstrap,Nginx,jQuery",,824,
http://nknvvajq.ftiop.dpdns.org,http://nknvvajq.ftiop.dpdns.org,200,南凌屿,nginx,text/html,34239,"Nginx,jQuery",,983,
http://rvebn.lanshanhu.dpdns.org,http://rvebn.lanshanhu.dpdns.org,200,亦景白,nginx,text/html,21309,"Nginx,jQuery",,935,
http://modgu.fooiuoplik.dpdns.org,http://modgu.fooiuoplik.dpdns.org,200,浅书人间,nginx,text/html,28640,"Bootstrap,Nginx,jQuery",,854,
http://onytbb.wordres.dpdns.org,http://onytbb.wordres.dpdns.org,200,星亦川,nginx,text/html,33050,"Nginx,WordPress,jQuery",,879,
http://bdbbd.meitayouha.dpdns.org,http://bdbbd.meitayouha.dpdns.org,200,慢热自愈,nginx,text/html,23473,"Nginx,jQuery",,987,
http://dpwnhrx.boolpfont.dpdns.org,http://dpwnhrx.boolpfont.dpdns.org,200,寻川网,nginx,text/html,28725,"Nginx,jQuery",,1033,
http://umsvoko.wordres.dpdns.org,http://umsvoko.wordres.dpdns.org,200,诺清隅,nginx,text/html,32963,"Nginx,WordPress,jQuery",,817,
http://pympopkb.soertubn.dpdns.org,http://pympopkb.soertubn.dpdns.org,200,诺清禾,nginx,text/html,17356,"Bootstrap,Nginx",,840,
http://njwkkg.voopliuer.dpdns.org,http://njwkkg.voopliuer.dpdns.org,200,星亦禾,nginx,text/html,20813,Nginx,,1017,
http://uedtpai.rtootsatpeg.dpdns.org,http://uedtpai.rtootsatpeg.dpdns.org,200,叙简白,nginx,text/html,37390,"Nginx,jQuery",,1014,
http://hwfucl.duogongneng.dpdns.org,http://hwfucl.duogongneng.dpdns.org,200,慢度光阴,nginx,text/html,30323,Nginx,,1083,
http://extxrgw.boolpfont.dpdns.org,http://extxrgw.boolpfont.dpdns.org,200,诺清禾,nginx,text/html,30184,"Bootstrap,Nginx",,1021,
http://qiclkoo.voopliux.dpdns.org,http://qiclkoo.voopliux.dpdns.org,200,临泽珩,nginx,text/html,28477,"Nginx,jQuery",,988,
http://rcifwi.weiyutiop.dpdns.org,http://rcifwi.weiyutiop.dpdns.org,200,诺清隅,nginx,text/html,23280,Nginx,,1008,
http://zrozcfp.yasewanhg.dpdns.org,http://zrozcfp.yasewanhg.dpdns.org,200,景昭珩,nginx,text/html,47731,"Nginx,jQuery",,998,
http://mgqrxcap.yasewanhg.dpdns.org,http://mgqrxcap.yasewanhg.dpdns.org,200,凌云川,nginx,text/html,47475,"Nginx,jQuery",,970,
http://sqdxuqlt.toopert.dpdns.org,http://sqdxuqlt.toopert.dpdns.org,200,独记时光温柔,nginx,text/html,16510,Nginx,,911,
http://maiewq.lanshanhu.dpdns.org,http://maiewq.lanshanhu.dpdns.org,200,景昭白,nginx,text/html,21198,"Nginx,jQuery",,943,
http://ixivr.sheyedashe.dpdns.org,http://ixivr.sheyedashe.dpdns.org,200,临寻,nginx,text/html,27893,"Nginx,jQuery",,945,
http://cmhvi.lanshanhu.dpdns.org,http://cmhvi.lanshanhu.dpdns.org,200,山野情书,nginx,text/html,21556,"Nginx,jQuery",,941,
http://uwbnssrz.meitayouha.dpdns.org,http://uwbnssrz.meitayouha.dpdns.org,200,山水温柔集,nginx,text/html,29929,"Bootstrap,Nginx,jQuery",,863,
http://gfnedeji.voopliux.dpdns.org,http://gfnedeji.voopliux.dpdns.org,200,观断解惑,nginx,text/html,28777,"Nginx,jQuery",,1019,
http://kjyetyiv.weiyutiop.dpdns.org,http://kjyetyiv.weiyutiop.dpdns.org,200,亦景川,nginx,text/html,23816,Nginx,,972,
http://ntcoz.meitayouha.dpdns.org,http://ntcoz.meitayouha.dpdns.org,200,诺清禾,nginx,text/html,48091,"Nginx,jQuery",,999,
http://pmljyx.meitayouha.dpdns.org,http://pmljyx.meitayouha.dpdns.org,200,亦景屿,nginx,text/html,23634,"Bootstrap,Nginx,jQuery",,890,
http://qglnrfhy.soertubn.dpdns.org,http://qglnrfhy.soertubn.dpdns.org,200,轻藏人间,nginx,text/html,21987,"Nginx,WordPress,jQuery",,827,
http://layhrqs.meitayouha.dpdns.org,http://layhrqs.meitayouha.dpdns.org,200,简川,nginx,text/html,23400,"Nginx,WordPress,jQuery",,864,
http://ryzfgnp.gpplonert.dpdns.org,http://ryzfgnp.gpplonert.dpdns.org,200,诺白,nginx,text/html,24204,"Nginx,jQuery",,1188,
http://kfzanswt.duogongneng.dpdns.org,http://kfzanswt.duogongneng.dpdns.org,200,青辰白,nginx,text/html,28698,Nginx,,872,
http://xqrte.yasewanhg.dpdns.org,http://xqrte.yasewanhg.dpdns.org,200,亦景川,nginx,text/html,48368,"Nginx,jQuery",,764,
http://ljtrxvk.meitayouha.dpdns.org,http://ljtrxvk.meitayouha.dpdns.org,200,临泽舟,nginx,text/html,43390,Nginx,,864,
http://yazqnhg.taiyangshen.dpdns.org,http://yazqnhg.taiyangshen.dpdns.org,200,独处小人间,nginx,text/html,30417,"Nginx,jQuery",,798,
http://aofpzh.meitayouha.dpdns.org,http://aofpzh.meitayouha.dpdns.org,200,睿解解惑,nginx,text/html,53346,"Nginx,jQuery",,1895,
http://hslwbje.taiyangshen.dpdns.org,http://hslwbje.taiyangshen.dpdns.org,200,沐寻,nginx,text/html,30255,"Nginx,jQuery",,814,
http://cymamx.weiyutiop.dpdns.org,http://cymamx.weiyutiop.dpdns.org,200,人间慢叙,nginx,text/html,22781,Nginx,,804,
http://bxljht.yasewanhg.dpdns.org,http://bxljht.yasewanhg.dpdns.org,200,慢拾时光,nginx,text/html,48310,"Nginx,jQuery",,809,
http://vqnyczvo.yasewanhg.dpdns.org,http://vqnyczvo.yasewanhg.dpdns.org,200,客网,nginx,text/html,47702,"Nginx,jQuery",,803,
http://mdifavy.taiyangshen.dpdns.org,http://mdifavy.taiyangshen.dpdns.org,200,凌云川,nginx,text/html,30148,"Nginx,jQuery",,788,
http://kgyzqno.yasewanhg.dpdns.org,http://kgyzqno.yasewanhg.dpdns.org,200,景昭珩,nginx,text/html,47673,"Nginx,jQuery",,789,
http://lfbbrez.taiyangshen.dpdns.org,http://lfbbrez.taiyangshen.dpdns.org,200,荷叙网,nginx,text/html,30489,"Nginx,jQuery",,775,
http://tfxavben.fooiuoplik.dpdns.org,http://tfxavben.fooiuoplik.dpdns.org,200,景寻,nginx,text/html,28956,"Bootstrap,Nginx,jQuery",,812,
http://iyexl.goodks.dpdns.org,http://iyexl.goodks.dpdns.org,200,景昭珩,nginx,text/html,28138,"Bootstrap,Nginx,jQuery",,817,
http://gxgya.fooiuoplik.dpdns.org,http://gxgya.fooiuoplik.dpdns.org,200,亦景屿,nginx,text/html,28663,"Bootstrap,Nginx,jQuery",,845,
http://nwgmxhi.voopliux.dpdns.org,http://nwgmxhi.voopliux.dpdns.org,200,凌云白,nginx,text/html,28556,"Nginx,jQuery",,991,
http://xafxrcvz.goodks.dpdns.org,http://xafxrcvz.goodks.dpdns.org,200,诺清川,nginx,text/html,29443,"Nginx,jQuery",,1001,
http://tqsvggfd.fopiloi.dpdns.org,http://tqsvggfd.fopiloi.dpdns.org,200,昭知解惑,nginx,text/html,21602,"Nginx,WordPress,jQuery",,865,
http://retjwxex.voopliux.dpdns.org,http://retjwxex.voopliux.dpdns.org,200,弘知解惑,nginx,text/html,28746,"Nginx,jQuery",,929,
http://grokmpxv.sheyedashe.dpdns.org,http://grokmpxv.sheyedashe.dpdns.org,200,云端解惑,nginx,text/html,29201,"Nginx,jQuery",,932,
http://tkgyxg.fopiloi.dpdns.org,http://tkgyxg.fopiloi.dpdns.org,200,寥判解惑,nginx,text/html,21575,"Nginx,WordPress,jQuery",,895,
http://zckwmmhr.yasewanhg.dpdns.org,http://zckwmmhr.yasewanhg.dpdns.org,200,临泽珩,nginx,text/html,47710,"Nginx,jQuery",,953,
http://zqrtomz.fopiloi.dpdns.org,http://zqrtomz.fopiloi.dpdns.org,200,闲藏时光,nginx,text/html,21931,"Nginx,WordPress,jQuery",,891,
http://ghqaultk.wordres.dpdns.org,http://ghqaultk.wordres.dpdns.org,200,凌云川,nginx,text/html,33400,"Nginx,WordPress,jQuery",,954,
http://sqxjqqqz.ftiop.dpdns.org,http://sqxjqqqz.ftiop.dpdns.org,200,南凌禾,nginx,text/html,34742,"Nginx,jQuery",,1095,
http://rwpip.toopert.dpdns.org,http://rwpip.toopert.dpdns.org,200,窗网,nginx,text/html,16067,Nginx,,910,
http://jooulz.gpplonert.dpdns.org,http://jooulz.gpplonert.dpdns.org,200,青辰川,nginx,text/html,24388,"Nginx,jQuery",,1010,
http://lxjssppa.sheyedashe.dpdns.org,http://lxjssppa.sheyedashe.dpdns.org,200,临川,nginx,text/html,28699,"Nginx,jQuery",,951,
http://tcttpmn.meitayouha.dpdns.org,http://tcttpmn.meitayouha.dpdns.org,200,诺清禾,nginx,text/html,26624,"Bootstrap,Nginx",,1005,
http://dkwpfr.yasewanhg.dpdns.org,http://dkwpfr.yasewanhg.dpdns.org,200,临泽珩,nginx,text/html,48220,"Nginx,jQuery",,922,
http://vgexwesk.meitayouha.dpdns.org,http://vgexwesk.meitayouha.dpdns.org,200,青辰川,nginx,text/html,22439,"Bootstrap,Nginx,jQuery",,929,
http://ixwppg.ftiop.dpdns.org,http://ixwppg.ftiop.dpdns.org,200,软语网,nginx,text/html,33688,"Nginx,jQuery",,1055,
http://sfijl.goodks.dpdns.org,http://sfijl.goodks.dpdns.org,200,敦网,nginx,text/html,27329,"Bootstrap,Nginx,jQuery",,886,
http://gumlkgq.gpplonert.dpdns.org,http://gumlkgq.gpplonert.dpdns.org,200,南凌禾,nginx,text/html,24729,"Nginx,jQuery",,1016,
http://nxgwboof.weiyutiop.dpdns.org,http://nxgwboof.weiyutiop.dpdns.org,200,诺清川,nginx,text/html,23902,Nginx,,849,
http://vifdovm.wordres.dpdns.org,http://vifdovm.wordres.dpdns.org,200,元理解惑,nginx,text/html,33029,"Nginx,WordPress,jQuery",,926,
http://eneai.soertubn.dpdns.org,http://eneai.soertubn.dpdns.org,200,清醒自渡,nginx,text/html,29147,"Nginx,jQuery",,957,
http://pyjlfvpg.goodks.dpdns.org,http://pyjlfvpg.goodks.dpdns.org,200,青辰珩,nginx,text/html,27273,"Bootstrap,Nginx",,939,
http://rnrmb.boolpfont.dpdns.org,http://rnrmb.boolpfont.dpdns.org,200,临泽屿,nginx,text/html,23468,Nginx,,1244,
http://qqyvcl.goodks.dpdns.org,http://qqyvcl.goodks.dpdns.org,200,允网,nginx,text/html,21883,"Bootstrap,Nginx",,848,
http://iqkzxf.lanshanhu.dpdns.org,http://iqkzxf.lanshanhu.dpdns.org,200,游网,nginx,text/html,21615,"Nginx,jQuery",,842,
http://bemqfzmz.ftiop.dpdns.org,http://bemqfzmz.ftiop.dpdns.org,200,时网,nginx,text/html,33824,"Nginx,jQuery",,857,
http://bhjvjsp.yasewanhg.dpdns.org,http://bhjvjsp.yasewanhg.dpdns.org,200,轻温浮生,nginx,text/html,47226,"Nginx,jQuery",,862,
http://pvjdoxu.taiyangshen.dpdns.org,http://pvjdoxu.taiyangshen.dpdns.org,200,知许网,nginx,text/html,30138,"Nginx,jQuery",,859,
http://tlqjiznb.goodks.dpdns.org,http://tlqjiznb.goodks.dpdns.org,200,叙简珩,nginx,text/html,71185,Nginx,,1041,
http://caksqkwg.fopiloi.dpdns.org,http://caksqkwg.fopiloi.dpdns.org,200,亭网,nginx,text/html,21620,"Nginx,WordPress,jQuery",,846,
https://mdvcr.boolpfont.dpdns.org,https://mdvcr.boolpfont.dpdns.org,200,404 Not Found,nginx,text/html,138,Nginx,,712,
https://pcmny.wordres.dpdns.org,https://pcmny.wordres.dpdns.org,200,404 Not Found,nginx,text/html,138,Nginx,,772,
http://mxscahse.duogongneng.dpdns.org,http://mxscahse.duogongneng.dpdns.org,200,星亦禾,nginx,text/html,30711,Nginx,,896,
http://pxtbmmat.goodks.dpdns.org,http://pxtbmmat.goodks.dpdns.org,200,静写日常,nginx,text/html,49014,"Nginx,jQuery",,1185,
http://jqqar.lanshanhu.dpdns.org,http://jqqar.lanshanhu.dpdns.org,200,简川,nginx,text/html,21305,"Nginx,jQuery",,972,
http://ljcqdv.sheyedashe.dpdns.org,http://ljcqdv.sheyedashe.dpdns.org,200,复理解惑,nginx,text/html,28840,"Nginx,jQuery",,1003,
http://lpbqcdxh.fopiloi.dpdns.org,http://lpbqcdxh.fopiloi.dpdns.org,200,凌云禾,nginx,text/html,21886,"Nginx,WordPress,jQuery",,1160,
http://wemil.fopiloi.dpdns.org,http://wemil.fopiloi.dpdns.org,200,人间自留地,nginx,text/html,21449,"Nginx,WordPress,jQuery",,1128,
http://henpz.wordres.dpdns.org,http://henpz.wordres.dpdns.org,200,诺清隅,nginx,text/html,33202,"Nginx,WordPress,jQuery",,1214,
http://rndgv.toopert.dpdns.org,http://rndgv.toopert.dpdns.org,200,月网,nginx,text/html,16028,Nginx,,1185,
http://pyiub.yasewanhg.dpdns.org,http://pyiub.yasewanhg.dpdns.org,200,零碎时光集,nginx,text/html,47253,"Nginx,jQuery",,1136,
http://cszjieo.fopiloi.dpdns.org,http://cszjieo.fopiloi.dpdns.org,200,诺清禾,nginx,text/html,21619,"Nginx,WordPress,jQuery",,1153,
http://ehzyhmi.fooiuoplik.dpdns.org,http://ehzyhmi.fooiuoplik.dpdns.org,200,临泽屿,nginx,text/html,28554,"Bootstrap,Nginx,jQuery",,1082,
http://zwkjvfm.ftiop.dpdns.org,http://zwkjvfm.ftiop.dpdns.org,200,诺清川,nginx,text/html,35885,"Nginx,jQuery",,1210,
https://uxdctoh.wordres.dpdns.org,https://uxdctoh.wordres.dpdns.org,200,404 Not Found,nginx,text/html,138,Nginx,,763,
http://egvnruay.rtootsatpeg.dpdns.org,http://egvnruay.rtootsatpeg.dpdns.org,200,溯网,nginx,text/html,36699,"Nginx,jQuery",,1337,
http://eawkpiy.toopert.dpdns.org,http://eawkpiy.toopert.dpdns.org,200,叙简川,nginx,text/html,16075,Nginx,,1022,
http://khglx.yasewanhg.dpdns.org,http://khglx.yasewanhg.dpdns.org,200,答毫解惑,nginx,text/html,47056,"Nginx,jQuery",,1205,
http://uholrwo.wordres.dpdns.org,http://uholrwo.wordres.dpdns.org,200,诺清禾,nginx,text/html,32882,"Nginx,WordPress,jQuery",,1206,
http://uixkrx.taiyangshen.dpdns.org,http://uixkrx.taiyangshen.dpdns.org,200,诺清川,nginx,text/html,30188,"Nginx,jQuery",,1205,
http://vozig.sheyedashe.dpdns.org,http://vozig.sheyedashe.dpdns.org,200,叙简珩,nginx,text/html,28936,"Nginx,jQuery",,1291,
http://ofagyix.voopliuer.dpdns.org,http://ofagyix.voopliuer.dpdns.org,200,星亦禾,nginx,text/html,20564,Nginx,,1075,
http://tztsdi.voopliuer.dpdns.org,http://tztsdi.voopliuer.dpdns.org,200,南凌禾,nginx,text/html,20654,Nginx,,933,
http://dnxzz.yasewanhg.dpdns.org,http://dnxzz.yasewanhg.dpdns.org,200,软语网,nginx,text/html,47957,"Nginx,jQuery",,966,
http://qgwpce.weiyutiop.dpdns.org,http://qgwpce.weiyutiop.dpdns.org,200,简静时光集,nginx,text/html,23369,Nginx,,1275,
http://qfjybb.lanshanhu.dpdns.org,http://qfjybb.lanshanhu.dpdns.org,200,南凌禾,nginx,text/html,21195,"Nginx,jQuery",,1158,
http://kwksafh.sheyedashe.dpdns.org,http://kwksafh.sheyedashe.dpdns.org,200,青辰珩,nginx,text/html,29458,"Nginx,jQuery",,1199,
http://rxfisbte.boolpfont.dpdns.org,http://rxfisbte.boolpfont.dpdns.org,200,拾光网,nginx,text/html,28050,"Bootstrap,Nginx,jQuery",,1187,
http://mnecpizl.fopiloi.dpdns.org,http://mnecpizl.fopiloi.dpdns.org,200,答析阁,nginx,text/html,21907,"Nginx,WordPress,jQuery",,841,
http://keluip.rtootsatpeg.dpdns.org,http://keluip.rtootsatpeg.dpdns.org,200,朝雾网,nginx,text/html,37053,"Nginx,jQuery",,1149,
http://lvdfmygb.gpplonert.dpdns.org,http://lvdfmygb.gpplonert.dpdns.org,200,青辰川,nginx,text/html,24437,"Nginx,jQuery",,1070,
http://zqvkg.weiyutiop.dpdns.org,http://zqvkg.weiyutiop.dpdns.org,200,温拥人间,nginx,text/html,23105,Nginx,,878,
http://rbicrvz.gpplonert.dpdns.org,http://rbicrvz.gpplonert.dpdns.org,200,沐寻,nginx,text/html,24657,"Nginx,jQuery",,1002,
http://cdvoqvel.meitayouha.dpdns.org,http://cdvoqvel.meitayouha.dpdns.org,200,扬辨解惑,nginx,text/html,27842,"Bootstrap,Nginx,jQuery",,1119,
http://slnved.meitayouha.dpdns.org,http://slnved.meitayouha.dpdns.org,200,简温人间,nginx,text/html,36303,Nginx,,1421,
http://wvkthq.meitayouha.dpdns.org,http://wvkthq.meitayouha.dpdns.org,200,亦景川,nginx,text/html,35520,"Nginx,jQuery",,778,
http://wrgkd.fopiloi.dpdns.org,http://wrgkd.fopiloi.dpdns.org,200,诺清隅,nginx,text/html,21830,"Nginx,WordPress,jQuery",,792,
http://ibboi.sheyedashe.dpdns.org,http://ibboi.sheyedashe.dpdns.org,200,叙简白,nginx,text/html,29292,"Nginx,jQuery",,869,
http://udxmk.goodks.dpdns.org,http://udxmk.goodks.dpdns.org,200,知隅,nginx,text/html,28363,"Nginx,jQuery",,911,
http://jzxjyxat.weiyutiop.dpdns.org,http://jzxjyxat.weiyutiop.dpdns.org,200,静心问答,nginx,text/html,23817,Nginx,,852,
http://afdcaeb.gpplonert.dpdns.org,http://afdcaeb.gpplonert.dpdns.org,200,攸宁网,nginx,text/html,24927,"Nginx,jQuery",,931,
http://ljgarsj.ftiop.dpdns.org,http://ljgarsj.ftiop.dpdns.org,200,星隅,nginx,text/html,35095,"Nginx,jQuery",,1017,
http://jyxslxp.gpplonert.dpdns.org,http://jyxslxp.gpplonert.dpdns.org,200,临泽舟,nginx,text/html,25100,"Nginx,jQuery",,1618,
