url,final_url,status_code,title,server,content_type,content_length,tech,ip,response_time_ms,error
https://link,,0,,,,0,,,0,connect_error: [Errno -3] Temporary failure in name resolution
https://cloud.mrzhou.dpdns.org:2053,https://cloud.mrzhou.dpdns.org:2053,404,,,,0,,,252,
http://3x.shandun.tangxiaoqi.dpdns.org,http://3x.shandun.tangxiaoqi.dpdns.org,200,404 Not Found,openresty,text/html,130,OpenResty,,510,
https://files.clouddatatransfer.dpdns.org,https://files.clouddatatransfer.dpdns.org,200,FileDrop - Simple & Secure File Sharing,Apache/2.4.52 (Ubuntu),text/html,48229,Apache,,538,
https://jcpt1.dpdns.org,https://jcpt1.dpdns.org,200,JCPT1 - AI API Gateway,nginx/1.24.0 (Ubuntu),text/html,3358,"Nginx,Vue.js",,641,
https://lhchen.dpdns.org,https://lhchen.dpdns.org,403,Edge IP Restricted | lhchen.dpdns.org | Cloudflare,cloudflare,text/html,7462,Cloudflare,,668,
https://gohk.shuangyangshui.dpdns.org,https://gohk.shuangyangshui.dpdns.org,400,Invalid URL,AkamaiGHost,text/html,312,,,675,
http://bzks.dpdns.org,http://bzks.dpdns.org,200,404 Not Found,nginx,text/html,138,Nginx,,706,
https://hk.warframe.dpdns.org,https://hk.warframe.dpdns.org,200,Welcome to nginx!,nginx/1.18.0 (Ubuntu),text/html,612,Nginx,,505,
https://ggi.dpdns.org,https://ggi.dpdns.org,400,Invalid URL,AkamaiGHost,text/html,312,,,799,
http://bobacc.dpdns.org,http://bobacc.dpdns.org,200,PHP 8.3.6 - phpinfo(),nginx/1.24.0 (Ubuntu),text/html,69585,Nginx,,759,
https://jp.muu.dpdns.org,https://jp.muu.dpdns.org,403,DNS points to prohibited IP | jp.muu.dpdns.org | Cloudflare,cloudflare,text/html,8140,Cloudflare,,820,
https://www.aixue.dpdns.org,https://www.aixue.dpdns.org,200,aixue,nginx,text/html,57641,Nginx,,887,
https://jpsong.learnlg.dpdns.org,https://jpsong.learnlg.dpdns.org,404,,,,0,,,921,
https://bobacc.dpdns.org,https://bobacc.dpdns.org,200,PHP 8.3.6 - phpinfo(),nginx/1.24.0 (Ubuntu),text/html,69655,Nginx,,943,
https://ww.nkl333.dpdns.org,https://ww.nkl333.dpdns.org,404,,,,0,,,1004,
http://hk.warframe.dpdns.org,https://hk.warframe.dpdns.org/,200,Welcome to nginx!,nginx/1.18.0 (Ubuntu),text/html,612,Nginx,,994,
http://aixue.dpdns.org,https://aixue.dpdns.org/,200,aixue,nginx,text/html,57641,Nginx,,1162,
https://lilmouse.dpdns.org,https://lilmouse.dpdns.org,200,Lilmouse 的小角落,nginx/1.28.3 (Ubuntu),text/html,13317,Nginx,,683,
https://luckyf.dpdns.org,https://luckyf.dpdns.org,200,,nginx,text/html,256,Nginx,,605,
https://bmzk.dpdns.org,https://bmzk.dpdns.org,200,北溟之鲲的生活空间 – 记录点滴生活，分享精彩人生！,Apache/2.4.67 (Debian),text/html,65236,Apache,,758,
https://jsyonghu.kfhd.dpdns.org,https://jsyonghu.kfhd.dpdns.org,401,,nginx,application/json,48,Nginx,,784,
http://parameter.541880.dpdns.org,http://parameter.541880.dpdns.org,200,魔万弱网参数,nginx,text/html,4952,Nginx,,474,
https://bulianglin779.dpdns.org,https://bulianglin779.dpdns.org/login,200,GEO 工作室｜可信内容与发布助手,nginx,text/html,7853,"Nginx,React",,745,
http://innovaai.dpdns.org,https://innovaai.dpdns.org/,200,InnovaAI - AI API Gateway,Caddy,text/html,134577,Vue.js,,550,
https://bzks.dpdns.org,https://bzks.dpdns.org,200,404 Not Found,nginx,text/html,138,Nginx,,1652,
https://anyrouter.atboy.dpdns.org,https://anyrouter.atboy.dpdns.org,200,,nginx/1.22.1,text/html,4321,Nginx,,670,
https://junli.dpdns.org,https://junli.dpdns.org,200,Starter Template · Bootstrap,nginx/1.18.0 (Ubuntu),text/html,2299,"Bootstrap,Nginx,jQuery",,584,
https://pay.xiua8.dpdns.org,https://pay.xiua8.dpdns.org,200,嗨支付,nginx,text/html,5533,"Nginx,Vue.js",,870,
http://luckyf.dpdns.org,https://luckyf.dpdns.org/,200,,nginx,text/html,256,Nginx,,1014,
http://bulianglin779.dpdns.org,https://bulianglin779.dpdns.org/login,200,GEO 工作室｜可信内容与发布助手,nginx,text/html,7853,"Nginx,React",,1118,
https://hkmjc.dpdns.org,https://hkmjc.dpdns.org,200,mjc's blog,nginx/1.18.0 (Ubuntu),text/html,78582,"Express,Nginx",,1035,
https://lunavelle.dpdns.org,https://lunavelle.dpdns.org,200,恭喜，站点创建成功！,nginx,text/html,917,Nginx,,214,
http://lilmouse.dpdns.org,https://lilmouse.dpdns.org/,200,Lilmouse 的小角落,nginx/1.28.3 (Ubuntu),text/html,13317,Nginx,,1222,
https://frp.maisakurajima.dpdns.org,https://frp.maisakurajima.dpdns.org,200,AstrBot Dashboard,nginx,text/html,69574,"Bootstrap,Nginx",,634,
https://eahaa.dpdns.org,https://eahaa.dpdns.org,200,✨ Interactive Galaxy,openresty,text/html,4356,OpenResty,,593,
http://pay.xiua8.dpdns.org,https://pay.xiua8.dpdns.org/,200,嗨支付,nginx,text/html,5533,"Nginx,Vue.js",,1121,
https://api.sunday23.dpdns.org,https://api.sunday23.dpdns.org,200,New API,nginx,text/html,1047,"Nginx,React",,609,
https://test.lvokic.dpdns.org,https://test.lvokic.dpdns.org,404,,,,0,,,208,
https://hk.dognat.dpdns.org,https://hk.dognat.dpdns.org,404,,,,0,,,575,
https://shebiao.dpdns.org,https://shebiao.dpdns.org,404,404 Not Found,nginx,text/html,207,Nginx,,638,
https://us.lyx.dpdns.org,https://us.lyx.dpdns.org,403,ERROR: The request could not be satisfied,CloudFront,text/html,915,,,207,
http://hy.qingmeng.dpdns.org,https://hy.qingmeng.dpdns.org/,200,清梦工具箱,nginx/1.22.1,text/html,8260,Nginx,,1069,
https://ttw.dadammm.dpdns.org,https://ttw.dadammm.dpdns.org,200,,,,1681,Vue.js,,608,
https://hk.lyx.dpdns.org,https://hk.lyx.dpdns.org,400,Invalid URL,AkamaiGHost,text/html,312,,,578,
http://api.sunday23.dpdns.org,https://api.sunday23.dpdns.org/,200,New API,nginx,text/html,1047,"Nginx,React",,1015,
https://yutou1996.dpdns.org,https://yutou1996.dpdns.org,200,Home,nginx/1.18.0 (Ubuntu),text/html,15831,"Bootstrap,Nginx,jQuery",,757,
https://substore.imzwr667.dpdns.org,https://substore.imzwr667.dpdns.org,200,Sub-Store,nginx,text/html,1980,Nginx,,570,
https://www.ddrayray.dpdns.org,https://www.ddrayray.dpdns.org,200,3D元素周期表,nginx/1.20.1,text/html,13983,Nginx,,847,
http://windyun.dpdns.org,https://windyun.dpdns.org/,200,哪吒监控 Nezha Monitoring,nginx/1.22.1,text/html,4825,"Nginx,React",,972,
http://lgidp.soertubn.dpdns.org,http://lgidp.soertubn.dpdns.org,200,答悟,nginx,text/html,21836,"Bootstrap,Nginx,jQuery",,864,
https://333.aronahhh.dpdns.org,https://en.wikipedia.org/wiki/Main_Page,200,"Wikipedia, the free encyclopedia",mw-web.codfw.main-84d4799985-tf2nr,text/html,252628,Bootstrap,,1030,
http://substore.imzwr667.dpdns.org,https://substore.imzwr667.dpdns.org/,200,Sub-Store,nginx,text/html,1980,Nginx,,987,
http://sspeihl.yasewanhg.dpdns.org,http://sspeihl.yasewanhg.dpdns.org,200,明涧求真,nginx,text/html,48326,"Nginx,jQuery",,887,
http://nimoscl.duogongneng.dpdns.org,http://nimoscl.duogongneng.dpdns.org,200,凌云白,nginx,text/html,30271,Nginx,,806,
http://elwlp.ftiop.dpdns.org,http://elwlp.ftiop.dpdns.org,200,辰简川,nginx,text/html,34259,"Nginx,jQuery",,971,
http://pcpcju.boolpfont.dpdns.org,http://pcpcju.boolpfont.dpdns.org,200,青辰川,nginx,text/html,26160,"Bootstrap,Nginx",,996,
http://lanshanhu.dpdns.org,http://lanshanhu.dpdns.org,200,询智阁,nginx,text/html,20628,"Nginx,jQuery",,705,
https://linux.gendo.dpdns.org,https://linux.gendo.dpdns.org,200,Tianz的小站,openresty,text/html,69368,"OpenResty,PHP",,3264,
http://uvgeszg.voopliux.dpdns.org,http://uvgeszg.voopliux.dpdns.org,200,启知阁,nginx,text/html,28710,"Nginx,jQuery",,851,
http://bhplr.gpplonert.dpdns.org,http://bhplr.gpplonert.dpdns.org,200,独藏生活碎笔,nginx,text/html,24472,"Nginx,jQuery",,962,
http://veqkdx.toopert.dpdns.org,http://veqkdx.toopert.dpdns.org,200,淳意网,nginx,text/html,16268,Nginx,,809,
http://uwmkhvon.fooiuoplik.dpdns.org,http://uwmkhvon.fooiuoplik.dpdns.org,200,景昭珩,nginx,text/html,27505,"Bootstrap,Nginx,jQuery",,966,
https://mjcy.dpdns.org,https://mjcy.dpdns.org,200,软技场,nginx,text/html,48620,"Nginx,WordPress",,1669,
http://jsyonghu.kfhd.dpdns.org,https://jsyonghu.kfhd.dpdns.org/,401,,nginx,application/json,48,Nginx,,2732,
http://zmjdqn.voopliux.dpdns.org,http://zmjdqn.voopliux.dpdns.org,200,自在温柔,nginx,text/html,28288,"Nginx,jQuery",,850,
http://zmmdzdn.weiyutiop.dpdns.org,http://zmmdzdn.weiyutiop.dpdns.org,200,温柔纪事,nginx,text/html,21932,Nginx,,918,
https://api.tommukan.dpdns.org,https://api.tommukan.dpdns.org,200,即梦 API 管理控制台,nginx/1.24.0 (Ubuntu),text/html,48936,Nginx,,3689,
http://yswpei.meitayouha.dpdns.org,http://yswpei.meitayouha.dpdns.org,200,显理解惑,nginx,text/html,18471,"Bootstrap,Nginx",,771,
https://bga.mangeek.dpdns.org,https://bga.mangeek.dpdns.org,200,佳伸存储-专营三星、美光、海力士、铠侠、南亚存储芯片,nginx,text/html,64166,"Nginx,jQuery",,3788,
http://333.aronahhh.dpdns.org,https://en.wikipedia.org/wiki/Main_Page,200,"Wikipedia, the free encyclopedia",mw-web.codfw.main-84d4799985-tf2nr,text/html,252628,Bootstrap,,666,
https://zkh.dpdns.org,https://zkh.dpdns.org,200,,nginx/1.20.1,text/html,12316,"Nginx,jQuery",,3835,
https://browser.gumor666.dpdns.org,https://browser.gumor666.dpdns.org,401,401 Authorization Required,nginx/1.31.4,text/html,179,Nginx,,741,
https://ai.ydzl.dpdns.org,https://ai.ydzl.dpdns.org,200,AI智能视频,nginx,text/html,61478,Nginx,,3912,
https://jpsbderp01.luoteachingkv.dpdns.org,https://jpsbderp01.luoteachingkv.dpdns.org,200,,nginx/1.22.1,text/html,586,Nginx,,932,
https://api.cunzhangtc.dpdns.org,https://api.cunzhangtc.dpdns.org,200,村长 - AI API Gateway,nginx/1.24.0 (Ubuntu),text/html,45889,Nginx,,4067,
http://browser.gumor666.dpdns.org,https://browser.gumor666.dpdns.org/,401,401 Authorization Required,nginx/1.31.4,text/html,179,Nginx,,1080,
http://ai.ydzl.dpdns.org,https://ai.ydzl.dpdns.org/,200,AI智能视频,nginx,text/html,61478,Nginx,,4187,
https://meridian.chui.dpdns.org,https://meridian.chui.dpdns.org,200,Meridian — Emby 反代管理面板,nginx/1.18.0 (Ubuntu),text/html,9946,Nginx,,640,
https://hkgdownloader.wodevps.dpdns.org,https://hkgdownloader.wodevps.dpdns.org,400,Invalid URL,AkamaiGHost,text/html,312,,,590,
https://aixue.dpdns.org,https://aixue.dpdns.org,200,aixue,nginx,text/html,57641,Nginx,,736,
https://nl.goldenvps.dpdns.org,https://nl.goldenvps.dpdns.org,404,,,,0,,,435,
https://andeslabs.dpdns.org:5667,https://andeslabs.dpdns.org:5667,200,飞牛 fnOS,nginx,text/html,4557,"Nginx,React",,619,
http://api.cunzhangtc.dpdns.org,https://api.cunzhangtc.dpdns.org/,200,村长 - AI API Gateway,nginx/1.24.0 (Ubuntu),text/html,45889,Nginx,,4389,
http://api-1.sby01.dpdns.org,https://api-1.sby01.dpdns.org/,200,视频解析API系统,nginx,text/html,1219,Nginx,,1222,
https://api-1.sby01.dpdns.org,https://api-1.sby01.dpdns.org,200,视频解析API系统,nginx,text/html,1219,Nginx,,715,
https://www.huozhong.dpdns.org,https://www.huozhong.dpdns.org,200,首页 - MC鲁观世界,nginx,text/html,13363,Nginx,,607,
https://mcp-cn.awstest.jasondeng.dpdns.org,https://mcp-cn.awstest.jasondeng.dpdns.org,401,,awselb/2.0,text/plain,12,,,605,
http://hailan123.dpdns.org,https://hailan123.dpdns.org/,200,商品智能策划,nginx,text/html,27928,Nginx,,1239,
https://apifh1125.dpdns.org,https://apifh1125.dpdns.org/unlock,200,iCloudPy 控制台,nginx/1.24.0 (Ubuntu),text/html,639,Nginx,,911,
http://www.huozhong.dpdns.org,http://www.huozhong.dpdns.org,200,首页 - MC鲁观世界,nginx,text/html,13363,Nginx,,351,
https://pub.mkswenmingahidai.dpdns.org,https://pub.mkswenmingahidai.dpdns.org,426,,nginx,text/plain,16,Nginx,,593,
http://maomaodamowang.dpdns.org,https://maomaodamowang.dpdns.org/login,200,登录,nginx/1.18.0 (Ubuntu),text/html,4309,Nginx,,4789,
https://rok.kieranma.dpdns.org,https://rok.kieranma.dpdns.org,400,Invalid URL,AkamaiGHost,text/html,312,,,539,
https://mkswenmingahidai.dpdns.org,https://mkswenmingahidai.dpdns.org,426,,nginx,text/plain,16,Nginx,,634,
https://xykj.sby01.dpdns.org,https://xykj.sby01.dpdns.org,404,404 Not Found,nginx,text/html,146,Nginx,,781,
https://skysun.dpdns.org,https://skysun.dpdns.org/index.php/login,200,Login – Nextcloud,,text/html,17889,PHP,,1367,
http://hk.m77.dpdns.org,,0,,,,0,,,0,connect_error: [Errno -2] Name or service not known
https://hk.manbu16.dpdns.org,https://hk.manbu16.dpdns.org,403,Edge IP Restricted | hk.manbu16.dpdns.org | Cloudflare,cloudflare,text/html,7470,Cloudflare,,582,
https://hk.ehua9588.dpdns.org,https://hk.ehua9588.dpdns.org,404,Not Found on Accelerator,,text/html,287,,,687,
https://www.shenqiweb.dpdns.org,https://shenqi.best/,200,神奇工具箱,nginx,text/html,20725,Nginx,,1916,
https://openpanda365.dpdns.org,https://openpanda365.dpdns.org,200,96.one,Microsoft-IIS,text/html,12320,IIS,,606,
https://komari.imzwr667.dpdns.org,https://komari.imzwr667.dpdns.org,200,Komari-Theme-LuminaPlus,nginx,text/html,6014,Nginx,,590,
https://alexleehkg.dpdns.org,https://alexleehkg.dpdns.org,200,Apache2 Ubuntu Default Page: It works,Apache/2.4.66 (Ubuntu),text/html,10672,Apache,,576,
https://monitor.zeropoint.dpdns.org,https://monitor.zeropoint.dpdns.org,502,502 Bad Gateway,nginx/1.26.3,text/html,157,Nginx,,559,
http://mkswenmingahidai.dpdns.org,https://mkswenmingahidai.dpdns.org/,426,,nginx,text/plain,16,Nginx,,1018,
http://xykj.sby01.dpdns.org,https://xykj.sby01.dpdns.org/,404,404 Not Found,nginx,text/html,146,Nginx,,1187,
https://shenqiweb.dpdns.org,https://shenqi.best/,200,神奇工具箱,nginx,text/html,20725,Nginx,,1754,
https://shenqi1375.dpdns.org,https://shenqi.best/,200,神奇工具箱,nginx,text/html,20725,Nginx,,1737,
http://pub.mkswenmingahidai.dpdns.org,https://pub.mkswenmingahidai.dpdns.org/,426,,nginx,text/plain,16,Nginx,,1049,
http://zeropoint.dpdns.org,http://zeropoint.dpdns.org,502,502 Bad Gateway,nginx/1.26.3,text/html,157,Nginx,,415,
https://zeropoint.dpdns.org,https://zeropoint.dpdns.org,502,502 Bad Gateway,nginx/1.26.3,text/html,157,Nginx,,585,
http://banshef.dpdns.org,https://banshef.dpdns.org/,200,诗词天地,openresty,text/html,26627,OpenResty,,1001,
https://h5.sdk.mobileztgame.com.t1s7rm9yx6.dpdns.org,,0,,,,0,,,0,connect_error: [Errno 111] Connection refused
https://vmissa.lingyingran.dpdns.org,https://vmissa.lingyingran.dpdns.org,404,,Caddy,text/plain,9,,,5266,
https://www.shenqi1375.dpdns.org,https://shenqi.best/,200,神奇工具箱,nginx,text/html,20725,Nginx,,1845,
https://api.yinzhu.dpdns.org,https://api.yinzhu.dpdns.org,404,,nginx/1.24.0 (Ubuntu),application/json,72,Nginx,,558,
https://hksjdiwzm.lufeis.dpdns.org,https://hksjdiwzm.lufeis.dpdns.org,404,,,,0,,,580,
https://imzwr667.dpdns.org,https://imzwr667.dpdns.org,200,Ray's Control Center,nginx,text/html,18865,Nginx,,524,
https://agion.sock.dpdns.org,https://agion.sock.dpdns.org,200,恭喜，站点创建成功！,nginx,text/html,917,Nginx,,238,
https://www.xiaopengwm.dpdns.org,https://www.xiaopengwm.dpdns.org,200,Cloudreve,Tengine,text/html,3771,React,,726,
https://clouddatatransfer.dpdns.org,https://clouddatatransfer.dpdns.org,200,FileDrop - Simple & Secure File Sharing,Apache/2.4.52 (Ubuntu),text/html,48229,Apache,,5532,
http://huozhong.dpdns.org,http://huozhong.dpdns.org,200,首页 - MC鲁观世界,nginx,text/html,13363,Nginx,,390,
https://great429.dpdns.org,https://great429.dpdns.org,403,403 Forbidden,nginx/1.18.0 (Ubuntu),text/html,162,Nginx,,580,
https://ailin.dpdns.org,https://ailin.dpdns.org,200,Octop,nginx,text/html,7424,"Nginx,React",,593,
https://chungshinghk.mansun.dpdns.org,https://chungshinghk.mansun.dpdns.org,200,中盛殯儀｜一站式殯儀服務,nginx/1.24.0 (Ubuntu),text/html,614,Nginx,,5696,
https://huozhong.dpdns.org,https://huozhong.dpdns.org,200,首页 - MC鲁观世界,nginx,text/html,13363,Nginx,,519,
https://xknb77.dpdns.org,https://xknb77.dpdns.org,200,抱歉，站点已暂停,nginx,text/html,3460,Nginx,,715,
http://www.aixue.dpdns.org,https://www.aixue.dpdns.org/,200,aixue,nginx,text/html,57641,Nginx,,1050,
http://www.ddrayray.dpdns.org,https://www.ddrayray.dpdns.org/,200,3D元素周期表,nginx/1.20.1,text/html,13983,Nginx,,1437,
https://tus.citytour.dpdns.org,,0,,,,0,,,0,error: Server disconnected without sending a response.
http://andeslabs.dpdns.org,https://andeslabs.dpdns.org:5667,200,飞牛 fnOS,nginx,text/html,4557,"Nginx,React",,958,
https://navidrome.hkguy.dpdns.org,https://navidrome.hkguy.dpdns.org,502,502 Bad Gateway,openresty,text/html,154,OpenResty,,563,
https://mtv.hkguy.dpdns.org,https://mtv.hkguy.dpdns.org,400,Invalid URL,AkamaiGHost,text/html,312,,,607,
https://lululand.dpdns.org,https://lululand.dpdns.org,200,,,text/html,10566,,,587,
https://wbxllyh.dpdns.org,https://wbxllyh.dpdns.org,403,Edge IP Restricted | wbxllyh.dpdns.org | Cloudflare,cloudflare,text/html,7766,Cloudflare,,649,
https://meet.liangdai.dpdns.org,https://meet.liangdai.dpdns.org,200,LexiMate · 雅思 AI 翻译,nginx,text/html,564,Nginx,,569,
http://hacs.peterchancch.dpdns.org,https://hacs.peterchancch.dpdns.org/,403,403 Forbidden,nginx,text/html,146,Nginx,,942,
https://qmsl.dpdns.org,https://qmsl.dpdns.org,200,球迷沙龙,nginx,text/html,12603,Nginx,,620,
http://en.885.dpdns.org,http://en.885.dpdns.org,200,Proxy Everything,cloudflare,text/html,3610,Cloudflare,,129,
https://hutiancheng.dpdns.org,https://hutiancheng.dpdns.org,200,柚话说 YooChat — AI 驱动的英语学习平台,nginx/1.22.1,text/html,89181,Nginx,,811,
https://applemanager.apifh1125.dpdns.org,https://applemanager.apifh1125.dpdns.org/unlock,200,iCloudPy 控制台,nginx/1.24.0 (Ubuntu),text/html,639,Nginx,,916,
https://pfsense.alexleehkg.dpdns.org,https://pfsense.alexleehkg.dpdns.org,200,Apache2 Ubuntu Default Page: It works,Apache/2.4.66 (Ubuntu),text/html,10672,Apache,,597,
http://d.toluoshao1.dpdns.org,http://d.toluoshao1.dpdns.org,200,SMS Platform,nginx/1.27.5,text/html,603,Nginx,,411,
http://bltsal.dpdns.org,http://bltsal.dpdns.org,200,404 Not Found,openresty,text/html,130,OpenResty,,445,
http://shandun.tangxiaoqi.dpdns.org,https://shandun.tangxiaoqi.dpdns.org/,200,Access Temporarily Unavailable,openresty,text/html,1441,OpenResty,,6329,
https://111.yipancai.dpdns.org,https://111.yipancai.dpdns.org,418,,TencentEdgeOne,,0,,,626,
https://xrayyy.dpdns.org,https://xrayyy.dpdns.org,200,购物 - Ai大模型自助购买,nginx,text/html,6645,"Bootstrap,Nginx",,822,
https://gslin.dpdns.org,,0,,,,0,,,0,connect_error: [Errno 111] Connection refused
http://ayu8.dpdns.org,http://ayu8.dpdns.org,404,,,,182,,,419,
http://tne.holl.dpdns.org,http://tne.holl.dpdns.org,200,404 Not Found,openresty,text/html,130,OpenResty,,404,
http://year.dpdns.org,http://year.dpdns.org,404,,istio-envoy,,0,,,402,
https://sub.conetcdataone.dpdns.org,https://sub.conetcdataone.dpdns.org,400,Invalid URL,AkamaiGHost,text/html,310,,,611,
https://jieni666.dpdns.org,https://jieni666.dpdns.org,400,Invalid URL,AkamaiGHost,text/html,310,,,538,
http://www.shuxueyst.dpdns.org,https://shuxueyst.dpdns.org/student/login,200,课堂助手智能体,nginx/1.18.0 (Ubuntu),text/html,11959,Nginx,,1538,
http://b.tmshop.dpdns.org,http://b.tmshop.dpdns.org,404,404 Not Found,openresty,text/html,150,OpenResty,,490,
http://yspmc.dpdns.org,http://yspmc.dpdns.org,403,403 Forbidden,nginx,text/html,146,Nginx,,482,
https://grdyq.mds.dpdns.org,https://grdyq.mds.dpdns.org,200,莫森订阅优选,cloudflare,text/html,13921,Cloudflare,,1308,
http://a.tmshop.dpdns.org,http://a.tmshop.dpdns.org,404,404 Not Found,openresty,text/html,150,OpenResty,,490,
https://npm.hkguy.dpdns.org,https://npm.hkguy.dpdns.org,200,Nginx Proxy Manager,openresty,text/html,1482,OpenResty,,592,
https://1p.gslin.dpdns.org,,0,,,,0,,,0,connect_error: [Errno 111] Connection refused
https://spamuse.dpdns.org,https://spamuse.dpdns.org/en_us/,200,Spamuse,nginx,text/html,262657,"Nginx,WordPress",,1978,
https://ktv6.hkguy.dpdns.org,https://ktv6.hkguy.dpdns.org/login?redirect=%2F,200,MoonTVPlus,openresty,text/html,20792,OpenResty,,729,
https://dpanel.hkguy.dpdns.org,https://dpanel.hkguy.dpdns.org,200,,openresty,text/html,794,OpenResty,,547,
http://qmsl.dpdns.org,https://qmsl.dpdns.org/,200,球迷沙龙,nginx,text/html,12603,Nginx,,1230,
https://hk.heying168.dpdns.org,https://hk.heying168.dpdns.org,200,Decoraat,nginx/1.28.0,text/html,3083,Nginx,,595,
http://ysrgfw.hanxi.dpdns.org,,0,,,,0,,,0,connect_error: [Errno 111] Connection refused
http://yuner.dpdns.org,http://yuner.dpdns.org,200,404 Not Found,nginx,text/html,138,Nginx,,450,
http://lululand.dpdns.org,https://lululand.dpdns.org/,200,,,text/html,10566,,,961,
https://xn88.dpdns.org,https://xn88.dpdns.org,200,BDmarket App 下载,nginx,text/html,6196,Nginx,,668,
https://lingweikang.dpdns.org,https://lingweikang.dpdns.org,400,Invalid URL,AkamaiGHost,text/html,312,,,812,
http://xixl.dpdns.org,http://xixl.dpdns.org,200,没有找到站点,nginx,text/html,1326,Nginx,,405,
http://supertom.dpdns.org,http://supertom.dpdns.org,200,404 Not Found,nginx,text/html,138,Nginx,,456,
http://xn88.dpdns.org,http://xn88.dpdns.org,403,403 Forbidden,nginx,text/html,146,Nginx,,435,
https://520bt.dpdns.org,https://520bt.dpdns.org,403,403 Forbidden,nginx,text/html,146,Nginx,,560,
http://qq.color111111.dpdns.org,http://qq.color111111.dpdns.org,200,404 Not Found,nginx,text/html,138,Nginx,,572,
https://a.ccyy.dpdns.org,https://a.ccyy.dpdns.org,404,Not Found on Accelerator,,text/html,297,,,648,
https://xn28.dpdns.org,https://xn28.dpdns.org,200,BDmarket App 下载,nginx,text/html,6196,Nginx,,676,
http://xn28.dpdns.org,http://xn28.dpdns.org,403,403 Forbidden,nginx,text/html,146,Nginx,,379,
http://520bt.dpdns.org,https://520bt.dpdns.org/,403,403 Forbidden,nginx,text/html,146,Nginx,,931,
http://b.zs82.dpdns.org,http://b.zs82.dpdns.org,404,404 Not Found,nginx/1.24.0,text/html,153,Nginx,,402,
https://xn77.dpdns.org,https://xn77.dpdns.org,200,BDmarket App 下载,nginx,text/html,6196,Nginx,,638,
http://a.zs82.dpdns.org,http://a.zs82.dpdns.org,404,404 Not Found,nginx/1.24.0,text/html,153,Nginx,,354,
https://always.dpdns.org,https://always.dpdns.org,200,OpenList,,text/html,16263,,,613,
http://dash.tmshop.dpdns.org,http://dash.tmshop.dpdns.org,404,404 Not Found,openresty,text/html,150,OpenResty,,385,
https://b.ccyy.dpdns.org,https://b.ccyy.dpdns.org,404,Not Found on Accelerator,,text/html,297,,,645,
http://a.ilog.dpdns.org,http://a.ilog.dpdns.org,200,welcome use kangle!,kangle/3.5,text/html,235,,,513,
http://xzmwndj.dpdns.org,http://xzmwndj.dpdns.org,200,默认房间,nginx,text/html,51389,Nginx,,520,
https://xn666.dpdns.org,https://xn666.dpdns.org,200,BDmarket App 下载,nginx,text/html,6196,Nginx,,655,
https://3160.dpdns.org,https://3160.dpdns.org,404,404 Not Found,nginx/1.27.5,text/html,153,Nginx,,574,
http://ccccz.dpdns.org,http://ccccz.dpdns.org,403,403 Forbidden,nginx,text/html,146,Nginx,,419,
http://frp1.dpdns.org,http://frp1.dpdns.org,200,"Sorry, the website has been stopped",openresty,text/html,58286,OpenResty,,952,
http://xn666.dpdns.org,http://xn666.dpdns.org,403,403 Forbidden,nginx,text/html,146,Nginx,,429,
http://zhlhlf.dpdns.org,http://zhlhlf.dpdns.org,200,zhlhlfの下载站,nginx/1.22.1,text/html,13609,Nginx,,397,
http://xn77.dpdns.org,http://xn77.dpdns.org,403,403 Forbidden,nginx,text/html,146,Nginx,,407,
https://www.usrayray.dpdns.org,https://www.usrayray.dpdns.org,200,3D元素周期表,nginx/1.20.1,text/html,13983,Nginx,,234,
http://xn99.dpdns.org,http://xn99.dpdns.org,403,403 Forbidden,nginx,text/html,146,Nginx,,414,
https://usrayray.dpdns.org,https://usrayray.dpdns.org,200,3D元素周期表,nginx/1.20.1,text/html,13983,Nginx,,240,
http://b.ilog.dpdns.org,http://b.ilog.dpdns.org,200,welcome use kangle!,kangle/3.5,text/html,235,,,514,
https://hnjc.hnzyydxyfw.dpdns.org,https://hnjc.hnzyydxyfw.dpdns.org/main/home/index.html,200,東吳證券（香港）金融控股有限公司,nginx,text/html,60803,"Nginx,Vue.js",,824,
http://www.usrayray.dpdns.org,https://www.usrayray.dpdns.org/,200,3D元素周期表,nginx/1.20.1,text/html,13983,Nginx,,371,
https://xn99.dpdns.org,https://xn99.dpdns.org,200,BDmarket App 下载,nginx,text/html,6196,Nginx,,671,
https://ad7gm.dpdns.org,https://ad7gm.dpdns.org,200,Game次元,nginx,text/html,88671,Nginx,,3047,
https://k4.0691.dpdns.org,https://k4.0691.dpdns.org,404,,,,0,,,3401,
http://hqtubcm.voopliuer.dpdns.org,http://hqtubcm.voopliuer.dpdns.org,200,知行库,nginx,text/html,20579,Nginx,,768,
http://mtizpt.duogongneng.dpdns.org,http://mtizpt.duogongneng.dpdns.org,200,亦景屿,nginx,text/html,30241,Nginx,,750,
http://fnndotcu.fopiloi.dpdns.org,http://fnndotcu.fopiloi.dpdns.org,200,诺清川,nginx,text/html,21612,"Nginx,WordPress,jQuery",,729,
https://zxy-jx1.jsszks.dpdns.org,https://zxy-jx1.jsszks.dpdns.org,200,欣欣解析计费系统,nginx,text/html,8638,Nginx,,950,
http://sggwmn.fopiloi.dpdns.org,http://sggwmn.fopiloi.dpdns.org,200,凌云川,nginx,text/html,21946,"Nginx,WordPress,jQuery",,733,
http://zmnmie.sheyedashe.dpdns.org,http://zmnmie.sheyedashe.dpdns.org,200,青辰珩,nginx,text/html,28971,"Nginx,jQuery",,841,
http://hnjc.hnzyydxyfw.dpdns.org,https://hnjc.hnzyydxyfw.dpdns.org/main/home/index.html,200,東吳證券（香港）金融控股有限公司,nginx,text/html,60803,"Nginx,Vue.js",,1078,
http://ekqafw.voopliuer.dpdns.org,http://ekqafw.voopliuer.dpdns.org,200,亦景白,nginx,text/html,20394,Nginx,,735,
http://rdmduet.sheyedashe.dpdns.org,http://rdmduet.sheyedashe.dpdns.org,200,松弛生活,nginx,text/html,29315,"Nginx,jQuery",,810,
https://cdn.mcmksnb.dpdns.org,https://cdn.mcmksnb.dpdns.org,200,Token Pool - 账号池管理,,text/html,96322,,,1168,
http://fhlpwqdm.goodks.dpdns.org,http://fhlpwqdm.goodks.dpdns.org,200,临珩,nginx,text/html,23557,"Bootstrap,Nginx",,853,
http://gijrjz.goodks.dpdns.org,http://gijrjz.goodks.dpdns.org,200,青辰川,nginx,text/html,27146,"Bootstrap,Nginx",,947,
http://fyqptyrp.fooiuoplik.dpdns.org,http://fyqptyrp.fooiuoplik.dpdns.org,200,送网,nginx,text/html,29299,"Bootstrap,Nginx,jQuery",,845,
http://plgsxso.sheyedashe.dpdns.org,http://plgsxso.sheyedashe.dpdns.org,200,凌云白,nginx,text/html,29505,"Nginx,jQuery",,1024,
https://blog2.dpdns.org,https://blog2.dpdns.org/wp-content/themes/ripro-v5/install/swoole-compiler-loader.php,200,Swoole Compiler Loader Wizard-ritheme.com,nginx,text/html,3029,"Nginx,WordPress",,2911,
http://pdimob.voopliuer.dpdns.org,http://pdimob.voopliuer.dpdns.org,200,叙简白,nginx,text/html,21211,Nginx,,878,
http://slbiuifu.goodks.dpdns.org,http://slbiuifu.goodks.dpdns.org,200,南凌屿,nginx,text/html,71447,Nginx,,1023,
http://rqbddx.voopliuer.dpdns.org,http://rqbddx.voopliuer.dpdns.org,200,篱网,nginx,text/html,20700,Nginx,,905,
http://cdn.mcmksnb.dpdns.org,https://cdn.mcmksnb.dpdns.org/,200,Token Pool - 账号池管理,,text/html,96322,,,1560,
http://rbjrflz.fopiloi.dpdns.org,http://rbjrflz.fopiloi.dpdns.org,200,答序问理,nginx,text/html,21409,"Nginx,WordPress,jQuery",,688,
http://ewpza.voopliuer.dpdns.org,http://ewpza.voopliuer.dpdns.org,200,舒辨解惑,nginx,text/html,20295,Nginx,,756,
http://missim.dpdns.org,https://missim.dpdns.org/,200,missim米西姆,CDN,text/html,63363,,,3155,
http://gwnwrtcm.voopliuer.dpdns.org,http://gwnwrtcm.voopliuer.dpdns.org,200,南川,nginx,text/html,21245,Nginx,,790,
http://fkrpfze.voopliuer.dpdns.org,http://fkrpfze.voopliuer.dpdns.org,200,诺清禾,nginx,text/html,21331,Nginx,,828,
http://linlfum.sheyedashe.dpdns.org,http://linlfum.sheyedashe.dpdns.org,200,阅理解惑,nginx,text/html,28678,"Nginx,jQuery",,795,
http://feoiemtb.voopliuer.dpdns.org,http://feoiemtb.voopliuer.dpdns.org,200,星亦禾,nginx,text/html,20568,Nginx,,914,
http://vmimmmo.voopliuer.dpdns.org,http://vmimmmo.voopliuer.dpdns.org,200,叙简珩,nginx,text/html,20614,Nginx,,859,
http://lqugelc.fopiloi.dpdns.org,http://lqugelc.fopiloi.dpdns.org,200,个人温柔存档,nginx,text/html,21312,"Nginx,WordPress,jQuery",,753,
http://fpvupmy.fopiloi.dpdns.org,http://fpvupmy.fopiloi.dpdns.org,200,临泽珩,nginx,text/html,21496,"Nginx,WordPress,jQuery",,893,
http://gvwmtt.fooiuoplik.dpdns.org,http://gvwmtt.fooiuoplik.dpdns.org,200,凌云白,nginx,text/html,28997,"Bootstrap,Nginx,jQuery",,742,
http://rqwipam.duogongneng.dpdns.org,http://rqwipam.duogongneng.dpdns.org,200,觅网,nginx,text/html,30214,Nginx,,897,
http://upjqi.sheyedashe.dpdns.org,http://upjqi.sheyedashe.dpdns.org,200,临泽屿,nginx,text/html,28871,"Nginx,jQuery",,877,
http://vtfouwm.goodks.dpdns.org,http://vtfouwm.goodks.dpdns.org,200,朝雾网,nginx,text/html,25315,"Bootstrap,Nginx",,772,
http://hmmqd.goodks.dpdns.org,http://hmmqd.goodks.dpdns.org,200,亦景川,nginx,text/html,53526,Nginx,,950,
http://fknxbsk.goodks.dpdns.org,http://fknxbsk.goodks.dpdns.org,200,景昭屿,nginx,text/html,48238,"Nginx,jQuery",,925,
http://oluwt.goodks.dpdns.org,http://oluwt.goodks.dpdns.org,200,彻询解惑,nginx,text/html,31541,"Nginx,jQuery",,908,
http://ziuckp.goodks.dpdns.org,http://ziuckp.goodks.dpdns.org,200,凌云白,nginx,text/html,46024,"Nginx,jQuery",,834,
http://xhtnweyc.sheyedashe.dpdns.org,http://xhtnweyc.sheyedashe.dpdns.org,200,青辰川,nginx,text/html,29351,"Nginx,jQuery",,775,
http://voalq.fopiloi.dpdns.org,http://voalq.fopiloi.dpdns.org,200,静藏岁月,nginx,text/html,21516,"Nginx,WordPress,jQuery",,768,
http://saxyt.fooiuoplik.dpdns.org,http://saxyt.fooiuoplik.dpdns.org,200,平问智,nginx,text/html,28479,"Bootstrap,Nginx,jQuery",,706,
http://ruabcscq.fopiloi.dpdns.org,http://ruabcscq.fopiloi.dpdns.org,200,南寻,nginx,text/html,21651,"Nginx,WordPress,jQuery",,930,
http://spamuse.dpdns.org,http://spamuse.dpdns.org/en_us/,200,Spamuse,nginx,text/html,262336,"Nginx,WordPress",,5177,
http://nceoppek.sheyedashe.dpdns.org,http://nceoppek.sheyedashe.dpdns.org,200,南凌屿,nginx,text/html,28823,"Nginx,jQuery",,795,
http://pdpamfj.duogongneng.dpdns.org,http://pdpamfj.duogongneng.dpdns.org,200,叙简川,nginx,text/html,30582,Nginx,,978,
http://sdtdxs.sheyedashe.dpdns.org,http://sdtdxs.sheyedashe.dpdns.org,200,弘断解惑,nginx,text/html,28865,"Nginx,jQuery",,792,
http://ykmzu.voopliuer.dpdns.org,http://ykmzu.voopliuer.dpdns.org,200,星亦禾,nginx,text/html,21201,Nginx,,764,
http://rgdks.boolpfont.dpdns.org,http://rgdks.boolpfont.dpdns.org,200,南凌川,nginx,text/html,25752,"Nginx,jQuery",,943,
http://skzgbacm.goodks.dpdns.org,http://skzgbacm.goodks.dpdns.org,200,温叙山河,nginx,text/html,24507,Nginx,,793,
http://rrfmrigz.duogongneng.dpdns.org,http://rrfmrigz.duogongneng.dpdns.org,200,晴雨流年册,nginx,text/html,30851,Nginx,,975,
http://blog2.dpdns.org,https://blog2.dpdns.org/wp-content/themes/ripro-v5/install/swoole-compiler-loader.php,200,Swoole Compiler Loader Wizard-ritheme.com,nginx,text/html,3029,"Nginx,WordPress",,3536,
http://skzprn.fooiuoplik.dpdns.org,http://skzprn.fooiuoplik.dpdns.org,200,简禾,nginx,text/html,29131,"Bootstrap,Nginx,jQuery",,749,
http://lllqvf.sheyedashe.dpdns.org,http://lllqvf.sheyedashe.dpdns.org,200,独写流年,nginx,text/html,29103,"Nginx,jQuery",,810,
http://txtjuapf.fopiloi.dpdns.org,http://txtjuapf.fopiloi.dpdns.org,200,反辨解惑,nginx,text/html,22003,"Nginx,WordPress,jQuery",,752,
http://nbbvl.voopliuer.dpdns.org,http://nbbvl.voopliuer.dpdns.org,200,星白,nginx,text/html,20175,Nginx,,752,
http://gljdup.goodks.dpdns.org,http://gljdup.goodks.dpdns.org,200,叙简珩,nginx,text/html,68982,"Bootstrap,Nginx,jQuery",,1089,
http://wflars.boolpfont.dpdns.org,http://wflars.boolpfont.dpdns.org,200,知隅,nginx,text/html,35512,"Nginx,jQuery",,740,
http://mwmjue.fopiloi.dpdns.org,http://mwmjue.fopiloi.dpdns.org,200,风日闲随笔,nginx,text/html,21865,"Nginx,WordPress,jQuery",,730,
http://ysjdjrc.boolpfont.dpdns.org,http://ysjdjrc.boolpfont.dpdns.org,200,独网,nginx,text/html,59324,"Nginx,jQuery",,1164,
http://rfglcjkg.fopiloi.dpdns.org,http://rfglcjkg.fopiloi.dpdns.org,200,青辰川,nginx,text/html,21598,"Nginx,WordPress,jQuery",,705,
http://unlkjthi.voopliuer.dpdns.org,http://unlkjthi.voopliuer.dpdns.org,200,深网,nginx,text/html,20865,Nginx,,908,
http://dkfes.goodks.dpdns.org,http://dkfes.goodks.dpdns.org,200,柔网,nginx,text/html,19348,"Nginx,jQuery",,783,
http://uhfklb.sheyedashe.dpdns.org,http://uhfklb.sheyedashe.dpdns.org,200,平淡温柔,nginx,text/html,28446,"Nginx,jQuery",,1028,
http://ccnxe.duogongneng.dpdns.org,http://ccnxe.duogongneng.dpdns.org,200,聚询解惑,nginx,text/html,29775,Nginx,,873,
http://ycvbj.sheyedashe.dpdns.org,http://ycvbj.sheyedashe.dpdns.org,200,亦景川,nginx,text/html,28318,"Nginx,jQuery",,822,
http://qdposvx.voopliuer.dpdns.org,http://qdposvx.voopliuer.dpdns.org,200,凌云川,nginx,text/html,20583,Nginx,,779,
http://yqfjdcus.duogongneng.dpdns.org,http://yqfjdcus.duogongneng.dpdns.org,200,临泽舟,nginx,text/html,31010,Nginx,,773,
http://qopsju.duogongneng.dpdns.org,http://qopsju.duogongneng.dpdns.org,200,观山随笔,nginx,text/html,30267,Nginx,,806,
http://mzvjwss.boolpfont.dpdns.org,http://mzvjwss.boolpfont.dpdns.org,200,星亦屿,nginx,text/html,19634,"Bootstrap,Nginx",,822,
http://hsssbz.fooiuoplik.dpdns.org,http://hsssbz.fooiuoplik.dpdns.org,200,知珩,nginx,text/html,28476,"Bootstrap,Nginx,jQuery",,927,
http://mcbqjbe.boolpfont.dpdns.org,http://mcbqjbe.boolpfont.dpdns.org,200,南珩,nginx,text/html,41251,"Nginx,jQuery",,803,
http://prexpc.boolpfont.dpdns.org,http://prexpc.boolpfont.dpdns.org,200,临泽珩,nginx,text/html,31906,"Bootstrap,Nginx,jQuery",,807,
http://hupmiez.boolpfont.dpdns.org,http://hupmiez.boolpfont.dpdns.org,200,旦网,nginx,text/html,37541,"Nginx,jQuery",,935,
http://wuzrv.sheyedashe.dpdns.org,http://wuzrv.sheyedashe.dpdns.org,200,双网,nginx,text/html,28597,"Nginx,jQuery",,1441,
http://oudcb.fopiloi.dpdns.org,http://oudcb.fopiloi.dpdns.org,200,愁网,nginx,text/html,21374,"Nginx,WordPress,jQuery",,787,
http://qecedbn.wordres.dpdns.org,http://qecedbn.wordres.dpdns.org,200,景昭屿,nginx,text/html,32627,"Nginx,WordPress,jQuery",,864,
http://dkqfk.sheyedashe.dpdns.org,http://dkqfk.sheyedashe.dpdns.org,200,闲书流年,nginx,text/html,29268,"Nginx,jQuery",,928,
http://dodovj.fopiloi.dpdns.org,http://dodovj.fopiloi.dpdns.org,200,随心随笔,nginx,text/html,21295,"Nginx,WordPress,jQuery",,880,
http://shaku.lanshanhu.dpdns.org,http://shaku.lanshanhu.dpdns.org,200,诺隅,nginx,text/html,20234,"Nginx,jQuery",,798,
http://hqjwgwfi.duogongneng.dpdns.org,http://hqjwgwfi.duogongneng.dpdns.org,200,青辰白,nginx,text/html,30855,Nginx,,746,
http://lhijgace.lanshanhu.dpdns.org,http://lhijgace.lanshanhu.dpdns.org,200,明叙,nginx,text/html,21786,"Nginx,jQuery",,865,
http://mvfpm.voopliuer.dpdns.org,http://mvfpm.voopliuer.dpdns.org,200,启理解惑,nginx,text/html,20723,Nginx,,753,
http://zerbuy.voopliuer.dpdns.org,http://zerbuy.voopliuer.dpdns.org,200,专属岁月随笔,nginx,text/html,20597,Nginx,,752,
http://smtkbu.lanshanhu.dpdns.org,http://smtkbu.lanshanhu.dpdns.org,200,叙简珩,nginx,text/html,21131,"Nginx,jQuery",,888,
http://dpxowpka.fooiuoplik.dpdns.org,http://dpxowpka.fooiuoplik.dpdns.org,200,囊网,nginx,text/html,28114,"Bootstrap,Nginx,jQuery",,838,
http://glwvjd.wordres.dpdns.org,http://glwvjd.wordres.dpdns.org,200,清南禾,nginx,text/html,33406,"Nginx,WordPress,jQuery",,841,
http://qaiwffv.voopliuer.dpdns.org,http://qaiwffv.voopliuer.dpdns.org,200,叙简川,nginx,text/html,20833,Nginx,,797,
http://finvcage.wordres.dpdns.org,http://finvcage.wordres.dpdns.org,200,诺清川,nginx,text/html,33214,"Nginx,WordPress,jQuery",,831,
http://rwrmfmiz.lanshanhu.dpdns.org,http://rwrmfmiz.lanshanhu.dpdns.org,200,景昭珩,nginx,text/html,21979,"Nginx,jQuery",,830,
http://hcqll.voopliuer.dpdns.org,http://hcqll.voopliuer.dpdns.org,200,云栖网,nginx,text/html,20603,Nginx,,764,
http://pyjvb.wordres.dpdns.org,http://pyjvb.wordres.dpdns.org,200,问际答疑,nginx,text/html,33159,"Nginx,WordPress,jQuery",,823,
http://cpzhdt.wordres.dpdns.org,http://cpzhdt.wordres.dpdns.org,200,景昭珩,nginx,text/html,32700,"Nginx,WordPress,jQuery",,798,
http://nntckjio.voopliuer.dpdns.org,http://nntckjio.voopliuer.dpdns.org,200,素白时光,nginx,text/html,20652,Nginx,,970,
http://zdxujy.wordres.dpdns.org,http://zdxujy.wordres.dpdns.org,200,轻问断,nginx,text/html,32769,"Nginx,WordPress,jQuery",,797,
http://whuet.duogongneng.dpdns.org,http://whuet.duogongneng.dpdns.org,200,寻光问答,nginx,text/html,30713,Nginx,,939,
http://dibeq.duogongneng.dpdns.org,http://dibeq.duogongneng.dpdns.org,200,回知解惑,nginx,text/html,30839,Nginx,,800,
http://owmqh.fooiuoplik.dpdns.org,http://owmqh.fooiuoplik.dpdns.org,200,衡寻隅,nginx,text/html,28889,"Bootstrap,Nginx,jQuery",,989,
http://wnvnkq.wordres.dpdns.org,http://wnvnkq.wordres.dpdns.org,200,个人叙存,nginx,text/html,33431,"Nginx,WordPress,jQuery",,981,
http://rltngw.voopliuer.dpdns.org,http://rltngw.voopliuer.dpdns.org,200,沐寻,nginx,text/html,21053,Nginx,,966,
http://ktkrturg.fooiuoplik.dpdns.org,http://ktkrturg.fooiuoplik.dpdns.org,200,诺清禾,nginx,text/html,28591,"Bootstrap,Nginx,jQuery",,721,
http://rwomq.fooiuoplik.dpdns.org,http://rwomq.fooiuoplik.dpdns.org,200,岁月轻拾,nginx,text/html,28809,"Bootstrap,Nginx,jQuery",,824,
http://bulbfbfr.lanshanhu.dpdns.org,http://bulbfbfr.lanshanhu.dpdns.org,200,临泽珩,nginx,text/html,21439,"Nginx,jQuery",,991,
http://ypyuec.lanshanhu.dpdns.org,http://ypyuec.lanshanhu.dpdns.org,200,书韵解惑,nginx,text/html,21220,"Nginx,jQuery",,813,
http://qtimnikq.fooiuoplik.dpdns.org,http://qtimnikq.fooiuoplik.dpdns.org,200,智能答疑,nginx,text/html,28928,"Bootstrap,Nginx,jQuery",,816,
http://ustay.wordres.dpdns.org,http://ustay.wordres.dpdns.org,200,青辰珩,nginx,text/html,32945,"Nginx,WordPress,jQuery",,1018,
http://slmqbqx.wordres.dpdns.org,http://slmqbqx.wordres.dpdns.org,200,雪网,nginx,text/html,32940,"Nginx,WordPress,jQuery",,828,
http://sdthboa.fopiloi.dpdns.org,http://sdthboa.fopiloi.dpdns.org,200,静心问答,nginx,text/html,22078,"Nginx,WordPress,jQuery",,784,
http://dxkhrwi.rtootsatpeg.dpdns.org,http://dxkhrwi.rtootsatpeg.dpdns.org,200,松弛随笔,nginx,text/html,37763,"Nginx,jQuery",,983,
http://wjrewrw.taiyangshen.dpdns.org,http://wjrewrw.taiyangshen.dpdns.org,200,知寻,nginx,text/html,30336,"Nginx,jQuery",,874,
http://egoljm.lanshanhu.dpdns.org,http://egoljm.lanshanhu.dpdns.org,200,南凌禾,nginx,text/html,21305,"Nginx,jQuery",,993,
http://wxexos.voopliuer.dpdns.org,http://wxexos.voopliuer.dpdns.org,200,星亦禾,nginx,text/html,20823,Nginx,,1486,
http://fbzumbxy.lanshanhu.dpdns.org,http://fbzumbxy.lanshanhu.dpdns.org,200,星亦屿,nginx,text/html,21286,"Nginx,jQuery",,953,
http://wmoojtvy.sheyedashe.dpdns.org,http://wmoojtvy.sheyedashe.dpdns.org,200,知省解惑,nginx,text/html,29283,"Nginx,jQuery",,1038,
http://raimdzer.taiyangshen.dpdns.org,http://raimdzer.taiyangshen.dpdns.org,200,穹网,nginx,text/html,30359,"Nginx,jQuery",,1114,
http://ftson.wordres.dpdns.org,http://ftson.wordres.dpdns.org,200,辰简隅,nginx,text/html,32673,"Nginx,WordPress,jQuery",,1045,
http://moqurr.voopliuer.dpdns.org,http://moqurr.voopliuer.dpdns.org,200,凌云白,nginx,text/html,20709,Nginx,,1026,
http://hslof.wordres.dpdns.org,http://hslof.wordres.dpdns.org,200,拥抱流年,nginx,text/html,33074,"Nginx,WordPress,jQuery",,1074,
http://jzhrq.fooiuoplik.dpdns.org,http://jzhrq.fooiuoplik.dpdns.org,200,青隅,nginx,text/html,29115,"Bootstrap,Nginx,jQuery",,1189,
http://isyjsusi.goodks.dpdns.org,http://isyjsusi.goodks.dpdns.org,200,简单叙写,nginx,text/html,69996,"Bootstrap,Nginx,jQuery",,1371,
http://bhucu.fopiloi.dpdns.org,http://bhucu.fopiloi.dpdns.org,200,南川,nginx,text/html,22153,"Nginx,WordPress,jQuery",,1036,
http://knabiffv.voopliuer.dpdns.org,http://knabiffv.voopliuer.dpdns.org,200,问细答疑,nginx,text/html,21412,Nginx,,1013,
http://hlmni.rtootsatpeg.dpdns.org,http://hlmni.rtootsatpeg.dpdns.org,200,南凌禾,nginx,text/html,36970,"Nginx,jQuery",,1314,
http://bdjawof.lanshanhu.dpdns.org,http://bdjawof.lanshanhu.dpdns.org,200,南凌屿,nginx,text/html,21055,"Nginx,jQuery",,1053,
http://mqvfzbj.duogongneng.dpdns.org,http://mqvfzbj.duogongneng.dpdns.org,200,简约时光,nginx,text/html,30451,Nginx,,878,
http://krfvxru.lanshanhu.dpdns.org,http://krfvxru.lanshanhu.dpdns.org,200,简川,nginx,text/html,20883,"Nginx,jQuery",,900,
http://uolshwpp.rtootsatpeg.dpdns.org,http://uolshwpp.rtootsatpeg.dpdns.org,200,临泽珩,nginx,text/html,38086,"Nginx,jQuery",,1229,
http://xxxhj.wordres.dpdns.org,http://xxxhj.wordres.dpdns.org,200,星亦川,nginx,text/html,33171,"Nginx,WordPress,jQuery",,818,
http://duhrxfow.boolpfont.dpdns.org,http://duhrxfow.boolpfont.dpdns.org,200,诺清禾,nginx,text/html,22159,"Nginx,WordPress,jQuery",,964,
http://nkxso.fooiuoplik.dpdns.org,http://nkxso.fooiuoplik.dpdns.org,200,诺清川,nginx,text/html,27982,"Bootstrap,Nginx,jQuery",,777,
http://enppij.voopliuer.dpdns.org,http://enppij.voopliuer.dpdns.org,200,昭青舟,nginx,text/html,20448,Nginx,,2992,
http://itgturkt.lanshanhu.dpdns.org,http://itgturkt.lanshanhu.dpdns.org,200,揽风网,nginx,text/html,21528,"Nginx,jQuery",,814,
http://knmigf.duogongneng.dpdns.org,http://knmigf.duogongneng.dpdns.org,200,青辰川,nginx,text/html,30359,Nginx,,835,
http://hnydwk.goodks.dpdns.org,http://hnydwk.goodks.dpdns.org,200,启知阁,nginx,text/html,24895,"Bootstrap,Nginx,jQuery",,953,
http://ewsnmft.lanshanhu.dpdns.org,http://ewsnmft.lanshanhu.dpdns.org,200,衡寻珩,nginx,text/html,21185,"Nginx,jQuery",,739,
http://sub.xin101.dpdns.org,,0,,,,0,,,0,timeout
http://xrueo.fooiuoplik.dpdns.org,http://xrueo.fooiuoplik.dpdns.org,200,复知阁,nginx,text/html,28245,"Bootstrap,Nginx,jQuery",,695,
http://blijxjhe.wordres.dpdns.org,http://blijxjhe.wordres.dpdns.org,200,临泽舟,nginx,text/html,31090,"Nginx,WordPress,jQuery",,754,
http://wlkecyuc.voopliuer.dpdns.org,http://wlkecyuc.voopliuer.dpdns.org,200,诺清川,nginx,text/html,20599,Nginx,,730,
http://kytqhtbw.wordres.dpdns.org,http://kytqhtbw.wordres.dpdns.org,200,诺清隅,nginx,text/html,32832,"Nginx,WordPress,jQuery",,767,
http://rednihb.goodks.dpdns.org,http://rednihb.goodks.dpdns.org,200,静拾人间,nginx,text/html,20961,"Bootstrap,Nginx,jQuery",,748,
http://vunkmaup.fooiuoplik.dpdns.org,http://vunkmaup.fooiuoplik.dpdns.org,200,寻网,nginx,text/html,29046,"Bootstrap,Nginx,jQuery",,752,
http://pnkpb.fopiloi.dpdns.org,http://pnkpb.fopiloi.dpdns.org,200,凌云白,nginx,text/html,21770,"Nginx,WordPress,jQuery",,715,
http://rutnz.boolpfont.dpdns.org,http://rutnz.boolpfont.dpdns.org,200,叙简白,nginx,text/html,49344,"Nginx,jQuery",,956,
http://ekbpdo.taiyangshen.dpdns.org,http://ekbpdo.taiyangshen.dpdns.org,200,诺清川,nginx,text/html,30103,"Nginx,jQuery",,870,
http://ulzmvj.fopiloi.dpdns.org,http://ulzmvj.fopiloi.dpdns.org,200,自存朝夕随笔,nginx,text/html,21875,"Nginx,WordPress,jQuery",,783,
http://jnagpp.duogongneng.dpdns.org,http://jnagpp.duogongneng.dpdns.org,200,诺川,nginx,text/html,30039,Nginx,,852,
http://lqufdelq.boolpfont.dpdns.org,http://lqufdelq.boolpfont.dpdns.org,200,元理解惑,nginx,text/html,19548,Nginx,,869,
http://klxvj.boolpfont.dpdns.org,http://klxvj.boolpfont.dpdns.org,200,樵网,nginx,text/html,22072,"Nginx,jQuery",,963,
http://hjetzl.rtootsatpeg.dpdns.org,http://hjetzl.rtootsatpeg.dpdns.org,200,诺清隅,nginx,text/html,37553,"Nginx,jQuery",,990,
http://brpeq.fooiuoplik.dpdns.org,http://brpeq.fooiuoplik.dpdns.org,200,亦景屿,nginx,text/html,28527,"Bootstrap,Nginx,jQuery",,3064,
http://obxpf.boolpfont.dpdns.org,http://obxpf.boolpfont.dpdns.org,200,亦景屿,nginx,text/html,23468,"Bootstrap,Nginx",,1053,
http://cikxtnd.rtootsatpeg.dpdns.org,http://cikxtnd.rtootsatpeg.dpdns.org,200,诺清川,nginx,text/html,37770,"Nginx,jQuery",,1164,
http://maoqjc.wordres.dpdns.org,http://maoqjc.wordres.dpdns.org,200,简禾,nginx,text/html,33098,"Nginx,WordPress,jQuery",,882,
http://ohmvmdvp.goodks.dpdns.org,http://ohmvmdvp.goodks.dpdns.org,200,沐珩,nginx,text/html,26353,"Nginx,jQuery",,785,
http://zahaqtxu.rtootsatpeg.dpdns.org,http://zahaqtxu.rtootsatpeg.dpdns.org,200,答幽解惑,nginx,text/html,37448,"Nginx,jQuery",,1015,
http://hwbiehu.goodks.dpdns.org,http://hwbiehu.goodks.dpdns.org,200,诺清禾,nginx,text/html,38203,Nginx,,982,
http://bzwtk.rtootsatpeg.dpdns.org,http://bzwtk.rtootsatpeg.dpdns.org,200,凌云禾,nginx,text/html,37500,"Nginx,jQuery",,1063,
http://ifhzl.sheyedashe.dpdns.org,http://ifhzl.sheyedashe.dpdns.org,200,凌云白,nginx,text/html,28948,"Nginx,jQuery",,885,
http://kpbcrydu.fopiloi.dpdns.org,http://kpbcrydu.fopiloi.dpdns.org,200,始网,nginx,text/html,22285,"Nginx,WordPress,jQuery",,810,
http://afqmurt.rtootsatpeg.dpdns.org,http://afqmurt.rtootsatpeg.dpdns.org,200,南凌川,nginx,text/html,37287,"Nginx,jQuery",,1015,
http://ekccvrl.voopliuer.dpdns.org,http://ekccvrl.voopliuer.dpdns.org,200,景昭白,nginx,text/html,21005,Nginx,,826,
http://xyomtad.boolpfont.dpdns.org,http://xyomtad.boolpfont.dpdns.org,200,问理阁,nginx,text/html,25779,"Nginx,jQuery",,784,
http://oxajvyr.lanshanhu.dpdns.org,http://oxajvyr.lanshanhu.dpdns.org,200,生活碎碎片,nginx,text/html,21033,"Nginx,jQuery",,820,
http://hvrkc.duogongneng.dpdns.org,http://hvrkc.duogongneng.dpdns.org,200,简川,nginx,text/html,30207,Nginx,,821,
http://jxjnssfd.boolpfont.dpdns.org,http://jxjnssfd.boolpfont.dpdns.org,200,默拥朝夕,nginx,text/html,22898,"Bootstrap,Nginx",,900,
http://shkicrz.fooiuoplik.dpdns.org,http://shkicrz.fooiuoplik.dpdns.org,200,凌云禾,nginx,text/html,29540,"Bootstrap,Nginx,jQuery",,805,
http://majiawebtest.dpdns.org,,0,,,,0,,,0,timeout
http://rfwlya.lanshanhu.dpdns.org,http://rfwlya.lanshanhu.dpdns.org,200,南凌川,nginx,text/html,21185,"Nginx,jQuery",,811,
http://gwywrw.fopiloi.dpdns.org,http://gwywrw.fopiloi.dpdns.org,200,密柳网,nginx,text/html,22170,"Nginx,WordPress,jQuery",,742,
http://zjoxdu.sheyedashe.dpdns.org,http://zjoxdu.sheyedashe.dpdns.org,200,共享解惑,nginx,text/html,29029,"Nginx,jQuery",,843,
http://ylezxjd.lanshanhu.dpdns.org,http://ylezxjd.lanshanhu.dpdns.org,200,叙简川,nginx,text/html,21500,"Nginx,jQuery",,880,
http://isyqkpa.boolpfont.dpdns.org,http://isyqkpa.boolpfont.dpdns.org,200,顾理堂,nginx,text/html,21952,"Nginx,WordPress,jQuery",,869,
http://jeajk.duogongneng.dpdns.org,http://jeajk.duogongneng.dpdns.org,200,汇总解惑,nginx,text/html,30396,Nginx,,809,
http://cxkeoktc.sheyedashe.dpdns.org,http://cxkeoktc.sheyedashe.dpdns.org,200,清南隅,nginx,text/html,29344,"Nginx,jQuery",,837,
http://atggtj.taiyangshen.dpdns.org,http://atggtj.taiyangshen.dpdns.org,200,疏诺禾,nginx,text/html,30005,"Nginx,jQuery",,855,
http://vzrsscn.fooiuoplik.dpdns.org,http://vzrsscn.fooiuoplik.dpdns.org,200,知珩,nginx,text/html,28969,"Bootstrap,Nginx,jQuery",,829,
http://irlgwgnz.lanshanhu.dpdns.org,http://irlgwgnz.lanshanhu.dpdns.org,200,温藏流年,nginx,text/html,21277,"Nginx,jQuery",,841,
http://ziziowqf.taiyangshen.dpdns.org,http://ziziowqf.taiyangshen.dpdns.org,200,景昭屿,nginx,text/html,30353,"Nginx,jQuery",,831,
http://tdrkw.fopiloi.dpdns.org,http://tdrkw.fopiloi.dpdns.org,200,独处生活,nginx,text/html,21753,"Nginx,WordPress,jQuery",,814,
http://lkyrck.goodks.dpdns.org,http://lkyrck.goodks.dpdns.org,200,凌云白,nginx,text/html,27879,"Bootstrap,Nginx,jQuery",,918,
http://bfufue.weiyutiop.dpdns.org,http://bfufue.weiyutiop.dpdns.org,200,临屿,nginx,text/html,23332,Nginx,,935,
http://iegnfjd.weiyutiop.dpdns.org,http://iegnfjd.weiyutiop.dpdns.org,200,叙简珩,nginx,text/html,23401,Nginx,,1020,
http://dnzuwl.taiyangshen.dpdns.org,http://dnzuwl.taiyangshen.dpdns.org,200,山河解惑,nginx,text/html,30082,"Nginx,jQuery",,906,
http://najyfy.goodks.dpdns.org,http://najyfy.goodks.dpdns.org,200,岑网,nginx,text/html,25812,"Nginx,jQuery",,909,
http://yvsrnlru.rtootsatpeg.dpdns.org,http://yvsrnlru.rtootsatpeg.dpdns.org,200,青辰川,nginx,text/html,37529,"Nginx,jQuery",,1049,
http://kvnpgpz.fooiuoplik.dpdns.org,http://kvnpgpz.fooiuoplik.dpdns.org,200,晴光手记,nginx,text/html,28604,"Bootstrap,Nginx,jQuery",,817,
http://latxzl.rtootsatpeg.dpdns.org,http://latxzl.rtootsatpeg.dpdns.org,200,星亦屿,nginx,text/html,37680,"Nginx,jQuery",,1026,
https://majiawebtest.dpdns.org,,0,,,,0,,,0,timeout
http://pslno.goodks.dpdns.org,http://pslno.goodks.dpdns.org,200,诺清川,nginx,text/html,20151,"Bootstrap,Nginx,jQuery",,802,
http://vtiwim.lanshanhu.dpdns.org,http://vtiwim.lanshanhu.dpdns.org,200,溯知解惑,nginx,text/html,21943,"Nginx,jQuery",,912,
http://quzyg.goodks.dpdns.org,http://quzyg.goodks.dpdns.org,200,星亦川,nginx,text/html,21902,"Bootstrap,Nginx",,900,
http://wpgilo.wordres.dpdns.org,http://wpgilo.wordres.dpdns.org,200,自我记录馆,nginx,text/html,33054,"Nginx,WordPress,jQuery",,945,
http://ygmppd.boolpfont.dpdns.org,http://ygmppd.boolpfont.dpdns.org,200,泽知白,nginx,text/html,29211,"Bootstrap,Nginx,jQuery",,1018,
http://svqlzuo.voopliux.dpdns.org,http://svqlzuo.voopliux.dpdns.org,200,晖网,nginx,text/html,28546,"Nginx,jQuery",,886,
http://rhioxr.rtootsatpeg.dpdns.org,http://rhioxr.rtootsatpeg.dpdns.org,200,窗网,nginx,text/html,37944,"Nginx,jQuery",,974,
http://qtlpy.weiyutiop.dpdns.org,http://qtlpy.weiyutiop.dpdns.org,200,风月自渡书,nginx,text/html,23345,Nginx,,914,
http://91aowu.dpdns.org,,0,,,,0,,,0,connect_error: [Errno -3] Temporary failure in name resolution
http://zxqwhltk.wordres.dpdns.org,http://zxqwhltk.wordres.dpdns.org,200,简单流年,nginx,text/html,33315,"Nginx,WordPress,jQuery",,866,
http://ayefcbks.sheyedashe.dpdns.org,http://ayefcbks.sheyedashe.dpdns.org,200,辰简珩,nginx,text/html,29236,"Nginx,jQuery",,943,
http://tugbp.rtootsatpeg.dpdns.org,http://tugbp.rtootsatpeg.dpdns.org,200,景昭屿,nginx,text/html,37468,"Nginx,jQuery",,891,
http://nziqtlw.goodks.dpdns.org,http://nziqtlw.goodks.dpdns.org,200,叙简川,nginx,text/html,36874,"Nginx,jQuery",,972,
http://lwvizx.rtootsatpeg.dpdns.org,http://lwvizx.rtootsatpeg.dpdns.org,200,轻写岁月,nginx,text/html,37867,"Nginx,jQuery",,966,
http://phfjf.rtootsatpeg.dpdns.org,http://phfjf.rtootsatpeg.dpdns.org,200,安静随笔,nginx,text/html,37203,"Nginx,jQuery",,953,
http://cavpxjl.voopliuer.dpdns.org,http://cavpxjl.voopliuer.dpdns.org,200,知寻,nginx,text/html,20955,Nginx,,825,
http://jqvuit.duogongneng.dpdns.org,http://jqvuit.duogongneng.dpdns.org,200,回理解惑,nginx,text/html,30490,Nginx,,760,
http://tuhevoba.wordres.dpdns.org,http://tuhevoba.wordres.dpdns.org,200,叙简白,nginx,text/html,32999,"Nginx,WordPress,jQuery",,867,
http://uqremsex.wordres.dpdns.org,http://uqremsex.wordres.dpdns.org,200,南凌屿,nginx,text/html,32770,"Nginx,WordPress,jQuery",,878,
http://xgxsxs.voopliux.dpdns.org,http://xgxsxs.voopliux.dpdns.org,200,叙简珩,nginx,text/html,28556,"Nginx,jQuery",,852,
http://hvoalplp.fooiuoplik.dpdns.org,http://hvoalplp.fooiuoplik.dpdns.org,200,凌云川,nginx,text/html,29000,"Bootstrap,Nginx,jQuery",,848,
http://xohsep.fooiuoplik.dpdns.org,http://xohsep.fooiuoplik.dpdns.org,200,诺清禾,nginx,text/html,29093,"Bootstrap,Nginx,jQuery",,846,
http://ianfyk.weiyutiop.dpdns.org,http://ianfyk.weiyutiop.dpdns.org,200,星川,nginx,text/html,23436,Nginx,,832,
http://rmpzolrt.goodks.dpdns.org,http://rmpzolrt.goodks.dpdns.org,200,院网,nginx,text/html,30000,Nginx,,861,
http://bcieqpz.boolpfont.dpdns.org,http://bcieqpz.boolpfont.dpdns.org,200,知屿,nginx,text/html,20459,Nginx,,839,
http://twsgq.taiyangshen.dpdns.org,http://twsgq.taiyangshen.dpdns.org,200,简白时光,nginx,text/html,30152,"Nginx,jQuery",,842,
http://esduy.duogongneng.dpdns.org,http://esduy.duogongneng.dpdns.org,200,素净流年,nginx,text/html,30363,Nginx,,864,
http://fgrkbavg.weiyutiop.dpdns.org,http://fgrkbavg.weiyutiop.dpdns.org,200,桐网,nginx,text/html,23560,Nginx,,954,
http://ppzid.weiyutiop.dpdns.org,http://ppzid.weiyutiop.dpdns.org,200,秒答解惑,nginx,text/html,22914,Nginx,,818,
http://nwhmvabk.boolpfont.dpdns.org,http://nwhmvabk.boolpfont.dpdns.org,200,闲温时光,nginx,text/html,57125,"Nginx,jQuery",,983,
http://zdjirsq.boolpfont.dpdns.org,http://zdjirsq.boolpfont.dpdns.org,200,疏网,nginx,text/html,29459,"Bootstrap,Nginx,jQuery",,953,
http://njxkqgoi.duogongneng.dpdns.org,http://njxkqgoi.duogongneng.dpdns.org,200,亦景屿,nginx,text/html,30472,Nginx,,788,
https://klapi.dpdns.org,,0,,,,0,,,0,timeout
https://api.klapi.dpdns.org,,0,,,,0,,,0,timeout
http://gzckxni.voopliuer.dpdns.org,http://gzckxni.voopliuer.dpdns.org,200,临泽珩,nginx,text/html,21354,Nginx,,783,
http://klapi.dpdns.org,,0,,,,0,,,0,timeout
http://gdjkj.boolpfont.dpdns.org,http://gdjkj.boolpfont.dpdns.org,200,亦景屿,nginx,text/html,58528,"Nginx,jQuery",,1348,
http://evdozu.boolpfont.dpdns.org,http://evdozu.boolpfont.dpdns.org,200,简隅,nginx,text/html,48167,"Nginx,jQuery",,1126,
http://friyocz.lanshanhu.dpdns.org,http://friyocz.lanshanhu.dpdns.org,200,诺清川,nginx,text/html,21227,"Nginx,jQuery",,1076,
http://ylxgx.weiyutiop.dpdns.org,http://ylxgx.weiyutiop.dpdns.org,200,浮生小记,nginx,text/html,23796,Nginx,,1125,
http://iklaj.sheyedashe.dpdns.org,http://iklaj.sheyedashe.dpdns.org,200,青隅,nginx,text/html,28259,"Nginx,jQuery",,1037,
http://ngjumg.voopliuer.dpdns.org,http://ngjumg.voopliuer.dpdns.org,200,慢热随笔,nginx,text/html,20777,Nginx,,1138,
http://omegpz.weiyutiop.dpdns.org,http://omegpz.weiyutiop.dpdns.org,200,知珩,nginx,text/html,22683,Nginx,,1089,
http://ngcctfg.wordres.dpdns.org,http://ngcctfg.wordres.dpdns.org,200,青辰珩,nginx,text/html,32787,"Nginx,WordPress,jQuery",,1132,
http://znqtzrgx.sheyedashe.dpdns.org,http://znqtzrgx.sheyedashe.dpdns.org,200,诺清禾,nginx,text/html,29526,"Nginx,jQuery",,1242,
http://zvktht.rtootsatpeg.dpdns.org,http://zvktht.rtootsatpeg.dpdns.org,200,日常温柔录,nginx,text/html,35319,"Nginx,jQuery",,1310,
http://vvghpzh.weiyutiop.dpdns.org,http://vvghpzh.weiyutiop.dpdns.org,200,松弛生活,nginx,text/html,23661,Nginx,,1210,
http://gsnrsu.weiyutiop.dpdns.org,http://gsnrsu.weiyutiop.dpdns.org,200,叙简川,nginx,text/html,23062,Nginx,,1313,
http://bauwwb.wordres.dpdns.org,http://bauwwb.wordres.dpdns.org,200,亦景白,nginx,text/html,32793,"Nginx,WordPress,jQuery",,1193,
http://doqxih.fopiloi.dpdns.org,http://doqxih.fopiloi.dpdns.org,200,临屿,nginx,text/html,20627,"Nginx,WordPress,jQuery",,1033,
http://jdekrop.fopiloi.dpdns.org,http://jdekrop.fopiloi.dpdns.org,200,温叙流年,nginx,text/html,22063,"Nginx,WordPress,jQuery",,1118,
http://lesgvdob.fooiuoplik.dpdns.org,http://lesgvdob.fooiuoplik.dpdns.org,200,万象求知,nginx,text/html,28710,"Bootstrap,Nginx,jQuery",,969,
http://oytivu.boolpfont.dpdns.org,http://oytivu.boolpfont.dpdns.org,200,幻网,nginx,text/html,23888,"Bootstrap,Nginx",,1265,
http://tbjdhsc.duogongneng.dpdns.org,http://tbjdhsc.duogongneng.dpdns.org,200,梧网,nginx,text/html,30074,Nginx,,1010,
http://fbngrffj.lanshanhu.dpdns.org,http://fbngrffj.lanshanhu.dpdns.org,200,答知,nginx,text/html,21016,"Nginx,jQuery",,1126,
http://hammuxb.goodks.dpdns.org,http://hammuxb.goodks.dpdns.org,200,炊网,nginx,text/html,20926,"Bootstrap,Nginx,jQuery",,846,
http://drokztzh.weiyutiop.dpdns.org,http://drokztzh.weiyutiop.dpdns.org,200,独记时光温柔,nginx,text/html,23205,Nginx,,1285,
http://vswkpn.rtootsatpeg.dpdns.org,http://vswkpn.rtootsatpeg.dpdns.org,200,安藏岁月,nginx,text/html,37706,"Nginx,jQuery",,1311,
http://uhfmt.sheyedashe.dpdns.org,http://uhfmt.sheyedashe.dpdns.org,200,星隅,nginx,text/html,28794,"Nginx,jQuery",,1213,
http://wulhtu.wordres.dpdns.org,http://wulhtu.wordres.dpdns.org,200,沐隅,nginx,text/html,33313,"Nginx,WordPress,jQuery",,998,
http://thmzsn.duogongneng.dpdns.org,http://thmzsn.duogongneng.dpdns.org,200,叙简珩,nginx,text/html,30715,Nginx,,1088,
http://fwrpk.fooiuoplik.dpdns.org,http://fwrpk.fooiuoplik.dpdns.org,200,个人流年叙写,nginx,text/html,28375,"Bootstrap,Nginx,jQuery",,892,
http://ipjgf.boolpfont.dpdns.org,http://ipjgf.boolpfont.dpdns.org,200,日常温柔集,nginx,text/html,16549,Nginx,,977,
http://twdkqszw.weiyutiop.dpdns.org,http://twdkqszw.weiyutiop.dpdns.org,200,清南隅,nginx,text/html,23639,Nginx,,963,
http://tohbm.fopiloi.dpdns.org,http://tohbm.fopiloi.dpdns.org,200,远判解惑,nginx,text/html,21406,"Nginx,WordPress,jQuery",,765,
http://vdeznho.rtootsatpeg.dpdns.org,http://vdeznho.rtootsatpeg.dpdns.org,200,辰简珩,nginx,text/html,37529,"Nginx,jQuery",,1223,
http://djdrlhh.sheyedashe.dpdns.org,http://djdrlhh.sheyedashe.dpdns.org,200,沐寻,nginx,text/html,29118,"Nginx,jQuery",,855,
http://rkqip.wordres.dpdns.org,http://rkqip.wordres.dpdns.org,200,识网,nginx,text/html,32997,"Nginx,WordPress,jQuery",,849,
http://nulymf.fopiloi.dpdns.org,http://nulymf.fopiloi.dpdns.org,200,叙简川,nginx,text/html,22026,"Nginx,WordPress,jQuery",,803,
http://pqiuz.taiyangshen.dpdns.org,http://pqiuz.taiyangshen.dpdns.org,200,青辰白,nginx,text/html,30331,"Nginx,jQuery",,849,
http://sjjxh.wordres.dpdns.org,http://sjjxh.wordres.dpdns.org,200,简珩,nginx,text/html,33366,"Nginx,WordPress,jQuery",,876,
http://wowksn.rtootsatpeg.dpdns.org,http://wowksn.rtootsatpeg.dpdns.org,200,景昭屿,nginx,text/html,37119,"Nginx,jQuery",,1032,
http://mdxrw.wordres.dpdns.org,http://mdxrw.wordres.dpdns.org,200,景寻,nginx,text/html,32905,"Nginx,WordPress,jQuery",,947,
http://nxntc.boolpfont.dpdns.org,http://nxntc.boolpfont.dpdns.org,200,识渺问答,nginx,text/html,29544,"Bootstrap,Nginx,jQuery",,934,
http://jedqf.weiyutiop.dpdns.org,http://jedqf.weiyutiop.dpdns.org,200,南凌川,nginx,text/html,21823,Nginx,,979,
http://psdztdd.taiyangshen.dpdns.org,http://psdztdd.taiyangshen.dpdns.org,200,初判解惑,nginx,text/html,30465,"Nginx,jQuery",,871,
http://afoqxv.fooiuoplik.dpdns.org,http://afoqxv.fooiuoplik.dpdns.org,200,清醒纪事,nginx,text/html,29033,"Bootstrap,Nginx,jQuery",,839,
http://wekrqcoc.voopliux.dpdns.org,http://wekrqcoc.voopliux.dpdns.org,200,竹音网,nginx,text/html,28525,"Nginx,jQuery",,966,
http://ncmxbqcz.lanshanhu.dpdns.org,http://ncmxbqcz.lanshanhu.dpdns.org,200,诺清川,nginx,text/html,21647,"Nginx,jQuery",,885,
http://sdtjtdik.rtootsatpeg.dpdns.org,http://sdtjtdik.rtootsatpeg.dpdns.org,200,诺隅,nginx,text/html,37546,"Nginx,jQuery",,985,
http://lgsamzb.lanshanhu.dpdns.org,http://lgsamzb.lanshanhu.dpdns.org,200,念遥网,nginx,text/html,21584,"Nginx,jQuery",,947,
http://jdroz.wordres.dpdns.org,http://jdroz.wordres.dpdns.org,200,晴雨流年册,nginx,text/html,32826,"Nginx,WordPress,jQuery",,946,
http://svaatyj.taiyangshen.dpdns.org,http://svaatyj.taiyangshen.dpdns.org,200,人间慢温柔,nginx,text/html,30458,"Nginx,jQuery",,770,
http://zddcmk.lanshanhu.dpdns.org,http://zddcmk.lanshanhu.dpdns.org,200,诺白,nginx,text/html,21090,"Nginx,jQuery",,974,
http://cdboqym.toopert.dpdns.org,http://cdboqym.toopert.dpdns.org,200,星亦川,nginx,text/html,15939,Nginx,,941,
http://wowwdv.fopiloi.dpdns.org,http://wowwdv.fopiloi.dpdns.org,200,临泽舟,nginx,text/html,21650,"Nginx,WordPress,jQuery",,902,
http://kuzib.boolpfont.dpdns.org,http://kuzib.boolpfont.dpdns.org,200,晴光度日书,nginx,text/html,22656,"Bootstrap,Nginx",,958,
http://oheavu.rtootsatpeg.dpdns.org,http://oheavu.rtootsatpeg.dpdns.org,200,亦景屿,nginx,text/html,38137,"Nginx,jQuery",,1102,
http://gtzagkpe.sheyedashe.dpdns.org,http://gtzagkpe.sheyedashe.dpdns.org,200,私存时光小记,nginx,text/html,29342,"Nginx,jQuery",,920,
http://qpjboawq.voopliux.dpdns.org,http://qpjboawq.voopliux.dpdns.org,200,南凌禾,nginx,text/html,28514,"Nginx,jQuery",,947,
http://atzlwrfm.fopiloi.dpdns.org,http://atzlwrfm.fopiloi.dpdns.org,200,青辰珩,nginx,text/html,21994,"Nginx,WordPress,jQuery",,978,
http://gugyfzaz.boolpfont.dpdns.org,http://gugyfzaz.boolpfont.dpdns.org,200,慢收日常,nginx,text/html,22709,"Bootstrap,Nginx",,1074,
http://wmkutp.wordres.dpdns.org,http://wmkutp.wordres.dpdns.org,200,凌云白,nginx,text/html,33301,"Nginx,WordPress,jQuery",,868,
http://jyrfyu.toopert.dpdns.org,http://jyrfyu.toopert.dpdns.org,200,温写温柔,nginx,text/html,16732,Nginx,,719,
http://crxhg.toopert.dpdns.org,http://crxhg.toopert.dpdns.org,200,青辰白,nginx,text/html,16167,Nginx,,934,
http://ocwpxxzr.lanshanhu.dpdns.org,http://ocwpxxzr.lanshanhu.dpdns.org,200,南凌禾,nginx,text/html,21540,"Nginx,jQuery",,856,
http://fgcnpq.voopliux.dpdns.org,http://fgcnpq.voopliux.dpdns.org,200,舟网,nginx,text/html,28740,"Nginx,jQuery",,894,
http://nozdmfve.goodks.dpdns.org,http://nozdmfve.goodks.dpdns.org,200,南凌川,nginx,text/html,24328,Nginx,,1281,
http://xvuzsiw.voopliux.dpdns.org,http://xvuzsiw.voopliux.dpdns.org,200,辰简隅,nginx,text/html,28637,"Nginx,jQuery",,853,
http://kpdmzsga.duogongneng.dpdns.org,http://kpdmzsga.duogongneng.dpdns.org,200,独写流年,nginx,text/html,30035,Nginx,,870,
http://yfyfozam.rtootsatpeg.dpdns.org,http://yfyfozam.rtootsatpeg.dpdns.org,200,景昭屿,nginx,text/html,37514,"Nginx,jQuery",,1009,
http://dazwrw.toopert.dpdns.org,http://dazwrw.toopert.dpdns.org,200,思解,nginx,text/html,16059,Nginx,,945,
http://nusjrsr.sheyedashe.dpdns.org,http://nusjrsr.sheyedashe.dpdns.org,200,星亦屿,nginx,text/html,28615,"Nginx,jQuery",,917,
http://fcszw.wordres.dpdns.org,http://fcszw.wordres.dpdns.org,200,叙简珩,nginx,text/html,32839,"Nginx,WordPress,jQuery",,877,
http://rxuard.duogongneng.dpdns.org,http://rxuard.duogongneng.dpdns.org,200,阅断解惑,nginx,text/html,30647,Nginx,,981,
http://xbtstyzt.sheyedashe.dpdns.org,http://xbtstyzt.sheyedashe.dpdns.org,200,星亦川,nginx,text/html,28377,"Nginx,jQuery",,965,
http://rdssnfa.rtootsatpeg.dpdns.org,http://rdssnfa.rtootsatpeg.dpdns.org,200,凌云禾,nginx,text/html,37597,"Nginx,jQuery",,1173,
http://kcowa.sheyedashe.dpdns.org,http://kcowa.sheyedashe.dpdns.org,200,轻书浮生,nginx,text/html,28665,"Nginx,jQuery",,932,
http://tbhfzs.taiyangshen.dpdns.org,http://tbhfzs.taiyangshen.dpdns.org,200,叙简白,nginx,text/html,30029,"Nginx,jQuery",,903,
http://rpnvhdlq.lanshanhu.dpdns.org,http://rpnvhdlq.lanshanhu.dpdns.org,200,凌云禾,nginx,text/html,21217,"Nginx,jQuery",,1083,
http://aedjvinb.wordres.dpdns.org,http://aedjvinb.wordres.dpdns.org,200,惜春网,nginx,text/html,32367,"Nginx,WordPress,jQuery",,1102,
http://lhwqskyz.boolpfont.dpdns.org,http://lhwqskyz.boolpfont.dpdns.org,200,素存温柔,nginx,text/html,26069,"Nginx,jQuery",,917,
http://oersso.rtootsatpeg.dpdns.org,http://oersso.rtootsatpeg.dpdns.org,200,浩判解惑,nginx,text/html,37075,"Nginx,jQuery",,1151,
http://hfbyazhx.rtootsatpeg.dpdns.org,http://hfbyazhx.rtootsatpeg.dpdns.org,200,复知解惑,nginx,text/html,37701,"Nginx,jQuery",,999,
http://irjnajui.goodks.dpdns.org,http://irjnajui.goodks.dpdns.org,200,分网,nginx,text/html,21268,"Bootstrap,Nginx",,1120,
http://furwjzq.yasewanhg.dpdns.org,http://furwjzq.yasewanhg.dpdns.org,200,雪日闲记,nginx,text/html,47388,"Nginx,jQuery",,1050,
http://fgaif.goodks.dpdns.org,http://fgaif.goodks.dpdns.org,200,临泽屿,nginx,text/html,27424,"Bootstrap,Nginx,jQuery",,1067,
http://uuxnvvk.fooiuoplik.dpdns.org,http://uuxnvvk.fooiuoplik.dpdns.org,200,亦诺川,nginx,text/html,28448,"Bootstrap,Nginx,jQuery",,1100,
http://wdvizpti.rtootsatpeg.dpdns.org,http://wdvizpti.rtootsatpeg.dpdns.org,200,揽星网,nginx,text/html,37535,"Nginx,jQuery",,1138,
http://jgegv.rtootsatpeg.dpdns.org,http://jgegv.rtootsatpeg.dpdns.org,200,答悟,nginx,text/html,37641,"Nginx,jQuery",,1149,
http://gwiux.yasewanhg.dpdns.org,http://gwiux.yasewanhg.dpdns.org,200,星亦川,nginx,text/html,47167,"Nginx,jQuery",,999,
http://bydfl.boolpfont.dpdns.org,http://bydfl.boolpfont.dpdns.org,200,叙简川,nginx,text/html,23450,"Bootstrap,Nginx",,1262,
http://kpmrav.goodks.dpdns.org,http://kpmrav.goodks.dpdns.org,200,沐珩,nginx,text/html,19799,"Bootstrap,Nginx",,1518,
http://kvohma.fopiloi.dpdns.org,http://kvohma.fopiloi.dpdns.org,200,景昭珩,nginx,text/html,22007,"Nginx,WordPress,jQuery",,935,
http://fanhcw.lanshanhu.dpdns.org,http://fanhcw.lanshanhu.dpdns.org,200,临川,nginx,text/html,21095,"Nginx,jQuery",,1073,
http://oqjlh.lanshanhu.dpdns.org,http://oqjlh.lanshanhu.dpdns.org,200,昭禾,nginx,text/html,21302,"Nginx,jQuery",,987,
http://dgveue.gpplonert.dpdns.org,http://dgveue.gpplonert.dpdns.org,200,缓藏时光,nginx,text/html,24458,"Nginx,jQuery",,1241,
http://hmjgf.voopliuer.dpdns.org,http://hmjgf.voopliuer.dpdns.org,200,青辰川,nginx,text/html,20662,Nginx,,1114,
http://kshsb.goodks.dpdns.org,http://kshsb.goodks.dpdns.org,200,景昭屿,nginx,text/html,90523,"Nginx,jQuery",,1440,
http://ndtro.weiyutiop.dpdns.org,http://ndtro.weiyutiop.dpdns.org,200,临泽屿,nginx,text/html,23364,Nginx,,1021,
http://iyfxmfs.voopliuer.dpdns.org,http://iyfxmfs.voopliuer.dpdns.org,200,沐隅,nginx,text/html,21102,Nginx,,1021,
http://fixdifk.voopliuer.dpdns.org,http://fixdifk.voopliuer.dpdns.org,200,叙简白,nginx,text/html,21591,Nginx,,945,
http://bxpnp.voopliux.dpdns.org,http://bxpnp.voopliux.dpdns.org,200,复断解惑,nginx,text/html,28698,"Nginx,jQuery",,923,
http://bypmkxg.boolpfont.dpdns.org,http://bypmkxg.boolpfont.dpdns.org,200,清简岁月,nginx,text/html,48896,"Nginx,jQuery",,1746,
http://erhstcg.yasewanhg.dpdns.org,http://erhstcg.yasewanhg.dpdns.org,200,星亦屿,nginx,text/html,48322,"Nginx,jQuery",,971,
http://wiyjcwd.taiyangshen.dpdns.org,http://wiyjcwd.taiyangshen.dpdns.org,200,静珩网,nginx,text/html,30461,"Nginx,jQuery",,773,
http://xnkaip.fooiuoplik.dpdns.org,http://xnkaip.fooiuoplik.dpdns.org,200,叙简川,nginx,text/html,28449,"Bootstrap,Nginx,jQuery",,844,
http://onlouzuj.weiyutiop.dpdns.org,http://onlouzuj.weiyutiop.dpdns.org,200,诺清隅,nginx,text/html,23091,Nginx,,871,
http://tebhqcwj.gpplonert.dpdns.org,http://tebhqcwj.gpplonert.dpdns.org,200,清南屿,nginx,text/html,24158,"Nginx,jQuery",,1256,
http://kwmaub.voopliuer.dpdns.org,http://kwmaub.voopliuer.dpdns.org,200,省网,nginx,text/html,20826,Nginx,,825,
http://ozekdgmn.sheyedashe.dpdns.org,http://ozekdgmn.sheyedashe.dpdns.org,200,凌云川,nginx,text/html,28391,"Nginx,jQuery",,804,
http://pnula.boolpfont.dpdns.org,http://pnula.boolpfont.dpdns.org,200,晴光度日书,nginx,text/html,28850,"Nginx,jQuery",,928,
http://mxxlqjmt.boolpfont.dpdns.org,http://mxxlqjmt.boolpfont.dpdns.org,200,青辰白,nginx,text/html,31242,"Bootstrap,Nginx,jQuery",,856,
http://pzjnlf.lanshanhu.dpdns.org,http://pzjnlf.lanshanhu.dpdns.org,200,瓯网,nginx,text/html,20288,"Nginx,jQuery",,816,
http://izzdz.fooiuoplik.dpdns.org,http://izzdz.fooiuoplik.dpdns.org,200,知寻,nginx,text/html,28519,"Bootstrap,Nginx,jQuery",,816,
http://zbfzbihu.rtootsatpeg.dpdns.org,http://zbfzbihu.rtootsatpeg.dpdns.org,200,问简,nginx,text/html,37319,"Nginx,jQuery",,1035,
http://vbpcxcet.voopliuer.dpdns.org,http://vbpcxcet.voopliuer.dpdns.org,200,景昭白,nginx,text/html,20621,Nginx,,818,
http://fhdzi.lanshanhu.dpdns.org,http://fhdzi.lanshanhu.dpdns.org,200,亦景川,nginx,text/html,21204,"Nginx,jQuery",,789,
http://kttih.gpplonert.dpdns.org,http://kttih.gpplonert.dpdns.org,200,随心流年,nginx,text/html,24231,"Nginx,jQuery",,919,
http://tuukse.goodks.dpdns.org,http://tuukse.goodks.dpdns.org,200,轻叙心事,nginx,text/html,20863,Nginx,,836,
http://rpjagvl.lanshanhu.dpdns.org,http://rpjagvl.lanshanhu.dpdns.org,200,叙简白,nginx,text/html,21472,"Nginx,jQuery",,821,
http://hozxnnn.toopert.dpdns.org,http://hozxnnn.toopert.dpdns.org,200,景昭白,nginx,text/html,16099,Nginx,,785,
http://bthkwuu.goodks.dpdns.org,http://bthkwuu.goodks.dpdns.org,200,星亦川,nginx,text/html,23923,"Nginx,WordPress,jQuery",,888,
http://qnhhaw.rtootsatpeg.dpdns.org,http://qnhhaw.rtootsatpeg.dpdns.org,200,明序库,nginx,text/html,36322,"Nginx,jQuery",,1036,
http://lreaau.rtootsatpeg.dpdns.org,http://lreaau.rtootsatpeg.dpdns.org,200,觅答,nginx,text/html,37001,"Nginx,jQuery",,1057,
http://khzcvub.sheyedashe.dpdns.org,http://khzcvub.sheyedashe.dpdns.org,200,诺清禾,nginx,text/html,28991,"Nginx,jQuery",,945,
http://jzycqmk.wordres.dpdns.org,http://jzycqmk.wordres.dpdns.org,200,青隅,nginx,text/html,33252,"Nginx,WordPress,jQuery",,1123,
http://wbywbj.fopiloi.dpdns.org,http://wbywbj.fopiloi.dpdns.org,200,青辰川,nginx,text/html,21368,"Nginx,WordPress,jQuery",,1061,
http://skicxyd.fooiuoplik.dpdns.org,http://skicxyd.fooiuoplik.dpdns.org,200,青屿,nginx,text/html,28926,"Bootstrap,Nginx,jQuery",,1257,
http://nilvi.goodks.dpdns.org,http://nilvi.goodks.dpdns.org,200,沐珩网,nginx,text/html,31908,Nginx,,1200,
http://dnxdga.rtootsatpeg.dpdns.org,http://dnxdga.rtootsatpeg.dpdns.org,200,平问智,nginx,text/html,37833,"Nginx,jQuery",,1327,
http://gpskri.fopiloi.dpdns.org,http://gpskri.fopiloi.dpdns.org,200,明策,nginx,text/html,21608,"Nginx,WordPress,jQuery",,1071,
http://mqvxp.yasewanhg.dpdns.org,http://mqvxp.yasewanhg.dpdns.org,200,临泽珩,nginx,text/html,47303,"Nginx,jQuery",,1281,
http://rieforcc.wordres.dpdns.org,http://rieforcc.wordres.dpdns.org,200,答真,nginx,text/html,32920,"Nginx,WordPress,jQuery",,1198,
http://inhxvf.lanshanhu.dpdns.org,http://inhxvf.lanshanhu.dpdns.org,200,百科答疑,nginx,text/html,21367,"Nginx,jQuery",,1344,
http://uhzqifw.sheyedashe.dpdns.org,http://uhzqifw.sheyedashe.dpdns.org,200,南凌禾,nginx,text/html,29168,"Nginx,jQuery",,1249,
http://dlefmmc.wordres.dpdns.org,http://dlefmmc.wordres.dpdns.org,200,凌云禾,nginx,text/html,33404,"Nginx,WordPress,jQuery",,1262,
http://gwuhn.voopliux.dpdns.org,http://gwuhn.voopliux.dpdns.org,200,默藏时光,nginx,text/html,28873,"Nginx,jQuery",,1390,
http://eworlb.yasewanhg.dpdns.org,http://eworlb.yasewanhg.dpdns.org,200,叙简珩,nginx,text/html,47475,"Nginx,jQuery",,1244,
http://ktegyi.wordres.dpdns.org,http://ktegyi.wordres.dpdns.org,200,星川,nginx,text/html,32972,"Nginx,WordPress,jQuery",,1396,
http://vwihzy.gpplonert.dpdns.org,http://vwihzy.gpplonert.dpdns.org,200,阔网,nginx,text/html,24289,"Nginx,jQuery",,1455,
http://cmhavvm.voopliux.dpdns.org,http://cmhavvm.voopliux.dpdns.org,200,桃笺网,nginx,text/html,28783,"Nginx,jQuery",,1171,
http://zrbdsq.goodks.dpdns.org,http://zrbdsq.goodks.dpdns.org,200,知渺问答,nginx,text/html,23583,Nginx,,1155,
http://hcijbwr.sheyedashe.dpdns.org,http://hcijbwr.sheyedashe.dpdns.org,200,凌云禾,nginx,text/html,29343,"Nginx,jQuery",,1430,
http://wvvzya.voopliux.dpdns.org,http://wvvzya.voopliux.dpdns.org,200,生活备忘录,nginx,text/html,28547,"Nginx,jQuery",,1112,
http://jyyqfof.boolpfont.dpdns.org,http://jyyqfof.boolpfont.dpdns.org,200,竹网,nginx,text/html,25977,"Nginx,jQuery",,1105,
http://bqamdhil.lanshanhu.dpdns.org,http://bqamdhil.lanshanhu.dpdns.org,200,凌屿川,nginx,text/html,21535,"Nginx,jQuery",,1135,
http://kgtim.voopliux.dpdns.org,http://kgtim.voopliux.dpdns.org,200,南川,nginx,text/html,28683,"Nginx,jQuery",,1185,
http://cbiecigh.gpplonert.dpdns.org,http://cbiecigh.gpplonert.dpdns.org,200,亦景白,nginx,text/html,24579,"Nginx,jQuery",,1114,
http://nciypj.boolpfont.dpdns.org,http://nciypj.boolpfont.dpdns.org,200,诺珩,nginx,text/html,23668,"Bootstrap,Nginx",,1429,
http://tnwwq.yasewanhg.dpdns.org,http://tnwwq.yasewanhg.dpdns.org,200,星亦屿,nginx,text/html,46892,"Nginx,jQuery",,1005,
http://wjznzsj.boolpfont.dpdns.org,http://wjznzsj.boolpfont.dpdns.org,200,青辰白,nginx,text/html,124368,Nginx,,1851,
http://wkwbuz.fopiloi.dpdns.org,http://wkwbuz.fopiloi.dpdns.org,200,坊网,nginx,text/html,21646,"Nginx,WordPress,jQuery",,879,
http://ibjntj.fopiloi.dpdns.org,http://ibjntj.fopiloi.dpdns.org,200,南隅,nginx,text/html,21669,"Nginx,WordPress,jQuery",,886,
http://nsrocz.gpplonert.dpdns.org,http://nsrocz.gpplonert.dpdns.org,200,青辰珩,nginx,text/html,24800,"Nginx,jQuery",,1176,
http://hlxssn.wordres.dpdns.org,http://hlxssn.wordres.dpdns.org,200,临泽舟,nginx,text/html,33135,"Nginx,WordPress,jQuery",,873,
http://hgwiusdc.lanshanhu.dpdns.org,http://hgwiusdc.lanshanhu.dpdns.org,200,静赴温柔,nginx,text/html,21791,"Nginx,jQuery",,896,
http://faejejn.lanshanhu.dpdns.org,http://faejejn.lanshanhu.dpdns.org,200,静书日常,nginx,text/html,21647,"Nginx,jQuery",,967,
http://nvxmkoza.goodks.dpdns.org,http://nvxmkoza.goodks.dpdns.org,200,软语网,nginx,text/html,33067,"Nginx,WordPress,jQuery",,913,
http://ggtadp.goodks.dpdns.org,http://ggtadp.goodks.dpdns.org,200,简静人间,nginx,text/html,124218,Nginx,,1485,
http://dslbz.wordres.dpdns.org,http://dslbz.wordres.dpdns.org,200,郭网,nginx,text/html,32981,"Nginx,WordPress,jQuery",,853,
http://mzrljfw.gpplonert.dpdns.org,http://mzrljfw.gpplonert.dpdns.org,200,静写流年,nginx,text/html,24727,"Nginx,jQuery",,953,
http://yhgmegzq.sheyedashe.dpdns.org,http://yhgmegzq.sheyedashe.dpdns.org,200,屿川网,nginx,text/html,28301,"Nginx,jQuery",,889,
http://csxbva.sheyedashe.dpdns.org,http://csxbva.sheyedashe.dpdns.org,200,青川,nginx,text/html,28923,"Nginx,jQuery",,881,
http://hmflorj.wordres.dpdns.org,http://hmflorj.wordres.dpdns.org,200,凌云禾,nginx,text/html,33067,"Nginx,WordPress,jQuery",,1933,
http://lkgif.wordres.dpdns.org,http://lkgif.wordres.dpdns.org,200,星珩,nginx,text/html,33080,"Nginx,WordPress,jQuery",,873,
http://zjpbomum.voopliuer.dpdns.org,http://zjpbomum.voopliuer.dpdns.org,200,临泽舟,nginx,text/html,21042,Nginx,,898,
http://nframuj.fooiuoplik.dpdns.org,http://nframuj.fooiuoplik.dpdns.org,200,临泽舟,nginx,text/html,29225,"Bootstrap,Nginx,jQuery",,788,
http://spjlk.gpplonert.dpdns.org,http://spjlk.gpplonert.dpdns.org,200,南凌禾,nginx,text/html,24520,"Nginx,jQuery",,995,
http://wtajas.toopert.dpdns.org,http://wtajas.toopert.dpdns.org,200,诺清禾,nginx,text/html,15993,Nginx,,920,
http://kihqpzvr.voopliuer.dpdns.org,http://kihqpzvr.voopliuer.dpdns.org,200,韧网,nginx,text/html,21057,Nginx,,914,
http://vtrpl.wordres.dpdns.org,http://vtrpl.wordres.dpdns.org,200,星白,nginx,text/html,32733,"Nginx,WordPress,jQuery",,966,
http://xniido.taiyangshen.dpdns.org,http://xniido.taiyangshen.dpdns.org,200,泽知珩,nginx,text/html,30472,"Nginx,jQuery",,896,
http://mxbyfzg.voopliux.dpdns.org,http://mxbyfzg.voopliux.dpdns.org,200,叙简白,nginx,text/html,28855,"Nginx,jQuery",,974,
http://wokqvedl.wordres.dpdns.org,http://wokqvedl.wordres.dpdns.org,200,凌云禾,nginx,text/html,32700,"Nginx,WordPress,jQuery",,980,
http://lehjcvdb.rtootsatpeg.dpdns.org,http://lehjcvdb.rtootsatpeg.dpdns.org,200,青辰白,nginx,text/html,38009,"Nginx,jQuery",,1162,
http://ckzakf.weiyutiop.dpdns.org,http://ckzakf.weiyutiop.dpdns.org,200,识邃问答,nginx,text/html,23575,Nginx,,967,
http://pyjagxgn.gpplonert.dpdns.org,http://pyjagxgn.gpplonert.dpdns.org,200,日常自留地,nginx,text/html,24761,"Nginx,jQuery",,1166,
http://qptcuxn.goodks.dpdns.org,http://qptcuxn.goodks.dpdns.org,200,亦景白,nginx,text/html,25807,"Nginx,jQuery",,898,
http://hmrqgsc.wordres.dpdns.org,http://hmrqgsc.wordres.dpdns.org,200,叙简珩,nginx,text/html,32624,"Nginx,WordPress,jQuery",,1047,
http://kamze.boolpfont.dpdns.org,http://kamze.boolpfont.dpdns.org,200,叙简珩,nginx,text/html,32866,"Nginx,WordPress,jQuery",,1003,
http://hsveb.toopert.dpdns.org,http://hsveb.toopert.dpdns.org,200,诺清隅,nginx,text/html,15938,Nginx,,881,
http://qossxyj.taiyangshen.dpdns.org,http://qossxyj.taiyangshen.dpdns.org,200,沐寻,nginx,text/html,30111,"Nginx,jQuery",,948,
http://bkznsy.lanshanhu.dpdns.org,http://bkznsy.lanshanhu.dpdns.org,200,温柔纪事簿,nginx,text/html,21637,"Nginx,jQuery",,986,
http://vubjey.fooiuoplik.dpdns.org,http://vubjey.fooiuoplik.dpdns.org,200,庭网,nginx,text/html,28337,"Bootstrap,Nginx,jQuery",,914,
http://vdurf.toopert.dpdns.org,http://vdurf.toopert.dpdns.org,200,诺川,nginx,text/html,15992,Nginx,,943,
http://wonmyc.yasewanhg.dpdns.org,http://wonmyc.yasewanhg.dpdns.org,200,南川,nginx,text/html,47676,"Nginx,jQuery",,835,
http://ayzphu.gpplonert.dpdns.org,http://ayzphu.gpplonert.dpdns.org,200,叙简白,nginx,text/html,24172,"Nginx,jQuery",,1129,
http://ebtoo.duogongneng.dpdns.org,http://ebtoo.duogongneng.dpdns.org,200,自渡人间,nginx,text/html,30588,Nginx,,957,
http://pvbozp.yasewanhg.dpdns.org,http://pvbozp.yasewanhg.dpdns.org,200,日常问答,nginx,text/html,48045,"Nginx,jQuery",,968,
http://gesrrujo.rtootsatpeg.dpdns.org,http://gesrrujo.rtootsatpeg.dpdns.org,200,深理堂,nginx,text/html,37817,"Nginx,jQuery",,1079,
http://yzpazcns.yasewanhg.dpdns.org,http://yzpazcns.yasewanhg.dpdns.org,200,揽网,nginx,text/html,48319,"Nginx,jQuery",,909,
http://zxxqfmvd.fooiuoplik.dpdns.org,http://zxxqfmvd.fooiuoplik.dpdns.org,200,智能答疑,nginx,text/html,29223,"Bootstrap,Nginx,jQuery",,820,
http://aaovy.duogongneng.dpdns.org,http://aaovy.duogongneng.dpdns.org,200,诚恳解惑,nginx,text/html,30547,Nginx,,843,
http://zgxdpmv.gpplonert.dpdns.org,http://zgxdpmv.gpplonert.dpdns.org,200,攸宁网,nginx,text/html,24920,"Nginx,jQuery",,1009,
http://alswxls.rtootsatpeg.dpdns.org,http://alswxls.rtootsatpeg.dpdns.org,200,亦景屿,nginx,text/html,37779,"Nginx,jQuery",,986,
http://hdchk.fopiloi.dpdns.org,http://hdchk.fopiloi.dpdns.org,200,理际答疑,nginx,text/html,21484,"Nginx,WordPress,jQuery",,773,
http://wsixjlp.fooiuoplik.dpdns.org,http://wsixjlp.fooiuoplik.dpdns.org,200,临禾,nginx,text/html,28097,"Bootstrap,Nginx,jQuery",,831,
http://rrbyyef.sheyedashe.dpdns.org,http://rrbyyef.sheyedashe.dpdns.org,200,景昭白,nginx,text/html,29649,"Nginx,jQuery",,916,
http://qvycbq.toopert.dpdns.org,http://qvycbq.toopert.dpdns.org,200,凌云禾,nginx,text/html,16237,Nginx,,802,
http://gqpiici.sheyedashe.dpdns.org,http://gqpiici.sheyedashe.dpdns.org,200,景川,nginx,text/html,28750,"Nginx,jQuery",,900,
http://diybydac.fooiuoplik.dpdns.org,http://diybydac.fooiuoplik.dpdns.org,200,樽网,nginx,text/html,28048,"Bootstrap,Nginx,jQuery",,811,
http://mlbluxu.goodks.dpdns.org,http://mlbluxu.goodks.dpdns.org,200,临泽屿,nginx,text/html,21908,"Nginx,jQuery",,811,
http://hqceh.rtootsatpeg.dpdns.org,http://hqceh.rtootsatpeg.dpdns.org,200,揽星网,nginx,text/html,37382,"Nginx,jQuery",,917,
http://ifgqtbis.taiyangshen.dpdns.org,http://ifgqtbis.taiyangshen.dpdns.org,200,云端解惑,nginx,text/html,30291,"Nginx,jQuery",,750,
http://gejlomx.weiyutiop.dpdns.org,http://gejlomx.weiyutiop.dpdns.org,200,万象库,nginx,text/html,23390,Nginx,,890,
http://ufabxg.fopiloi.dpdns.org,http://ufabxg.fopiloi.dpdns.org,200,临屿,nginx,text/html,21723,"Nginx,WordPress,jQuery",,832,
http://qnwutfx.taiyangshen.dpdns.org,http://qnwutfx.taiyangshen.dpdns.org,200,亦景川,nginx,text/html,30947,"Nginx,jQuery",,785,
http://panxn.duogongneng.dpdns.org,http://panxn.duogongneng.dpdns.org,200,糕网,nginx,text/html,30554,Nginx,,834,
http://bqhns.rtootsatpeg.dpdns.org,http://bqhns.rtootsatpeg.dpdns.org,200,诺隅,nginx,text/html,37058,"Nginx,jQuery",,976,
http://oggakkg.voopliux.dpdns.org,http://oggakkg.voopliux.dpdns.org,200,临泽舟,nginx,text/html,28654,"Nginx,jQuery",,853,
http://nprqdgl.wordres.dpdns.org,http://nprqdgl.wordres.dpdns.org,200,鸿知问答,nginx,text/html,32700,"Nginx,WordPress,jQuery",,874,
http://pugxo.boolpfont.dpdns.org,http://pugxo.boolpfont.dpdns.org,200,景昭屿,nginx,text/html,29044,"Bootstrap,Nginx,jQuery",,1092,
http://qydgsz.toopert.dpdns.org,http://qydgsz.toopert.dpdns.org,200,南凌禾,nginx,text/html,15718,Nginx,,818,
http://cjudxnw.taiyangshen.dpdns.org,http://cjudxnw.taiyangshen.dpdns.org,200,自留岁月随笔,nginx,text/html,30426,"Nginx,jQuery",,840,
http://gjatu.goodks.dpdns.org,http://gjatu.goodks.dpdns.org,200,南川,nginx,text/html,29257,"Bootstrap,Nginx,jQuery",,843,
http://whevnmjc.fopiloi.dpdns.org,http://whevnmjc.fopiloi.dpdns.org,200,亦景川,nginx,text/html,21519,"Nginx,WordPress,jQuery",,899,
http://kokqgss.fopiloi.dpdns.org,http://kokqgss.fopiloi.dpdns.org,200,叙简珩,nginx,text/html,21666,"Nginx,WordPress,jQuery",,856,
http://ortjen.lanshanhu.dpdns.org,http://ortjen.lanshanhu.dpdns.org,200,酌网,nginx,text/html,21195,"Nginx,jQuery",,986,
http://zcbvxasz.weiyutiop.dpdns.org,http://zcbvxasz.weiyutiop.dpdns.org,200,景珩,nginx,text/html,23938,Nginx,,945,
http://oeedv.rtootsatpeg.dpdns.org,http://oeedv.rtootsatpeg.dpdns.org,200,伴网,nginx,text/html,35579,"Nginx,jQuery",,1150,
http://isfsqkdr.fooiuoplik.dpdns.org,http://isfsqkdr.fooiuoplik.dpdns.org,200,答境解惑,nginx,text/html,29055,"Bootstrap,Nginx,jQuery",,914,
http://kjircyzg.sheyedashe.dpdns.org,http://kjircyzg.sheyedashe.dpdns.org,200,景昭白,nginx,text/html,29614,"Nginx,jQuery",,891,
http://xhczjnj.toopert.dpdns.org,http://xhczjnj.toopert.dpdns.org,200,轻写山河,nginx,text/html,16235,Nginx,,878,
http://iuehk.weiyutiop.dpdns.org,http://iuehk.weiyutiop.dpdns.org,200,临泽珩,nginx,text/html,23438,Nginx,,912,
http://proigqq.taiyangshen.dpdns.org,http://proigqq.taiyangshen.dpdns.org,200,独网,nginx,text/html,30482,"Nginx,jQuery",,960,
http://mkuchgs.fooiuoplik.dpdns.org,http://mkuchgs.fooiuoplik.dpdns.org,200,竭询解惑,nginx,text/html,29428,"Bootstrap,Nginx,jQuery",,914,
http://jydzrnp.fooiuoplik.dpdns.org,http://jydzrnp.fooiuoplik.dpdns.org,200,宵网,nginx,text/html,29225,"Bootstrap,Nginx,jQuery",,936,
http://yhshtbq.rtootsatpeg.dpdns.org,http://yhshtbq.rtootsatpeg.dpdns.org,200,凌云禾,nginx,text/html,37270,"Nginx,jQuery",,1117,
https://stzixq.weiyutiop.dpdns.org,https://stzixq.weiyutiop.dpdns.org,200,404 Not Found,nginx,text/html,138,Nginx,,655,
http://qkrpjpa.weiyutiop.dpdns.org,http://qkrpjpa.weiyutiop.dpdns.org,200,临泽舟,nginx,text/html,23336,Nginx,,1040,
http://bxsor.weiyutiop.dpdns.org,http://bxsor.weiyutiop.dpdns.org,200,览知解惑,nginx,text/html,23262,Nginx,,821,
http://vhryipc.wordres.dpdns.org,http://vhryipc.wordres.dpdns.org,200,亦景川,nginx,text/html,32968,"Nginx,WordPress,jQuery",,922,
http://tltfc.fooiuoplik.dpdns.org,http://tltfc.fooiuoplik.dpdns.org,200,青隅,nginx,text/html,29002,"Bootstrap,Nginx,jQuery",,876,
http://omotu.lanshanhu.dpdns.org,http://omotu.lanshanhu.dpdns.org,200,景昭白,nginx,text/html,21036,"Nginx,jQuery",,804,
http://yllqefl.sheyedashe.dpdns.org,http://yllqefl.sheyedashe.dpdns.org,200,细心解惑,nginx,text/html,29476,"Nginx,jQuery",,959,
http://pmdomm.boolpfont.dpdns.org,http://pmdomm.boolpfont.dpdns.org,200,凌云川,nginx,text/html,28976,"Bootstrap,Nginx,jQuery",,783,
http://vijtrwjg.sheyedashe.dpdns.org,http://vijtrwjg.sheyedashe.dpdns.org,200,问理阁,nginx,text/html,29733,"Nginx,jQuery",,911,
http://ylzlcc.rtootsatpeg.dpdns.org,http://ylzlcc.rtootsatpeg.dpdns.org,200,安然生活,nginx,text/html,37524,"Nginx,jQuery",,968,
http://dtzaih.gpplonert.dpdns.org,http://dtzaih.gpplonert.dpdns.org,200,青寻,nginx,text/html,24410,"Nginx,jQuery",,958,
http://gjkfottq.voopliux.dpdns.org,http://gjkfottq.voopliux.dpdns.org,200,青辰珩,nginx,text/html,28594,"Nginx,jQuery",,841,
http://rekucqh.goodks.dpdns.org,http://rekucqh.goodks.dpdns.org,200,南禾,nginx,text/html,113392,Nginx,,1560,
http://dscqdjv.toopert.dpdns.org,http://dscqdjv.toopert.dpdns.org,200,渡岁随笔,nginx,text/html,16509,Nginx,,823,
http://cpzof.toopert.dpdns.org,http://cpzof.toopert.dpdns.org,200,诺清隅,nginx,text/html,16047,Nginx,,742,
http://zsqwfrf.goodks.dpdns.org,http://zsqwfrf.goodks.dpdns.org,200,温叙心事,nginx,text/html,32545,"Nginx,WordPress,jQuery",,882,
http://dwqveaxy.wordres.dpdns.org,http://dwqveaxy.wordres.dpdns.org,200,亦景白,nginx,text/html,33221,"Nginx,WordPress,jQuery",,904,
http://cfkije.boolpfont.dpdns.org,http://cfkije.boolpfont.dpdns.org,200,静写温柔,nginx,text/html,30155,"Bootstrap,Nginx,jQuery",,1052,
http://zpqmyplk.taiyangshen.dpdns.org,http://zpqmyplk.taiyangshen.dpdns.org,200,思涧库,nginx,text/html,30881,"Nginx,jQuery",,817,
http://oflfomk.fopiloi.dpdns.org,http://oflfomk.fopiloi.dpdns.org,200,全面解惑,nginx,text/html,21603,"Nginx,WordPress,jQuery",,779,
http://toxtpvdz.goodks.dpdns.org,http://toxtpvdz.goodks.dpdns.org,200,凌云白,nginx,text/html,28068,"Nginx,jQuery",,845,
http://qkofojwk.fopiloi.dpdns.org,http://qkofojwk.fopiloi.dpdns.org,200,叙简珩,nginx,text/html,21693,"Nginx,WordPress,jQuery",,847,
http://lubsj.fooiuoplik.dpdns.org,http://lubsj.fooiuoplik.dpdns.org,200,亦景川,nginx,text/html,28128,"Bootstrap,Nginx,jQuery",,894,
http://letossh.weiyutiop.dpdns.org,http://letossh.weiyutiop.dpdns.org,200,亦景屿,nginx,text/html,23673,Nginx,,950,
http://ilkzojec.fopiloi.dpdns.org,http://ilkzojec.fopiloi.dpdns.org,200,青辰珩,nginx,text/html,21844,"Nginx,WordPress,jQuery",,907,
http://ugtvyhmh.fopiloi.dpdns.org,http://ugtvyhmh.fopiloi.dpdns.org,200,随心自持,nginx,text/html,21706,"Nginx,WordPress,jQuery",,877,
http://uwdjzii.taiyangshen.dpdns.org,http://uwdjzii.taiyangshen.dpdns.org,200,温言网,nginx,text/html,30298,"Nginx,jQuery",,875,
http://jzelx.voopliux.dpdns.org,http://jzelx.voopliux.dpdns.org,200,凌云禾,nginx,text/html,28828,"Nginx,jQuery",,987,
http://nwbugy.voopliuer.dpdns.org,http://nwbugy.voopliuer.dpdns.org,200,轩网,nginx,text/html,20670,Nginx,,932,
http://mgheahn.voopliuer.dpdns.org,http://mgheahn.voopliuer.dpdns.org,200,平淡叙年,nginx,text/html,20905,Nginx,,928,
http://teqflr.fopiloi.dpdns.org,http://teqflr.fopiloi.dpdns.org,200,明策,nginx,text/html,21678,"Nginx,WordPress,jQuery",,864,
http://odksw.rtootsatpeg.dpdns.org,http://odksw.rtootsatpeg.dpdns.org,200,自渡人间,nginx,text/html,37138,"Nginx,jQuery",,1045,
http://izcdkgmg.lanshanhu.dpdns.org,http://izcdkgmg.lanshanhu.dpdns.org,200,沐寻,nginx,text/html,21387,"Nginx,jQuery",,975,
http://ejuuiyw.wordres.dpdns.org,http://ejuuiyw.wordres.dpdns.org,200,轻温流年,nginx,text/html,32754,"Nginx,WordPress,jQuery",,952,
http://iguzaf.toopert.dpdns.org,http://iguzaf.toopert.dpdns.org,200,旷理解惑,nginx,text/html,16331,Nginx,,871,
http://zjrlr.lanshanhu.dpdns.org,http://zjrlr.lanshanhu.dpdns.org,200,南隅,nginx,text/html,21109,"Nginx,jQuery",,960,
http://wqedl.yasewanhg.dpdns.org,http://wqedl.yasewanhg.dpdns.org,200,诺川,nginx,text/html,47324,"Nginx,jQuery",,898,
http://onlinecompanies.dpdns.org,,0,,,,0,,,0,timeout
http://hmhufy.lanshanhu.dpdns.org,http://hmhufy.lanshanhu.dpdns.org,200,景屿,nginx,text/html,21006,"Nginx,jQuery",,1120,
http://grbjnucs.fooiuoplik.dpdns.org,http://grbjnucs.fooiuoplik.dpdns.org,200,青辰白,nginx,text/html,28281,"Bootstrap,Nginx,jQuery",,1126,
http://gpotea.rtootsatpeg.dpdns.org,http://gpotea.rtootsatpeg.dpdns.org,200,睿解解惑,nginx,text/html,37677,"Nginx,jQuery",,1204,
http://tzrov.toopert.dpdns.org,http://tzrov.toopert.dpdns.org,200,达知解惑,nginx,text/html,16204,Nginx,,966,
http://ajamgoe.yasewanhg.dpdns.org,http://ajamgoe.yasewanhg.dpdns.org,200,轻叙心事,nginx,text/html,47854,"Nginx,jQuery",,1208,
http://acqjuhhj.lanshanhu.dpdns.org,http://acqjuhhj.lanshanhu.dpdns.org,200,星亦川,nginx,text/html,21607,"Nginx,jQuery",,1149,
http://artkxry.goodks.dpdns.org,http://artkxry.goodks.dpdns.org,200,诺清川,nginx,text/html,24448,"Bootstrap,Nginx",,1418,
http://eemfpm.gpplonert.dpdns.org,http://eemfpm.gpplonert.dpdns.org,200,亦景屿,nginx,text/html,24476,"Nginx,jQuery",,1347,
http://vqtrzax.sheyedashe.dpdns.org,http://vqtrzax.sheyedashe.dpdns.org,200,简叙岁月,nginx,text/html,28531,"Nginx,jQuery",,1110,
http://ghhjn.goodks.dpdns.org,http://ghhjn.goodks.dpdns.org,200,凌云白,nginx,text/html,26361,"Bootstrap,Nginx,jQuery",,1283,
http://pfykazni.goodks.dpdns.org,http://pfykazni.goodks.dpdns.org,200,临泽舟,nginx,text/html,17825,"Bootstrap,Nginx",,1293,
http://pjucqok.sheyedashe.dpdns.org,http://pjucqok.sheyedashe.dpdns.org,200,问涧答疑,nginx,text/html,29056,"Nginx,jQuery",,1216,
http://ayofj.rtootsatpeg.dpdns.org,http://ayofj.rtootsatpeg.dpdns.org,200,星亦屿,nginx,text/html,37132,"Nginx,jQuery",,1299,
http://jjkgls.toopert.dpdns.org,http://jjkgls.toopert.dpdns.org,200,临泽屿,nginx,text/html,16123,Nginx,,936,
http://fdbgiymb.fopiloi.dpdns.org,http://fdbgiymb.fopiloi.dpdns.org,200,星亦禾,nginx,text/html,22185,"Nginx,WordPress,jQuery",,1050,
http://kcmur.voopliuer.dpdns.org,http://kcmur.voopliuer.dpdns.org,200,问桢,nginx,text/html,20573,Nginx,,1164,
http://bghzdv.toopert.dpdns.org,http://bghzdv.toopert.dpdns.org,200,临禾,nginx,text/html,16223,Nginx,,1279,
http://hnidxh.fooiuoplik.dpdns.org,http://hnidxh.fooiuoplik.dpdns.org,200,知寻,nginx,text/html,28393,"Bootstrap,Nginx,jQuery",,1145,
http://zialy.goodks.dpdns.org,http://zialy.goodks.dpdns.org,200,临泽舟,nginx,text/html,21296,"Nginx,WordPress,jQuery",,1054,
http://qgygxpl.weiyutiop.dpdns.org,http://qgygxpl.weiyutiop.dpdns.org,200,沐寻,nginx,text/html,23467,Nginx,,1104,
http://wxvzotf.yasewanhg.dpdns.org,http://wxvzotf.yasewanhg.dpdns.org,200,问桢,nginx,text/html,47945,"Nginx,jQuery",,1000,
http://spdmuzj.weiyutiop.dpdns.org,http://spdmuzj.weiyutiop.dpdns.org,200,浅书人间,nginx,text/html,23658,Nginx,,1002,
http://sezlowcd.lanshanhu.dpdns.org,http://sezlowcd.lanshanhu.dpdns.org,200,临泽舟,nginx,text/html,21359,"Nginx,jQuery",,1178,
http://vdeipba.duogongneng.dpdns.org,http://vdeipba.duogongneng.dpdns.org,200,南凌屿,nginx,text/html,29948,Nginx,,971,
http://oewvwdhg.rtootsatpeg.dpdns.org,http://oewvwdhg.rtootsatpeg.dpdns.org,200,日常温柔录,nginx,text/html,35773,"Nginx,jQuery",,1215,
http://sosbn.duogongneng.dpdns.org,http://sosbn.duogongneng.dpdns.org,200,清昼记事,nginx,text/html,30399,Nginx,,1232,
http://awoufn.rtootsatpeg.dpdns.org,http://awoufn.rtootsatpeg.dpdns.org,200,星白,nginx,text/html,37227,"Nginx,jQuery",,1339,
http://hulzmus.goodks.dpdns.org,http://hulzmus.goodks.dpdns.org,200,诺清隅,nginx,text/html,40623,"Nginx,jQuery",,929,
http://gknym.goodks.dpdns.org,http://gknym.goodks.dpdns.org,200,独处随笔馆,nginx,text/html,21063,"Nginx,jQuery",,885,
http://stpcr.voopliuer.dpdns.org,http://stpcr.voopliuer.dpdns.org,200,问廓库,nginx,text/html,21069,Nginx,,994,
http://acmdie.boolpfont.dpdns.org,http://acmdie.boolpfont.dpdns.org,200,清宁时光集,nginx,text/html,24427,"Bootstrap,Nginx,jQuery",,1358,
http://gruffle.goodks.dpdns.org,http://gruffle.goodks.dpdns.org,200,闲书流年,nginx,text/html,19450,"Bootstrap,Nginx",,912,
http://cmcyld.rtootsatpeg.dpdns.org,http://cmcyld.rtootsatpeg.dpdns.org,200,知寻,nginx,text/html,37908,"Nginx,jQuery",,948,
http://whohkr.rtootsatpeg.dpdns.org,http://whohkr.rtootsatpeg.dpdns.org,200,蔬网,nginx,text/html,37729,"Nginx,jQuery",,1044,
http://qmjhpr.toopert.dpdns.org,http://qmjhpr.toopert.dpdns.org,200,慢记温柔,nginx,text/html,16169,Nginx,,849,
http://fjgdt.voopliuer.dpdns.org,http://fjgdt.voopliuer.dpdns.org,200,星川,nginx,text/html,20849,Nginx,,958,
http://yyezz.toopert.dpdns.org,http://yyezz.toopert.dpdns.org,200,星亦屿,nginx,text/html,16221,Nginx,,805,
http://lhutbuuz.sheyedashe.dpdns.org,http://lhutbuuz.sheyedashe.dpdns.org,200,景昭珩,nginx,text/html,29448,"Nginx,jQuery",,881,
http://rjxedsgw.taiyangshen.dpdns.org,http://rjxedsgw.taiyangshen.dpdns.org,200,亦景川,nginx,text/html,29502,"Nginx,jQuery",,828,
http://gsyhv.toopert.dpdns.org,http://gsyhv.toopert.dpdns.org,200,星亦川,nginx,text/html,16077,Nginx,,905,
http://xkdau.goodks.dpdns.org,http://xkdau.goodks.dpdns.org,200,静心问答,nginx,text/html,48571,"Nginx,jQuery",,1221,
http://glbcivf.gpplonert.dpdns.org,http://glbcivf.gpplonert.dpdns.org,200,星亦川,nginx,text/html,24432,"Nginx,jQuery",,1022,
http://juctbs.sheyedashe.dpdns.org,http://juctbs.sheyedashe.dpdns.org,200,南凌禾,nginx,text/html,28993,"Nginx,jQuery",,948,
http://aywbqlid.toopert.dpdns.org,http://aywbqlid.toopert.dpdns.org,200,沐隅,nginx,text/html,16251,Nginx,,839,
http://gwuurxgq.lanshanhu.dpdns.org,http://gwuurxgq.lanshanhu.dpdns.org,200,瞻断解惑,nginx,text/html,21399,"Nginx,jQuery",,1048,
http://oipkjfku.wordres.dpdns.org,http://oipkjfku.wordres.dpdns.org,200,叙简珩,nginx,text/html,33030,"Nginx,WordPress,jQuery",,949,
http://llyyo.voopliux.dpdns.org,http://llyyo.voopliux.dpdns.org,200,默记温柔,nginx,text/html,28479,"Nginx,jQuery",,939,
http://duaylnk.duogongneng.dpdns.org,http://duaylnk.duogongneng.dpdns.org,200,星亦屿,nginx,text/html,30410,Nginx,,876,
http://wipcv.lanshanhu.dpdns.org,http://wipcv.lanshanhu.dpdns.org,200,星珩,nginx,text/html,21196,"Nginx,jQuery",,945,
http://yfteer.yasewanhg.dpdns.org,http://yfteer.yasewanhg.dpdns.org,200,省理解惑,nginx,text/html,47875,"Nginx,jQuery",,924,
http://mtdtd.voopliuer.dpdns.org,http://mtdtd.voopliuer.dpdns.org,200,诺清川,nginx,text/html,20609,Nginx,,963,
https://dinfdckl.taiyangshen.dpdns.org,https://dinfdckl.taiyangshen.dpdns.org,200,404 Not Found,nginx,text/html,138,Nginx,,652,
http://jxgbjr.gpplonert.dpdns.org,http://jxgbjr.gpplonert.dpdns.org,200,南凌川,nginx,text/html,24448,"Nginx,jQuery",,1087,
http://bmttx.gpplonert.dpdns.org,http://bmttx.gpplonert.dpdns.org,200,静默自持,nginx,text/html,24043,"Nginx,jQuery",,1084,
http://bhfmkr.goodks.dpdns.org,http://bhfmkr.goodks.dpdns.org,200,月网,nginx,text/html,20983,"Nginx,jQuery",,984,
http://jsxcqfko.gpplonert.dpdns.org,http://jsxcqfko.gpplonert.dpdns.org,200,礼网,nginx,text/html,24415,"Nginx,jQuery",,1148,
http://vhulpk.boolpfont.dpdns.org,http://vhulpk.boolpfont.dpdns.org,200,诺清禾,nginx,text/html,21775,"Nginx,WordPress,jQuery",,855,
http://smvalkv.sheyedashe.dpdns.org,http://smvalkv.sheyedashe.dpdns.org,200,浮生随笔集,nginx,text/html,29229,"Nginx,jQuery",,863,
http://ndegpr.lanshanhu.dpdns.org,http://ndegpr.lanshanhu.dpdns.org,200,临泽屿,nginx,text/html,21620,"Nginx,jQuery",,976,
http://bpigli.boolpfont.dpdns.org,http://bpigli.boolpfont.dpdns.org,200,环知解惑,nginx,text/html,22001,"Bootstrap,Nginx",,886,
http://zkgyy.voopliux.dpdns.org,http://zkgyy.voopliux.dpdns.org,200,时光随笔存档,nginx,text/html,28476,"Nginx,jQuery",,916,
http://ifrbze.voopliux.dpdns.org,http://ifrbze.voopliux.dpdns.org,200,顾理堂,nginx,text/html,28656,"Nginx,jQuery",,943,
http://kxnnoa.sheyedashe.dpdns.org,http://kxnnoa.sheyedashe.dpdns.org,200,沐寻,nginx,text/html,28878,"Nginx,jQuery",,872,
http://jxthqdmf.duogongneng.dpdns.org,http://jxthqdmf.duogongneng.dpdns.org,200,山河闲笔,nginx,text/html,30572,Nginx,,855,
http://fmveleq.lanshanhu.dpdns.org,http://fmveleq.lanshanhu.dpdns.org,200,叙简白,nginx,text/html,21143,"Nginx,jQuery",,832,
http://dpenlv.yasewanhg.dpdns.org,http://dpenlv.yasewanhg.dpdns.org,200,景昭屿,nginx,text/html,48191,"Nginx,jQuery",,784,
http://pwqninet.rtootsatpeg.dpdns.org,http://pwqninet.rtootsatpeg.dpdns.org,200,星川,nginx,text/html,36264,"Nginx,jQuery",,984,
http://sxdbu.goodks.dpdns.org,http://sxdbu.goodks.dpdns.org,200,慢藏流年,nginx,text/html,120864,Nginx,,2814,
http://xzyit.boolpfont.dpdns.org,http://xzyit.boolpfont.dpdns.org,200,叙简川,nginx,text/html,26676,"Bootstrap,Nginx,jQuery",,862,
http://xpmyt.taiyangshen.dpdns.org,http://xpmyt.taiyangshen.dpdns.org,200,流年风月记,nginx,text/html,30484,"Nginx,jQuery",,795,
http://vtsbvm.fooiuoplik.dpdns.org,http://vtsbvm.fooiuoplik.dpdns.org,200,南川,nginx,text/html,29015,"Bootstrap,Nginx,jQuery",,766,
http://awbnhhpm.weiyutiop.dpdns.org,http://awbnhhpm.weiyutiop.dpdns.org,200,新思答疑,nginx,text/html,23689,Nginx,,826,
http://jpqxtt.wordres.dpdns.org,http://jpqxtt.wordres.dpdns.org,200,南珩,nginx,text/html,32036,"Nginx,WordPress,jQuery",,864,
http://etpjing.fopiloi.dpdns.org,http://etpjing.fopiloi.dpdns.org,200,南凌川,nginx,text/html,21803,"Nginx,WordPress,jQuery",,760,
http://dhzgzzbc.weiyutiop.dpdns.org,http://dhzgzzbc.weiyutiop.dpdns.org,200,答识,nginx,text/html,23967,Nginx,,885,
http://hfoqzwp.soertubn.dpdns.org,http://hfoqzwp.soertubn.dpdns.org,200,独属时光集,nginx,text/html,22004,"Nginx,jQuery",,994,
http://zkajf.yasewanhg.dpdns.org,http://zkajf.yasewanhg.dpdns.org,200,南隅,nginx,text/html,47891,"Nginx,jQuery",,828,
http://yxyjq.weiyutiop.dpdns.org,http://yxyjq.weiyutiop.dpdns.org,200,亦景川,nginx,text/html,22923,Nginx,,853,
http://nrmgnh.boolpfont.dpdns.org,http://nrmgnh.boolpfont.dpdns.org,200,山野漫记,nginx,text/html,69924,"Bootstrap,Nginx,jQuery",,1112,
http://sdiqka.soertubn.dpdns.org,http://sdiqka.soertubn.dpdns.org,200,凝霜网,nginx,text/html,41160,"Nginx,jQuery",,844,
http://wkafa.boolpfont.dpdns.org,http://wkafa.boolpfont.dpdns.org,200,星亦屿,nginx,text/html,28821,"Nginx,jQuery",,863,
http://kurwsok.yasewanhg.dpdns.org,http://kurwsok.yasewanhg.dpdns.org,200,无网,nginx,text/html,47338,"Nginx,jQuery",,828,
http://ufsbyofi.boolpfont.dpdns.org,http://ufsbyofi.boolpfont.dpdns.org,200,数智解惑,nginx,text/html,21715,"Nginx,jQuery",,864,
http://zdmwlp.wordres.dpdns.org,http://zdmwlp.wordres.dpdns.org,200,青珩,nginx,text/html,32912,"Nginx,WordPress,jQuery",,897,
http://ifowglj.goodks.dpdns.org,http://ifowglj.goodks.dpdns.org,200,景珩,nginx,text/html,31305,"Bootstrap,Nginx,jQuery",,927,
http://nxoaotyv.goodks.dpdns.org,http://nxoaotyv.goodks.dpdns.org,200,景昭白,nginx,text/html,33012,"Nginx,WordPress,jQuery",,1029,
http://vfuwh.weiyutiop.dpdns.org,http://vfuwh.weiyutiop.dpdns.org,200,轻叙浮生,nginx,text/html,23359,Nginx,,1037,
http://khibkzlo.sheyedashe.dpdns.org,http://khibkzlo.sheyedashe.dpdns.org,200,亦景屿,nginx,text/html,29062,"Nginx,jQuery",,1003,
http://cmtyrqtu.soertubn.dpdns.org,http://cmtyrqtu.soertubn.dpdns.org,200,科创答疑,nginx,text/html,25856,"Nginx,jQuery",,1071,
http://utbxh.wordres.dpdns.org,http://utbxh.wordres.dpdns.org,200,诺清隅,nginx,text/html,33285,"Nginx,WordPress,jQuery",,911,
http://vsryoa.boolpfont.dpdns.org,http://vsryoa.boolpfont.dpdns.org,200,亦景屿,nginx,text/html,24932,"Nginx,jQuery",,1237,
http://uzjwzxa.taiyangshen.dpdns.org,http://uzjwzxa.taiyangshen.dpdns.org,200,亦景屿,nginx,text/html,30423,"Nginx,jQuery",,944,
http://bbznwy.fooiuoplik.dpdns.org,http://bbznwy.fooiuoplik.dpdns.org,200,南寻,nginx,text/html,28127,"Bootstrap,Nginx,jQuery",,1082,
http://dcegtpz.boolpfont.dpdns.org,http://dcegtpz.boolpfont.dpdns.org,200,青川,nginx,text/html,22117,"Bootstrap,Nginx,jQuery",,1019,
http://tohvfj.voopliuer.dpdns.org,http://tohvfj.voopliuer.dpdns.org,200,南凌屿,nginx,text/html,20273,Nginx,,1047,
http://gqdtnw.toopert.dpdns.org,http://gqdtnw.toopert.dpdns.org,200,帆网,nginx,text/html,16416,Nginx,,1046,
http://ijrkavct.duogongneng.dpdns.org,http://ijrkavct.duogongneng.dpdns.org,200,凌云禾,nginx,text/html,30312,Nginx,,1170,
http://wljjlqez.voopliux.dpdns.org,http://wljjlqez.voopliux.dpdns.org,200,星亦屿,nginx,text/html,28539,"Nginx,jQuery",,1110,
http://tipiczrq.goodks.dpdns.org,http://tipiczrq.goodks.dpdns.org,200,砚星隅,nginx,text/html,24068,"Nginx,jQuery",,1350,
http://qumswjk.sheyedashe.dpdns.org,http://qumswjk.sheyedashe.dpdns.org,200,星亦禾,nginx,text/html,29331,"Nginx,jQuery",,1099,
http://fqijtg.taiyangshen.dpdns.org,http://fqijtg.taiyangshen.dpdns.org,200,诺清川,nginx,text/html,29824,"Nginx,jQuery",,1035,
http://bdxuigev.taiyangshen.dpdns.org,http://bdxuigev.taiyangshen.dpdns.org,200,泽知白,nginx,text/html,30314,"Nginx,jQuery",,1033,
http://gphjxee.soertubn.dpdns.org,http://gphjxee.soertubn.dpdns.org,200,知屿,nginx,text/html,49472,"Nginx,jQuery",,1594,
http://xrgqmbn.rtootsatpeg.dpdns.org,http://xrgqmbn.rtootsatpeg.dpdns.org,200,温写时光,nginx,text/html,37224,"Nginx,jQuery",,1391,
http://lismp.taiyangshen.dpdns.org,http://lismp.taiyangshen.dpdns.org,200,樵网,nginx,text/html,30124,"Nginx,jQuery",,950,
http://emlzkdq.toopert.dpdns.org,http://emlzkdq.toopert.dpdns.org,200,静温岁月,nginx,text/html,15856,Nginx,,1030,
http://kdesr.wordres.dpdns.org,http://kdesr.wordres.dpdns.org,200,春网,nginx,text/html,32679,"Nginx,WordPress,jQuery",,1003,
http://rsoldg.soertubn.dpdns.org,http://rsoldg.soertubn.dpdns.org,200,温记日常,nginx,text/html,25876,"Nginx,jQuery",,990,
http://bjogyiii.soertubn.dpdns.org,http://bjogyiii.soertubn.dpdns.org,200,知理坊,nginx,text/html,25000,"Bootstrap,Nginx",,988,
http://mbbiara.yasewanhg.dpdns.org,http://mbbiara.yasewanhg.dpdns.org,200,复断解惑,nginx,text/html,47609,"Nginx,jQuery",,1072,
http://ihxmrm.weiyutiop.dpdns.org,http://ihxmrm.weiyutiop.dpdns.org,200,临屿,nginx,text/html,21225,Nginx,,1008,
http://ramwdyg.voopliuer.dpdns.org,http://ramwdyg.voopliuer.dpdns.org,200,寻叙,nginx,text/html,20422,Nginx,,999,
http://psuwjko.rtootsatpeg.dpdns.org,http://psuwjko.rtootsatpeg.dpdns.org,200,泽知珩,nginx,text/html,37485,"Nginx,jQuery",,1053,
http://zwqkike.fooiuoplik.dpdns.org,http://zwqkike.fooiuoplik.dpdns.org,200,初理阁,nginx,text/html,29168,"Bootstrap,Nginx,jQuery",,752,
http://wkjkyxmc.goodks.dpdns.org,http://wkjkyxmc.goodks.dpdns.org,200,通识库,nginx,text/html,90091,"Nginx,jQuery",,1544,
http://bgzzorl.goodks.dpdns.org,http://bgzzorl.goodks.dpdns.org,200,青辰珩,nginx,text/html,21038,"Bootstrap,Nginx",,888,
http://vbeki.taiyangshen.dpdns.org,http://vbeki.taiyangshen.dpdns.org,200,青辰珩,nginx,text/html,29977,"Nginx,jQuery",,795,
http://qasao.boolpfont.dpdns.org,http://qasao.boolpfont.dpdns.org,200,景昭白,nginx,text/html,40952,"Nginx,jQuery",,973,
http://hyuayre.yasewanhg.dpdns.org,http://hyuayre.yasewanhg.dpdns.org,200,桃笺网,nginx,text/html,48247,"Nginx,jQuery",,865,
http://ygyqq.voopliux.dpdns.org,http://ygyqq.voopliux.dpdns.org,200,温拾山河,nginx,text/html,28256,"Nginx,jQuery",,878,
http://rokirku.voopliuer.dpdns.org,http://rokirku.voopliuer.dpdns.org,200,青珩,nginx,text/html,20988,Nginx,,821,
http://qfmet.voopliuer.dpdns.org,http://qfmet.voopliuer.dpdns.org,200,晚舟网,nginx,text/html,20478,Nginx,,845,
http://dwwrt.fopiloi.dpdns.org,http://dwwrt.fopiloi.dpdns.org,200,青辰白,nginx,text/html,21923,"Nginx,WordPress,jQuery",,737,
http://ejrmxy.voopliux.dpdns.org,http://ejrmxy.voopliux.dpdns.org,200,诺清隅,nginx,text/html,28540,"Nginx,jQuery",,785,
http://mjefmyzw.soertubn.dpdns.org,http://mjefmyzw.soertubn.dpdns.org,200,凌云白,nginx,text/html,27461,"Bootstrap,Nginx",,848,
http://qzoet.taiyangshen.dpdns.org,http://qzoet.taiyangshen.dpdns.org,200,慢热时光,nginx,text/html,30375,"Nginx,jQuery",,756,
http://ssnhfkv.voopliuer.dpdns.org,http://ssnhfkv.voopliuer.dpdns.org,200,叙简珩,nginx,text/html,21181,Nginx,,931,
http://wpyxjkbu.boolpfont.dpdns.org,http://wpyxjkbu.boolpfont.dpdns.org,200,智明,nginx,text/html,28426,"Nginx,jQuery",,915,
http://taqemt.soertubn.dpdns.org,http://taqemt.soertubn.dpdns.org,200,振理解惑,nginx,text/html,19542,Nginx,,1008,
http://holxzn.rtootsatpeg.dpdns.org,http://holxzn.rtootsatpeg.dpdns.org,200,凌云禾,nginx,text/html,37341,"Nginx,jQuery",,1051,
http://ibmiguts.wordres.dpdns.org,http://ibmiguts.wordres.dpdns.org,200,答涧答疑,nginx,text/html,32950,"Nginx,WordPress,jQuery",,954,
http://abcaiac.sheyedashe.dpdns.org,http://abcaiac.sheyedashe.dpdns.org,200,云思答疑,nginx,text/html,28835,"Nginx,jQuery",,1004,
http://znvzvim.duogongneng.dpdns.org,http://znvzvim.duogongneng.dpdns.org,200,清简时光,nginx,text/html,30564,Nginx,,1012,
http://wkeptzlv.gpplonert.dpdns.org,http://wkeptzlv.gpplonert.dpdns.org,200,衡寻珩,nginx,text/html,24937,"Nginx,jQuery",,1088,
http://fvomqnzo.wordres.dpdns.org,http://fvomqnzo.wordres.dpdns.org,200,观理解惑,nginx,text/html,33034,"Nginx,WordPress,jQuery",,1060,
http://spbgtr.wordres.dpdns.org,http://spbgtr.wordres.dpdns.org,200,慢温岁月,nginx,text/html,32918,"Nginx,WordPress,jQuery",,988,
http://ofwmlwfj.toopert.dpdns.org,http://ofwmlwfj.toopert.dpdns.org,200,扬知阁,nginx,text/html,15911,Nginx,,1133,
http://kbktp.voopliux.dpdns.org,http://kbktp.voopliux.dpdns.org,200,诺清禾,nginx,text/html,28840,"Nginx,jQuery",,1091,
http://pukzbgrw.gpplonert.dpdns.org,http://pukzbgrw.gpplonert.dpdns.org,200,专属温柔录,nginx,text/html,23969,"Nginx,jQuery",,1214,
http://iwuiqa.meitayouha.dpdns.org,http://iwuiqa.meitayouha.dpdns.org,200,松弛自渡,nginx,text/html,48429,"Nginx,jQuery",,1099,
http://txudc.duogongneng.dpdns.org,http://txudc.duogongneng.dpdns.org,200,临泽珩,nginx,text/html,30009,Nginx,,1069,
http://hjdnygf.soertubn.dpdns.org,http://hjdnygf.soertubn.dpdns.org,200,诺清禾,nginx,text/html,21359,"Bootstrap,Nginx,jQuery",,933,
http://fzbkq.duogongneng.dpdns.org,http://fzbkq.duogongneng.dpdns.org,200,临泽珩,nginx,text/html,30767,Nginx,,1124,
http://asudbntj.duogongneng.dpdns.org,http://asudbntj.duogongneng.dpdns.org,200,温拾心事,nginx,text/html,30568,Nginx,,1000,
http://frbbtg.soertubn.dpdns.org,http://frbbtg.soertubn.dpdns.org,200,涧网,nginx,text/html,48187,"Nginx,jQuery",,1113,
http://zusuzx.voopliux.dpdns.org,http://zusuzx.voopliux.dpdns.org,200,景昭珩,nginx,text/html,28528,"Nginx,jQuery",,1097,
http://poisc.soertubn.dpdns.org,http://poisc.soertubn.dpdns.org,200,叙简珩,nginx,text/html,23641,"Bootstrap,Nginx",,1234,
http://vhnjuhpc.rtootsatpeg.dpdns.org,http://vhnjuhpc.rtootsatpeg.dpdns.org,200,伴网,nginx,text/html,38194,"Nginx,jQuery",,1130,
http://dncqv.taiyangshen.dpdns.org,http://dncqv.taiyangshen.dpdns.org,200,识涧问理,nginx,text/html,30306,"Nginx,jQuery",,895,
http://sxbecceu.weiyutiop.dpdns.org,http://sxbecceu.weiyutiop.dpdns.org,200,静拾人间,nginx,text/html,23657,Nginx,,1007,
http://sccvpla.toopert.dpdns.org,http://sccvpla.toopert.dpdns.org,200,默藏时光,nginx,text/html,15949,Nginx,,690,
http://gzovbq.taiyangshen.dpdns.org,http://gzovbq.taiyangshen.dpdns.org,200,村网,nginx,text/html,30600,"Nginx,jQuery",,810,
http://xzfxftuj.boolpfont.dpdns.org,http://xzfxftuj.boolpfont.dpdns.org,200,亦景川,nginx,text/html,84180,Nginx,,1576,
http://nkvawcj.rtootsatpeg.dpdns.org,http://nkvawcj.rtootsatpeg.dpdns.org,200,简川,nginx,text/html,37656,"Nginx,jQuery",,1062,
http://nmovbv.boolpfont.dpdns.org,http://nmovbv.boolpfont.dpdns.org,200,思屿库,nginx,text/html,28614,"Nginx,jQuery",,1125,
http://jxnutpu.goodks.dpdns.org,http://jxnutpu.goodks.dpdns.org,200,智问,nginx,text/html,20246,"Bootstrap,Nginx",,1007,
http://zntccq.goodks.dpdns.org,http://zntccq.goodks.dpdns.org,200,自写朝夕人间,nginx,text/html,37348,"Nginx,jQuery",,1057,
http://kdlbd.taiyangshen.dpdns.org,http://kdlbd.taiyangshen.dpdns.org,200,遥网,nginx,text/html,30190,"Nginx,jQuery",,854,
http://fnxwyguf.voopliux.dpdns.org,http://fnxwyguf.voopliux.dpdns.org,200,闲拾温柔,nginx,text/html,28575,"Nginx,jQuery",,884,
http://ilurgre.duogongneng.dpdns.org,http://ilurgre.duogongneng.dpdns.org,200,景昭白,nginx,text/html,30847,Nginx,,871,
http://hxlcuby.fooiuoplik.dpdns.org,http://hxlcuby.fooiuoplik.dpdns.org,200,亦景白,nginx,text/html,28279,"Bootstrap,Nginx,jQuery",,728,
http://uqrdgjg.goodks.dpdns.org,http://uqrdgjg.goodks.dpdns.org,200,辰简隅,nginx,text/html,19228,"Nginx,jQuery",,815,
http://fswas.fopiloi.dpdns.org,http://fswas.fopiloi.dpdns.org,200,答幽解惑,nginx,text/html,22020,"Nginx,WordPress,jQuery",,757,
http://eeinph.sheyedashe.dpdns.org,http://eeinph.sheyedashe.dpdns.org,200,叙简川,nginx,text/html,29665,"Nginx,jQuery",,778,
http://wrqpqg.goodks.dpdns.org,http://wrqpqg.goodks.dpdns.org,200,浮生闲记,nginx,text/html,48888,"Nginx,jQuery",,820,
http://rqpme.fopiloi.dpdns.org,http://rqpme.fopiloi.dpdns.org,200,桨网,nginx,text/html,21253,"Nginx,WordPress,jQuery",,775,
http://kjsae.boolpfont.dpdns.org,http://kjsae.boolpfont.dpdns.org,200,清南隅,nginx,text/html,49142,"Nginx,jQuery",,1724,
http://ykxglhds.goodks.dpdns.org,http://ykxglhds.goodks.dpdns.org,200,青辰珩,nginx,text/html,31274,Nginx,,771,
http://okvrzbb.wordres.dpdns.org,http://okvrzbb.wordres.dpdns.org,200,送网,nginx,text/html,33098,"Nginx,WordPress,jQuery",,796,
http://vnvdtagw.toopert.dpdns.org,http://vnvdtagw.toopert.dpdns.org,200,青辰川,nginx,text/html,16073,Nginx,,713,
http://vuonuy.voopliux.dpdns.org,http://vuonuy.voopliux.dpdns.org,200,叙简珩,nginx,text/html,28409,"Nginx,jQuery",,811,
http://ktaey.voopliuer.dpdns.org,http://ktaey.voopliuer.dpdns.org,200,烟火解惑,nginx,text/html,19627,Nginx,,710,
http://sobjbejn.rtootsatpeg.dpdns.org,http://sobjbejn.rtootsatpeg.dpdns.org,200,云汇答疑,nginx,text/html,37742,"Nginx,jQuery",,960,
http://suzyoaj.voopliux.dpdns.org,http://suzyoaj.voopliux.dpdns.org,200,青辰白,nginx,text/html,28496,"Nginx,jQuery",,844,
http://jmztxt.taiyangshen.dpdns.org,http://jmztxt.taiyangshen.dpdns.org,200,叙简川,nginx,text/html,29580,"Nginx,jQuery",,893,
http://jfzceaqq.soertubn.dpdns.org,http://jfzceaqq.soertubn.dpdns.org,200,简珩,nginx,text/html,48842,"Nginx,jQuery",,1137,
http://xtjxqcq.yasewanhg.dpdns.org,http://xtjxqcq.yasewanhg.dpdns.org,200,温拾心事,nginx,text/html,48142,"Nginx,jQuery",,837,
http://oygbjm.voopliuer.dpdns.org,http://oygbjm.voopliuer.dpdns.org,200,临泽屿,nginx,text/html,20360,Nginx,,943,
http://torgqjpj.goodks.dpdns.org,http://torgqjpj.goodks.dpdns.org,200,广理解惑,nginx,text/html,24579,"Bootstrap,Nginx,jQuery",,1045,
http://oua.voopliuer.dpdns.org,http://oua.voopliuer.dpdns.org,200,知寻,nginx,text/html,20517,Nginx,,848,
http://kzfgxme.yasewanhg.dpdns.org,http://kzfgxme.yasewanhg.dpdns.org,200,景屿,nginx,text/html,48100,"Nginx,jQuery",,906,
http://zhjrbahj.soertubn.dpdns.org,http://zhjrbahj.soertubn.dpdns.org,200,诺清川,nginx,text/html,24498,"Bootstrap,Nginx",,996,
http://dmrag.duogongneng.dpdns.org,http://dmrag.duogongneng.dpdns.org,200,南凌禾,nginx,text/html,30229,Nginx,,891,
http://xiyvz.sheyedashe.dpdns.org,http://xiyvz.sheyedashe.dpdns.org,200,叙简川,nginx,text/html,29126,"Nginx,jQuery",,855,
http://iwnbaxam.yasewanhg.dpdns.org,http://iwnbaxam.yasewanhg.dpdns.org,200,问衍,nginx,text/html,48299,"Nginx,jQuery",,911,
http://uruyo.yasewanhg.dpdns.org,http://uruyo.yasewanhg.dpdns.org,200,桃网,nginx,text/html,45516,"Nginx,jQuery",,851,
http://lgjpogk.fooiuoplik.dpdns.org,http://lgjpogk.fooiuoplik.dpdns.org,200,青辰白,nginx,text/html,29221,"Bootstrap,Nginx,jQuery",,862,
http://tewmo.voopliux.dpdns.org,http://tewmo.voopliux.dpdns.org,200,轻温流年,nginx,text/html,28592,"Nginx,jQuery",,904,
http://vtdccfb.soertubn.dpdns.org,http://vtdccfb.soertubn.dpdns.org,200,疏诺珩,nginx,text/html,26005,"Bootstrap,Nginx,jQuery",,1018,
http://bkumo.wordres.dpdns.org,http://bkumo.wordres.dpdns.org,200,专属人间小记,nginx,text/html,33141,"Nginx,WordPress,jQuery",,899,
http://phtwjp.voopliux.dpdns.org,http://phtwjp.voopliux.dpdns.org,200,轻书心事,nginx,text/html,28654,"Nginx,jQuery",,972,
http://keswrfrz.duogongneng.dpdns.org,http://keswrfrz.duogongneng.dpdns.org,200,竹网,nginx,text/html,30057,Nginx,,835,
http://fjluu.rtootsatpeg.dpdns.org,http://fjluu.rtootsatpeg.dpdns.org,200,迟网,nginx,text/html,37507,"Nginx,jQuery",,1047,
http://ggkftj.voopliux.dpdns.org,http://ggkftj.voopliux.dpdns.org,200,亦景白,nginx,text/html,28373,"Nginx,jQuery",,859,
http://vxxmum.soertubn.dpdns.org,http://vxxmum.soertubn.dpdns.org,200,识真,nginx,text/html,26229,"Nginx,jQuery",,825,
http://msreeizx.duogongneng.dpdns.org,http://msreeizx.duogongneng.dpdns.org,200,凌云川,nginx,text/html,30540,Nginx,,835,
http://pgkqcfy.taiyangshen.dpdns.org,http://pgkqcfy.taiyangshen.dpdns.org,200,青隅,nginx,text/html,30251,"Nginx,jQuery",,903,
http://fahkxs.voopliux.dpdns.org,http://fahkxs.voopliux.dpdns.org,200,星亦川,nginx,text/html,28546,"Nginx,jQuery",,872,
http://tjnso.weiyutiop.dpdns.org,http://tjnso.weiyutiop.dpdns.org,200,朴思网,nginx,text/html,23110,Nginx,,905,
http://simmt.duogongneng.dpdns.org,http://simmt.duogongneng.dpdns.org,200,晚风岁月,nginx,text/html,30550,Nginx,,822,
http://tjjalcx.voopliux.dpdns.org,http://tjjalcx.voopliux.dpdns.org,200,南凌禾,nginx,text/html,28585,"Nginx,jQuery",,903,
http://ryicc.soertubn.dpdns.org,http://ryicc.soertubn.dpdns.org,200,叙简珩,nginx,text/html,25244,"Bootstrap,Nginx",,924,
http://pdvqlhe.voopliuer.dpdns.org,http://pdvqlhe.voopliuer.dpdns.org,200,简单时光,nginx,text/html,20375,Nginx,,801,
http://wranywag.boolpfont.dpdns.org,http://wranywag.boolpfont.dpdns.org,200,星亦禾,nginx,text/html,23346,"Nginx,jQuery",,758,
http://akhkfh.fooiuoplik.dpdns.org,http://akhkfh.fooiuoplik.dpdns.org,200,温写时光,nginx,text/html,28333,"Bootstrap,Nginx,jQuery",,866,
http://jltpk.wordres.dpdns.org,http://jltpk.wordres.dpdns.org,200,素写人间年,nginx,text/html,32701,"Nginx,WordPress,jQuery",,813,
http://jxmnbnhj.wordres.dpdns.org,http://jxmnbnhj.wordres.dpdns.org,200,景昭珩,nginx,text/html,33311,"Nginx,WordPress,jQuery",,837,
http://gpizvwz.weiyutiop.dpdns.org,http://gpizvwz.weiyutiop.dpdns.org,200,清温流年记,nginx,text/html,22988,Nginx,,824,
http://dvfspg.wordres.dpdns.org,http://dvfspg.wordres.dpdns.org,200,诺清川,nginx,text/html,33009,"Nginx,WordPress,jQuery",,822,
http://ewvdznj.yasewanhg.dpdns.org,http://ewvdznj.yasewanhg.dpdns.org,200,慢记时光,nginx,text/html,47587,"Nginx,jQuery",,764,
http://iyfdu.toopert.dpdns.org,http://iyfdu.toopert.dpdns.org,200,亦景白,nginx,text/html,16223,Nginx,,816,
http://slprgnjw.fopiloi.dpdns.org,http://slprgnjw.fopiloi.dpdns.org,200,云途,nginx,text/html,20951,"Nginx,WordPress,jQuery",,805,
http://pbquz.soertubn.dpdns.org,http://pbquz.soertubn.dpdns.org,200,景昭珩,nginx,text/html,28444,"Nginx,jQuery",,938,
http://gbvhl.gpplonert.dpdns.org,http://gbvhl.gpplonert.dpdns.org,200,简写温柔,nginx,text/html,24493,"Nginx,jQuery",,872,
http://gvndc.fooiuoplik.dpdns.org,http://gvndc.fooiuoplik.dpdns.org,200,素静流年,nginx,text/html,28561,"Bootstrap,Nginx,jQuery",,805,
http://rqpyiyp.gpplonert.dpdns.org,http://rqpyiyp.gpplonert.dpdns.org,200,智明,nginx,text/html,24340,"Nginx,jQuery",,936,
http://xksgkj.taiyangshen.dpdns.org,http://xksgkj.taiyangshen.dpdns.org,200,辰简隅,nginx,text/html,30087,"Nginx,jQuery",,878,
http://dvjdd.lanshanhu.dpdns.org,http://dvjdd.lanshanhu.dpdns.org,200,诺清川,nginx,text/html,21653,"Nginx,jQuery",,931,
http://qpxmgum.voopliuer.dpdns.org,http://qpxmgum.voopliuer.dpdns.org,200,清南禾,nginx,text/html,20683,Nginx,,842,
http://urgmp.gpplonert.dpdns.org,http://urgmp.gpplonert.dpdns.org,200,环理解惑,nginx,text/html,24769,"Nginx,jQuery",,1032,
http://mxclygm.yasewanhg.dpdns.org,http://mxclygm.yasewanhg.dpdns.org,200,叙简白,nginx,text/html,47853,"Nginx,jQuery",,900,
http://ricra.rtootsatpeg.dpdns.org,http://ricra.rtootsatpeg.dpdns.org,200,景昭珩,nginx,text/html,37749,"Nginx,jQuery",,990,
http://ticvv.wordres.dpdns.org,http://ticvv.wordres.dpdns.org,200,临泽珩,nginx,text/html,32907,"Nginx,WordPress,jQuery",,921,
http://rsjoxuzx.taiyangshen.dpdns.org,http://rsjoxuzx.taiyangshen.dpdns.org,200,景川,nginx,text/html,30415,"Nginx,jQuery",,988,
http://znixg.ftiop.dpdns.org,http://znixg.ftiop.dpdns.org,200,轻松库,nginx,text/html,34135,"Nginx,jQuery",,1165,
http://xvffnudn.duogongneng.dpdns.org,http://xvffnudn.duogongneng.dpdns.org,200,弘理解惑,nginx,text/html,30301,Nginx,,781,
http://cklax.voopliuer.dpdns.org,http://cklax.voopliuer.dpdns.org,200,景昭屿,nginx,text/html,20193,Nginx,,939,
http://sogzqmrk.voopliux.dpdns.org,http://sogzqmrk.voopliux.dpdns.org,200,青辰川,nginx,text/html,28417,"Nginx,jQuery",,942,
http://orvam.taiyangshen.dpdns.org,http://orvam.taiyangshen.dpdns.org,200,星川,nginx,text/html,30404,"Nginx,jQuery",,776,
http://nrbme.rtootsatpeg.dpdns.org,http://nrbme.rtootsatpeg.dpdns.org,200,青辰川,nginx,text/html,37014,"Nginx,jQuery",,971,
http://nugqp.weiyutiop.dpdns.org,http://nugqp.weiyutiop.dpdns.org,200,时光随笔存档,nginx,text/html,23247,Nginx,,931,
http://zvkqmucz.gpplonert.dpdns.org,http://zvkqmucz.gpplonert.dpdns.org,200,疏诺屿,nginx,text/html,24646,"Nginx,jQuery",,1041,
http://cgxcf.voopliux.dpdns.org,http://cgxcf.voopliux.dpdns.org,200,青辰川,nginx,text/html,28622,"Nginx,jQuery",,907,
http://yhdssyv.goodks.dpdns.org,http://yhdssyv.goodks.dpdns.org,200,生活解惑,nginx,text/html,21586,"Nginx,WordPress,jQuery",,841,
http://vxwlvuqt.toopert.dpdns.org,http://vxwlvuqt.toopert.dpdns.org,200,星珩,nginx,text/html,16465,Nginx,,894,
http://cdaur.voopliuer.dpdns.org,http://cdaur.voopliuer.dpdns.org,200,凌云白,nginx,text/html,20441,Nginx,,886,
http://crqqvw.voopliux.dpdns.org,http://crqqvw.voopliux.dpdns.org,200,南凌禾,nginx,text/html,28607,"Nginx,jQuery",,845,
http://evrnu.toopert.dpdns.org,http://evrnu.toopert.dpdns.org,200,昭青舟,nginx,text/html,15918,Nginx,,845,
http://nnvcekci.ftiop.dpdns.org,http://nnvcekci.ftiop.dpdns.org,200,阔网,nginx,text/html,34278,"Nginx,jQuery",,979,
http://lraxsxi.soertubn.dpdns.org,http://lraxsxi.soertubn.dpdns.org,200,临泽屿,nginx,text/html,23735,"Nginx,WordPress,jQuery",,821,
http://rhtnnf.duogongneng.dpdns.org,http://rhtnnf.duogongneng.dpdns.org,200,临泽珩,nginx,text/html,30157,Nginx,,872,
http://yxzcu.boolpfont.dpdns.org,http://yxzcu.boolpfont.dpdns.org,200,星亦禾,nginx,text/html,47093,"Nginx,jQuery",,791,
http://eklalor.boolpfont.dpdns.org,http://eklalor.boolpfont.dpdns.org,200,凌云禾,nginx,text/html,29124,"Bootstrap,Nginx,jQuery",,873,
http://vigjs.toopert.dpdns.org,http://vigjs.toopert.dpdns.org,200,诺清隅,nginx,text/html,15755,Nginx,,784,
http://ylqcfbct.boolpfont.dpdns.org,http://ylqcfbct.boolpfont.dpdns.org,200,临泽舟,nginx,text/html,24968,Nginx,,1366,
http://gjgxbh.boolpfont.dpdns.org,http://gjgxbh.boolpfont.dpdns.org,200,温书日常,nginx,text/html,30188,Nginx,,850,
http://zffdet.yasewanhg.dpdns.org,http://zffdet.yasewanhg.dpdns.org,200,智答库,nginx,text/html,48154,"Nginx,jQuery",,832,
http://lhtpg.boolpfont.dpdns.org,http://lhtpg.boolpfont.dpdns.org,200,明叙,nginx,text/html,35287,"Nginx,jQuery",,800,
http://hndkd.fooiuoplik.dpdns.org,http://hndkd.fooiuoplik.dpdns.org,200,独处流年,nginx,text/html,29232,"Bootstrap,Nginx,jQuery",,868,
http://glzzr.boolpfont.dpdns.org,http://glzzr.boolpfont.dpdns.org,200,独处宇宙,nginx,text/html,28223,"Bootstrap,Nginx,jQuery",,895,
http://fosgiyw.fooiuoplik.dpdns.org,http://fosgiyw.fooiuoplik.dpdns.org,200,简单自渡,nginx,text/html,29166,"Bootstrap,Nginx,jQuery",,705,
http://hqatedtn.boolpfont.dpdns.org,http://hqatedtn.boolpfont.dpdns.org,200,浅书时光,nginx,text/html,25852,"Bootstrap,Nginx",,876,
http://pwxdwfy.voopliux.dpdns.org,http://pwxdwfy.voopliux.dpdns.org,200,歌网,nginx,text/html,28286,"Nginx,jQuery",,837,
http://fpgjtsd.boolpfont.dpdns.org,http://fpgjtsd.boolpfont.dpdns.org,200,明问,nginx,text/html,28091,"Bootstrap,Nginx,jQuery",,700,
http://pezgo.taiyangshen.dpdns.org,http://pezgo.taiyangshen.dpdns.org,200,复知阁,nginx,text/html,30065,"Nginx,jQuery",,759,
http://xjdxvkja.wordres.dpdns.org,http://xjdxvkja.wordres.dpdns.org,200,叙简白,nginx,text/html,33096,"Nginx,WordPress,jQuery",,831,
http://fqcizj.sheyedashe.dpdns.org,http://fqcizj.sheyedashe.dpdns.org,200,私人随笔册,nginx,text/html,28964,"Nginx,jQuery",,931,
http://bonqy.lanshanhu.dpdns.org,http://bonqy.lanshanhu.dpdns.org,200,临泽舟,nginx,text/html,21776,"Nginx,jQuery",,850,
http://sxtgrg.fopiloi.dpdns.org,http://sxtgrg.fopiloi.dpdns.org,200,研思问答,nginx,text/html,21880,"Nginx,WordPress,jQuery",,809,
http://qkeiklrv.duogongneng.dpdns.org,http://qkeiklrv.duogongneng.dpdns.org,200,星亦川,nginx,text/html,30403,Nginx,,920,
http://cpoeacvb.voopliuer.dpdns.org,http://cpoeacvb.voopliuer.dpdns.org,200,星亦禾,nginx,text/html,21243,Nginx,,921,
http://kxebunwu.voopliux.dpdns.org,http://kxebunwu.voopliux.dpdns.org,200,南凌禾,nginx,text/html,28941,"Nginx,jQuery",,896,
http://uzijr.boolpfont.dpdns.org,http://uzijr.boolpfont.dpdns.org,200,坊网,nginx,text/html,48940,"Nginx,jQuery",,1225,
http://pjacg.soertubn.dpdns.org,http://pjacg.soertubn.dpdns.org,200,星亦禾,nginx,text/html,25142,"Bootstrap,Nginx,jQuery",,1053,
http://qpgcredg.wordres.dpdns.org,http://qpgcredg.wordres.dpdns.org,200,全面解惑,nginx,text/html,32403,"Nginx,WordPress,jQuery",,877,
http://tqzvkf.soertubn.dpdns.org,http://tqzvkf.soertubn.dpdns.org,200,识真,nginx,text/html,18231,"Bootstrap,Nginx",,941,
http://fskwnshg.taiyangshen.dpdns.org,http://fskwnshg.taiyangshen.dpdns.org,200,启知解惑,nginx,text/html,30415,"Nginx,jQuery",,924,
http://kphhedqk.wordres.dpdns.org,http://kphhedqk.wordres.dpdns.org,200,亦景川,nginx,text/html,33132,"Nginx,WordPress,jQuery",,912,
http://ygwbq.duogongneng.dpdns.org,http://ygwbq.duogongneng.dpdns.org,200,瞻理解惑,nginx,text/html,30419,Nginx,,897,
http://vscuf.fopiloi.dpdns.org,http://vscuf.fopiloi.dpdns.org,200,识故问答,nginx,text/html,21749,"Nginx,WordPress,jQuery",,839,
http://asfrpq.wordres.dpdns.org,http://asfrpq.wordres.dpdns.org,200,寻光问答,nginx,text/html,33022,"Nginx,WordPress,jQuery",,796,
http://qemzo.fopiloi.dpdns.org,http://qemzo.fopiloi.dpdns.org,200,知邃问答,nginx,text/html,21866,"Nginx,WordPress,jQuery",,1008,
http://axhwut.goodks.dpdns.org,http://axhwut.goodks.dpdns.org,200,简禾,nginx,text/html,17734,"Nginx,jQuery",,888,
http://nqrunqc.taiyangshen.dpdns.org,http://nqrunqc.taiyangshen.dpdns.org,200,临泽珩,nginx,text/html,30115,"Nginx,jQuery",,802,
http://uiwqvf.ftiop.dpdns.org,http://uiwqvf.ftiop.dpdns.org,200,桃笺网,nginx,text/html,33800,"Nginx,jQuery",,1125,
http://lnqldw.boolpfont.dpdns.org,http://lnqldw.boolpfont.dpdns.org,200,素写时光,nginx,text/html,38925,"Bootstrap,Nginx,jQuery",,961,
http://wufzyy.taiyangshen.dpdns.org,http://wufzyy.taiyangshen.dpdns.org,200,人间慢温柔,nginx,text/html,30135,"Nginx,jQuery",,835,
http://akphbqf.lanshanhu.dpdns.org,http://akphbqf.lanshanhu.dpdns.org,200,景昭珩,nginx,text/html,21167,"Nginx,jQuery",,795,
http://qsijeq.boolpfont.dpdns.org,http://qsijeq.boolpfont.dpdns.org,200,礼网,nginx,text/html,30080,"Bootstrap,Nginx,jQuery",,984,
http://ledobvna.yasewanhg.dpdns.org,http://ledobvna.yasewanhg.dpdns.org,200,南凌屿,nginx,text/html,48031,"Nginx,jQuery",,942,
http://tiloz.taiyangshen.dpdns.org,http://tiloz.taiyangshen.dpdns.org,200,青辰珩,nginx,text/html,30256,"Nginx,jQuery",,988,
http://lezrxud.goodks.dpdns.org,http://lezrxud.goodks.dpdns.org,200,高判解惑,nginx,text/html,22377,"Bootstrap,Nginx",,1230,
http://pidbbsbr.toopert.dpdns.org,http://pidbbsbr.toopert.dpdns.org,200,辰简川,nginx,text/html,16026,Nginx,,971,
http://ssmyn.boolpfont.dpdns.org,http://ssmyn.boolpfont.dpdns.org,200,撷询解惑,nginx,text/html,21712,Nginx,,1080,
http://vhoza.fooiuoplik.dpdns.org,http://vhoza.fooiuoplik.dpdns.org,200,凌云白,nginx,text/html,28775,"Bootstrap,Nginx,jQuery",,1050,
http://acfank.boolpfont.dpdns.org,http://acfank.boolpfont.dpdns.org,200,随心而叙,nginx,text/html,19014,"Nginx,jQuery",,1126,
http://hmxpdg.soertubn.dpdns.org,http://hmxpdg.soertubn.dpdns.org,200,亦景白,nginx,text/html,36285,Nginx,,1740,
http://mwblwqb.wordres.dpdns.org,http://mwblwqb.wordres.dpdns.org,200,思廓知理,nginx,text/html,33284,"Nginx,WordPress,jQuery",,1154,
http://ykpnffga.duogongneng.dpdns.org,http://ykpnffga.duogongneng.dpdns.org,200,临川,nginx,text/html,30493,Nginx,,1168,
http://iongvg.boolpfont.dpdns.org,http://iongvg.boolpfont.dpdns.org,200,诺清川,nginx,text/html,23216,"Bootstrap,Nginx",,1351,
http://xluppzj.goodks.dpdns.org,http://xluppzj.goodks.dpdns.org,200,星川,nginx,text/html,20841,"Nginx,jQuery",,1179,
http://kzsck.voopliuer.dpdns.org,http://kzsck.voopliuer.dpdns.org,200,理析答疑,nginx,text/html,20415,Nginx,,1117,
http://chodrh.soertubn.dpdns.org,http://chodrh.soertubn.dpdns.org,200,宁答祈,nginx,text/html,28237,"Nginx,jQuery",,1225,
http://vgiweid.soertubn.dpdns.org,http://vgiweid.soertubn.dpdns.org,200,大判解惑,nginx,text/html,35817,"Nginx,jQuery",,952,
http://uefmdy.boolpfont.dpdns.org,http://uefmdy.boolpfont.dpdns.org,200,凌云禾,nginx,text/html,42861,Nginx,,1375,
http://hhfcvrt.fopiloi.dpdns.org,http://hhfcvrt.fopiloi.dpdns.org,200,通识库,nginx,text/html,21231,"Nginx,WordPress,jQuery",,1009,
http://urhhrg.goodks.dpdns.org,http://urhhrg.goodks.dpdns.org,200,清南禾,nginx,text/html,19832,Nginx,,1073,
http://ztquovm.boolpfont.dpdns.org,http://ztquovm.boolpfont.dpdns.org,200,星亦屿,nginx,text/html,26741,"Bootstrap,Nginx",,1475,
http://dgirp.fooiuoplik.dpdns.org,http://dgirp.fooiuoplik.dpdns.org,200,简温人间,nginx,text/html,29007,"Bootstrap,Nginx,jQuery",,1128,
http://xnkqac.rtootsatpeg.dpdns.org,http://xnkqac.rtootsatpeg.dpdns.org,200,清欢问知,nginx,text/html,36695,"Nginx,jQuery",,1272,
http://jaiues.yasewanhg.dpdns.org,http://jaiues.yasewanhg.dpdns.org,200,泽知白,nginx,text/html,47450,"Nginx,jQuery",,1079,
http://ykoqnf.fopiloi.dpdns.org,http://ykoqnf.fopiloi.dpdns.org,200,瞻理解惑,nginx,text/html,22050,"Nginx,WordPress,jQuery",,1152,
http://syvundmf.meitayouha.dpdns.org,http://syvundmf.meitayouha.dpdns.org,200,诺清禾,nginx,text/html,25833,"Bootstrap,Nginx,jQuery",,1457,
http://naljagwh.ftiop.dpdns.org,http://naljagwh.ftiop.dpdns.org,200,衡寻隅,nginx,text/html,34889,"Nginx,jQuery",,1228,
http://jykzur.toopert.dpdns.org,http://jykzur.toopert.dpdns.org,200,元本解惑,nginx,text/html,15955,Nginx,,840,
http://qihnhmta.gpplonert.dpdns.org,http://qihnhmta.gpplonert.dpdns.org,200,诺清川,nginx,text/html,24263,"Nginx,jQuery",,1304,
http://mjeeqwet.yasewanhg.dpdns.org,http://mjeeqwet.yasewanhg.dpdns.org,200,衡简舟,nginx,text/html,48020,"Nginx,jQuery",,850,
http://yxcaelo.meitayouha.dpdns.org,http://yxcaelo.meitayouha.dpdns.org,200,答序库,nginx,text/html,53370,Nginx,,1242,
http://udxbp.fooiuoplik.dpdns.org,http://udxbp.fooiuoplik.dpdns.org,200,景昭珩,nginx,text/html,29280,"Bootstrap,Nginx,jQuery",,832,
http://ntkmr.meitayouha.dpdns.org,http://ntkmr.meitayouha.dpdns.org,200,雨时碎笔,nginx,text/html,51801,Nginx,,1257,
http://afxlxfx.fopiloi.dpdns.org,http://afxlxfx.fopiloi.dpdns.org,200,知屿,nginx,text/html,21960,"Nginx,WordPress,jQuery",,777,
http://pplchxs.goodks.dpdns.org,http://pplchxs.goodks.dpdns.org,200,浅藏温柔,nginx,text/html,53586,"Nginx,jQuery",,2302,
http://kjfywg.taiyangshen.dpdns.org,http://kjfywg.taiyangshen.dpdns.org,200,念遥网,nginx,text/html,29985,"Nginx,jQuery",,860,
http://fcuzzuc.ftiop.dpdns.org,http://fcuzzuc.ftiop.dpdns.org,200,青辰白,nginx,text/html,34741,"Nginx,jQuery",,990,
http://wcouh.yasewanhg.dpdns.org,http://wcouh.yasewanhg.dpdns.org,200,星亦屿,nginx,text/html,47856,"Nginx,jQuery",,709,
http://gebxyunw.yasewanhg.dpdns.org,http://gebxyunw.yasewanhg.dpdns.org,200,精准解惑,nginx,text/html,48095,"Nginx,jQuery",,763,
http://ccmat.yasewanhg.dpdns.org,http://ccmat.yasewanhg.dpdns.org,200,朝雾网,nginx,text/html,46877,"Nginx,jQuery",,721,
http://nycmvvpc.voopliux.dpdns.org,http://nycmvvpc.voopliux.dpdns.org,200,简存温柔随笔,nginx,text/html,28778,"Nginx,jQuery",,838,
http://fnclch.meitayouha.dpdns.org,http://fnclch.meitayouha.dpdns.org,200,诺白,nginx,text/html,41017,"Nginx,jQuery",,828,
http://bhzdu.soertubn.dpdns.org,http://bhzdu.soertubn.dpdns.org,200,个人叙存,nginx,text/html,83897,Nginx,,1083,
http://echro.gpplonert.dpdns.org,http://echro.gpplonert.dpdns.org,200,浅拾时光,nginx,text/html,24431,"Nginx,jQuery",,899,
http://xovnefi.ftiop.dpdns.org,http://xovnefi.ftiop.dpdns.org,200,个人生活叙,nginx,text/html,34616,"Nginx,jQuery",,842,
http://ioqcrxgz.goodks.dpdns.org,http://ioqcrxgz.goodks.dpdns.org,200,本原解惑,nginx,text/html,19518,Nginx,,903,
http://likmcjak.voopliux.dpdns.org,http://likmcjak.voopliux.dpdns.org,200,青辰白,nginx,text/html,28627,"Nginx,jQuery",,865,
http://xvllc.soertubn.dpdns.org,http://xvllc.soertubn.dpdns.org,200,沐珩网,nginx,text/html,29424,"Nginx,jQuery",,865,
http://dsjsksd.fooiuoplik.dpdns.org,http://dsjsksd.fooiuoplik.dpdns.org,200,星川,nginx,text/html,28936,"Bootstrap,Nginx,jQuery",,894,
http://eywmaqlx.meitayouha.dpdns.org,http://eywmaqlx.meitayouha.dpdns.org,200,临泽屿,nginx,text/html,17947,"Bootstrap,Nginx",,822,
http://auhgobsp.taiyangshen.dpdns.org,http://auhgobsp.taiyangshen.dpdns.org,200,新思答疑,nginx,text/html,30707,"Nginx,jQuery",,806,
http://zyfqbb.soertubn.dpdns.org,http://zyfqbb.soertubn.dpdns.org,200,亦景川,nginx,text/html,33409,"Nginx,jQuery",,922,
http://mbgiq.gpplonert.dpdns.org,http://mbgiq.gpplonert.dpdns.org,200,星亦屿,nginx,text/html,24795,"Nginx,jQuery",,911,
http://buweajhv.goodks.dpdns.org,http://buweajhv.goodks.dpdns.org,200,简禾,nginx,text/html,31304,Nginx,,860,
http://mzpbfa.lanshanhu.dpdns.org,http://mzpbfa.lanshanhu.dpdns.org,200,安渡岁月,nginx,text/html,21454,"Nginx,jQuery",,883,
http://trlylhgb.lanshanhu.dpdns.org,http://trlylhgb.lanshanhu.dpdns.org,200,槐序网,nginx,text/html,21389,"Nginx,jQuery",,902,
http://qghrk.soertubn.dpdns.org,http://qghrk.soertubn.dpdns.org,200,南凌川,nginx,text/html,56893,"Nginx,jQuery",,1093,
http://atspaq.duogongneng.dpdns.org,http://atspaq.duogongneng.dpdns.org,200,零碎日常,nginx,text/html,30583,Nginx,,962,
http://lwzyxcvz.taiyangshen.dpdns.org,http://lwzyxcvz.taiyangshen.dpdns.org,200,明澜,nginx,text/html,30199,"Nginx,jQuery",,754,
http://uhyluewt.meitayouha.dpdns.org,http://uhyluewt.meitayouha.dpdns.org,200,泽知隅,nginx,text/html,26663,"Nginx,jQuery",,877,
http://xvgilvkg.voopliux.dpdns.org,http://xvgilvkg.voopliux.dpdns.org,200,临泽舟,nginx,text/html,28652,"Nginx,jQuery",,877,
http://pylgqxzr.meitayouha.dpdns.org,http://pylgqxzr.meitayouha.dpdns.org,200,星亦川,nginx,text/html,31292,Nginx,,871,
http://xwmfda.toopert.dpdns.org,http://xwmfda.toopert.dpdns.org,200,日常温柔集,nginx,text/html,16106,Nginx,,825,
http://ysmhdkws.soertubn.dpdns.org,http://ysmhdkws.soertubn.dpdns.org,200,缓藏时光,nginx,text/html,27325,"Bootstrap,Nginx,jQuery",,825,
http://gjehw.weiyutiop.dpdns.org,http://gjehw.weiyutiop.dpdns.org,200,始网,nginx,text/html,23896,Nginx,,852,
http://sofee.meitayouha.dpdns.org,http://sofee.meitayouha.dpdns.org,200,青辰珩,nginx,text/html,27356,"Bootstrap,Nginx,jQuery",,985,
http://sryblh.meitayouha.dpdns.org,http://sryblh.meitayouha.dpdns.org,200,南凌屿,nginx,text/html,58591,"Nginx,jQuery",,1270,
http://glak.ftiop.dpdns.org,http://glak.ftiop.dpdns.org,200,南凌禾,nginx,text/html,33723,"Nginx,jQuery",,821,
http://hitqrwjv.meitayouha.dpdns.org,http://hitqrwjv.meitayouha.dpdns.org,200,星川,nginx,text/html,26333,"Bootstrap,Nginx",,982,
http://sakeqr.meitayouha.dpdns.org,http://sakeqr.meitayouha.dpdns.org,200,知际汇,nginx,text/html,69957,"Bootstrap,Nginx,jQuery",,1125,
http://ivlim.voopliux.dpdns.org,http://ivlim.voopliux.dpdns.org,200,青辰珩,nginx,text/html,28168,"Nginx,jQuery",,868,
http://laxkqcxb.voopliux.dpdns.org,http://laxkqcxb.voopliux.dpdns.org,200,亦景川,nginx,text/html,28752,"Nginx,jQuery",,892,
http://ldzvozyc.voopliuer.dpdns.org,http://ldzvozyc.voopliuer.dpdns.org,200,问明,nginx,text/html,21038,Nginx,,841,
http://fjayi.ftiop.dpdns.org,http://fjayi.ftiop.dpdns.org,200,理细答疑,nginx,text/html,34523,"Nginx,jQuery",,926,
http://vxunz.fooiuoplik.dpdns.org,http://vxunz.fooiuoplik.dpdns.org,200,静默自持,nginx,text/html,28759,"Bootstrap,Nginx,jQuery",,801,
http://nflgokv.toopert.dpdns.org,http://nflgokv.toopert.dpdns.org,200,基理解惑,nginx,text/html,15585,Nginx,,722,
http://mmqbsg.voopliux.dpdns.org,http://mmqbsg.voopliux.dpdns.org,200,循知解惑,nginx,text/html,28648,"Nginx,jQuery",,931,
https://fsluuo.voopliuer.dpdns.org,https://fsluuo.voopliuer.dpdns.org,200,404 Not Found,nginx,text/html,138,Nginx,,647,
http://hhnfpusa.voopliux.dpdns.org,http://hhnfpusa.voopliux.dpdns.org,200,时光自留馆,nginx,text/html,28816,"Nginx,jQuery",,1062,
https://kycoqmv.duogongneng.dpdns.org,https://kycoqmv.duogongneng.dpdns.org,200,404 Not Found,nginx,text/html,138,Nginx,,704,
http://fawkrm.goodks.dpdns.org,http://fawkrm.goodks.dpdns.org,200,临泽屿,nginx,text/html,30867,Nginx,,876,
http://tgikgdc.soertubn.dpdns.org,http://tgikgdc.soertubn.dpdns.org,200,麓安网,nginx,text/html,27731,"Bootstrap,Nginx",,860,
http://mxzngto.gpplonert.dpdns.org,http://mxzngto.gpplonert.dpdns.org,200,辰简川,nginx,text/html,23192,"Nginx,jQuery",,1052,
http://xhdmixbk.rtootsatpeg.dpdns.org,http://xhdmixbk.rtootsatpeg.dpdns.org,200,拙网,nginx,text/html,38029,"Nginx,jQuery",,1049,
http://cnaxq.taiyangshen.dpdns.org,http://cnaxq.taiyangshen.dpdns.org,200,山野随笔,nginx,text/html,29399,"Nginx,jQuery",,810,
http://glpwssar.soertubn.dpdns.org,http://glpwssar.soertubn.dpdns.org,200,知源问道,nginx,text/html,47527,"Nginx,jQuery",,1005,
http://hhfla.ftiop.dpdns.org,http://hhfla.ftiop.dpdns.org,200,凌云白,nginx,text/html,33674,"Nginx,jQuery",,929,
http://kawhgifr.toopert.dpdns.org,http://kawhgifr.toopert.dpdns.org,200,明策,nginx,text/html,15944,Nginx,,815,
http://vcukddx.boolpfont.dpdns.org,http://vcukddx.boolpfont.dpdns.org,200,南凌屿,nginx,text/html,25574,"Bootstrap,Nginx",,1059,
http://sbjou.ftiop.dpdns.org,http://sbjou.ftiop.dpdns.org,200,青辰白,nginx,text/html,33092,"Nginx,jQuery",,945,
http://esczdb.weiyutiop.dpdns.org,http://esczdb.weiyutiop.dpdns.org,200,人间时光小筑,nginx,text/html,23494,Nginx,,849,
http://ifywhpua.ftiop.dpdns.org,http://ifywhpua.ftiop.dpdns.org,200,景寻,nginx,text/html,33876,"Nginx,jQuery",,954,
http://hknbrehw.rtootsatpeg.dpdns.org,http://hknbrehw.rtootsatpeg.dpdns.org,200,扬断解惑,nginx,text/html,37392,"Nginx,jQuery",,953,
http://ulqak.fooiuoplik.dpdns.org,http://ulqak.fooiuoplik.dpdns.org,200,山野漫记,nginx,text/html,28673,"Bootstrap,Nginx,jQuery",,773,
http://ybajomoj.goodks.dpdns.org,http://ybajomoj.goodks.dpdns.org,200,景昭白,nginx,text/html,32278,"Bootstrap,Nginx,jQuery",,774,
http://tbvmvjw.toopert.dpdns.org,http://tbvmvjw.toopert.dpdns.org,200,景昭珩,nginx,text/html,16209,Nginx,,780,
http://ojqifmc.ftiop.dpdns.org,http://ojqifmc.ftiop.dpdns.org,200,素写流年,nginx,text/html,33715,"Nginx,jQuery",,1043,
http://lpwiij.soertubn.dpdns.org,http://lpwiij.soertubn.dpdns.org,200,流年清欢记,nginx,text/html,71705,Nginx,,1152,
http://jiqats.duogongneng.dpdns.org,http://jiqats.duogongneng.dpdns.org,200,亦景白,nginx,text/html,30258,Nginx,,739,
http://uikhywcd.yasewanhg.dpdns.org,http://uikhywcd.yasewanhg.dpdns.org,200,诺清川,nginx,text/html,48042,"Nginx,jQuery",,766,
http://qaesdp.weiyutiop.dpdns.org,http://qaesdp.weiyutiop.dpdns.org,200,答涧答疑,nginx,text/html,23216,Nginx,,792,
http://irsdvx.duogongneng.dpdns.org,http://irsdvx.duogongneng.dpdns.org,200,闲拾岁月,nginx,text/html,30687,Nginx,,910,
http://hdnrfm.fooiuoplik.dpdns.org,http://hdnrfm.fooiuoplik.dpdns.org,200,青辰川,nginx,text/html,28230,"Bootstrap,Nginx,jQuery",,796,
http://swmxs.sheyedashe.dpdns.org,http://swmxs.sheyedashe.dpdns.org,200,简寻,nginx,text/html,28593,"Nginx,jQuery",,832,
http://eiztwqil.voopliux.dpdns.org,http://eiztwqil.voopliux.dpdns.org,200,缓藏时光,nginx,text/html,28834,"Nginx,jQuery",,863,
http://tpqmztkh.lanshanhu.dpdns.org,http://tpqmztkh.lanshanhu.dpdns.org,200,诺清禾,nginx,text/html,21747,"Nginx,jQuery",,851,
http://gotsay.sheyedashe.dpdns.org,http://gotsay.sheyedashe.dpdns.org,200,疏桐网,nginx,text/html,29346,"Nginx,jQuery",,898,
http://cyclt.voopliuer.dpdns.org,http://cyclt.voopliuer.dpdns.org,200,轻叙浮生,nginx,text/html,20564,Nginx,,873,
http://hfutix.taiyangshen.dpdns.org,http://hfutix.taiyangshen.dpdns.org,200,智隅寻答,nginx,text/html,29985,"Nginx,jQuery",,850,
http://jnrrh.yasewanhg.dpdns.org,http://jnrrh.yasewanhg.dpdns.org,200,问悟,nginx,text/html,47193,"Nginx,jQuery",,940,
http://eijtmu.duogongneng.dpdns.org,http://eijtmu.duogongneng.dpdns.org,200,星亦禾,nginx,text/html,30080,Nginx,,929,
http://mcwupoo.weiyutiop.dpdns.org,http://mcwupoo.weiyutiop.dpdns.org,200,诺川,nginx,text/html,23520,Nginx,,975,
http://sqrou.voopliux.dpdns.org,http://sqrou.voopliux.dpdns.org,200,临泽舟,nginx,text/html,28442,"Nginx,jQuery",,919,
http://voniibva.gpplonert.dpdns.org,http://voniibva.gpplonert.dpdns.org,200,萤网,nginx,text/html,24488,"Nginx,jQuery",,1052,
http://uxjmjbn.boolpfont.dpdns.org,http://uxjmjbn.boolpfont.dpdns.org,200,独记时光温柔,nginx,text/html,22455,"Bootstrap,Nginx",,1011,
http://rpwupdd.voopliux.dpdns.org,http://rpwupdd.voopliux.dpdns.org,200,愁网,nginx,text/html,28119,"Nginx,jQuery",,958,
http://ppvgy.gpplonert.dpdns.org,http://ppvgy.gpplonert.dpdns.org,200,景昭屿,nginx,text/html,24512,"Nginx,jQuery",,1107,
http://mbejx.fopiloi.dpdns.org,http://mbejx.fopiloi.dpdns.org,200,智涧库,nginx,text/html,21910,"Nginx,WordPress,jQuery",,987,
http://lclxdy.toopert.dpdns.org,http://lclxdy.toopert.dpdns.org,200,凌云禾,nginx,text/html,16337,Nginx,,894,
http://wlcvfksb.voopliux.dpdns.org,http://wlcvfksb.voopliux.dpdns.org,200,众答解惑,nginx,text/html,28350,"Nginx,jQuery",,907,
http://rnaoiw.rtootsatpeg.dpdns.org,http://rnaoiw.rtootsatpeg.dpdns.org,200,安然时光,nginx,text/html,37520,"Nginx,jQuery",,1191,
http://yoeansa.sheyedashe.dpdns.org,http://yoeansa.sheyedashe.dpdns.org,200,平问智,nginx,text/html,29429,"Nginx,jQuery",,965,
http://qtbeb.taiyangshen.dpdns.org,http://qtbeb.taiyangshen.dpdns.org,200,简寻,nginx,text/html,30185,"Nginx,jQuery",,942,
http://fxtbxvq.fopiloi.dpdns.org,http://fxtbxvq.fopiloi.dpdns.org,200,凌云禾,nginx,text/html,21743,"Nginx,WordPress,jQuery",,898,
http://whblmppd.meitayouha.dpdns.org,http://whblmppd.meitayouha.dpdns.org,200,景昭珩,nginx,text/html,25554,Nginx,,984,
http://vhfudgac.yasewanhg.dpdns.org,http://vhfudgac.yasewanhg.dpdns.org,200,诺川,nginx,text/html,47543,"Nginx,jQuery",,1032,
http://vovee.rtootsatpeg.dpdns.org,http://vovee.rtootsatpeg.dpdns.org,200,沐珩,nginx,text/html,37680,"Nginx,jQuery",,1106,
http://kvovkbir.meitayouha.dpdns.org,http://kvovkbir.meitayouha.dpdns.org,200,南凌屿,nginx,text/html,32653,Nginx,,1035,
http://mhwbti.soertubn.dpdns.org,http://mhwbti.soertubn.dpdns.org,200,亦景白,nginx,text/html,31128,"Bootstrap,Nginx",,1045,
http://hfgja.boolpfont.dpdns.org,http://hfgja.boolpfont.dpdns.org,200,诺清川,nginx,text/html,26585,"Bootstrap,Nginx",,1149,
http://paesok.sheyedashe.dpdns.org,http://paesok.sheyedashe.dpdns.org,200,星亦禾,nginx,text/html,28933,"Nginx,jQuery",,931,
http://qmyxt.weiyutiop.dpdns.org,http://qmyxt.weiyutiop.dpdns.org,200,问屿新知,nginx,text/html,23174,Nginx,,1027,
http://afttt.rtootsatpeg.dpdns.org,http://afttt.rtootsatpeg.dpdns.org,200,星亦川,nginx,text/html,38003,"Nginx,jQuery",,1098,
http://spunvg.soertubn.dpdns.org,http://spunvg.soertubn.dpdns.org,200,修德解惑,nginx,text/html,48358,"Nginx,jQuery",,1358,
http://eggfxes.gpplonert.dpdns.org,http://eggfxes.gpplonert.dpdns.org,200,人间清欢录,nginx,text/html,24761,"Nginx,jQuery",,1195,
http://sumdr.wordres.dpdns.org,http://sumdr.wordres.dpdns.org,200,温柔慢渡,nginx,text/html,32583,"Nginx,WordPress,jQuery",,979,
http://dfirpp.yasewanhg.dpdns.org,http://dfirpp.yasewanhg.dpdns.org,200,静网,nginx,text/html,48183,"Nginx,jQuery",,946,
http://anroxv.yasewanhg.dpdns.org,http://anroxv.yasewanhg.dpdns.org,200,星亦禾,nginx,text/html,47281,"Nginx,jQuery",,1003,
http://yxheavyx.toopert.dpdns.org,http://yxheavyx.toopert.dpdns.org,200,泽知珩,nginx,text/html,16094,Nginx,,930,
http://oqqplte.ftiop.dpdns.org,http://oqqplte.ftiop.dpdns.org,200,亦景白,nginx,text/html,35088,"Nginx,jQuery",,1267,
http://qptrr.lanshanhu.dpdns.org,http://qptrr.lanshanhu.dpdns.org,200,青辰珩,nginx,text/html,21368,"Nginx,jQuery",,1072,
http://iumqku.meitayouha.dpdns.org,http://iumqku.meitayouha.dpdns.org,200,星白,nginx,text/html,22737,"Bootstrap,Nginx",,1135,
http://ohbjz.weiyutiop.dpdns.org,http://ohbjz.weiyutiop.dpdns.org,200,温网,nginx,text/html,23129,Nginx,,1001,
http://uohyn.lanshanhu.dpdns.org,http://uohyn.lanshanhu.dpdns.org,200,景珩,nginx,text/html,21016,"Nginx,jQuery",,1116,
http://mlfee.meitayouha.dpdns.org,http://mlfee.meitayouha.dpdns.org,200,秒懂解惑,nginx,text/html,21695,Nginx,,1217,
http://oxjeif.boolpfont.dpdns.org,http://oxjeif.boolpfont.dpdns.org,200,诺清隅,nginx,text/html,31949,"Nginx,jQuery",,1036,
http://ieowde.soertubn.dpdns.org,http://ieowde.soertubn.dpdns.org,200,简禾,nginx,text/html,36723,"Nginx,jQuery",,986,
http://ethjb.soertubn.dpdns.org,http://ethjb.soertubn.dpdns.org,200,昭青舟,nginx,text/html,17325,"Nginx,jQuery",,1000,
http://rscun.toopert.dpdns.org,http://rscun.toopert.dpdns.org,200,麦网,nginx,text/html,15542,Nginx,,820,
http://tlepcp.boolpfont.dpdns.org,http://tlepcp.boolpfont.dpdns.org,200,清南隅,nginx,text/html,26162,"Bootstrap,Nginx",,1116,
http://fdjto.goodks.dpdns.org,http://fdjto.goodks.dpdns.org,200,夕网,nginx,text/html,21201,"Bootstrap,Nginx,jQuery",,1118,
http://wgalfir.ftiop.dpdns.org,http://wgalfir.ftiop.dpdns.org,200,南凌川,nginx,text/html,33906,"Nginx,jQuery",,1104,
http://ffxwipay.yasewanhg.dpdns.org,http://ffxwipay.yasewanhg.dpdns.org,200,思隅问答,nginx,text/html,47582,"Nginx,jQuery",,930,
http://itemm.meitayouha.dpdns.org,http://itemm.meitayouha.dpdns.org,200,浅藏温柔,nginx,text/html,31831,"Bootstrap,Nginx",,980,
http://hstgoxpq.voopliux.dpdns.org,http://hstgoxpq.voopliux.dpdns.org,200,朝岚纪事,nginx,text/html,28813,"Nginx,jQuery",,952,
http://feavch.boolpfont.dpdns.org,http://feavch.boolpfont.dpdns.org,200,闲叙晚风,nginx,text/html,25678,"Bootstrap,Nginx",,1046,
http://uclmheo.fooiuoplik.dpdns.org,http://uclmheo.fooiuoplik.dpdns.org,200,孤网,nginx,text/html,28560,"Bootstrap,Nginx,jQuery",,802,
http://ywbwiz.yasewanhg.dpdns.org,http://ywbwiz.yasewanhg.dpdns.org,200,浅书人间,nginx,text/html,47593,"Nginx,jQuery",,766,
http://qjottyxa.rtootsatpeg.dpdns.org,http://qjottyxa.rtootsatpeg.dpdns.org,200,星月温柔札,nginx,text/html,37174,"Nginx,jQuery",,1159,
http://tcburhnw.gpplonert.dpdns.org,http://tcburhnw.gpplonert.dpdns.org,200,晴光手记,nginx,text/html,24980,"Nginx,jQuery",,886,
http://ahgwm.gpplonert.dpdns.org,http://ahgwm.gpplonert.dpdns.org,200,诺清隅,nginx,text/html,24542,"Nginx,jQuery",,932,
http://bkbll.fooiuoplik.dpdns.org,http://bkbll.fooiuoplik.dpdns.org,200,叙简川,nginx,text/html,29323,"Bootstrap,Nginx,jQuery",,777,
http://pheud.weiyutiop.dpdns.org,http://pheud.weiyutiop.dpdns.org,200,浮生温笔,nginx,text/html,23412,Nginx,,810,
http://mwsxtsw.goodks.dpdns.org,http://mwsxtsw.goodks.dpdns.org,200,凌云禾,nginx,text/html,25691,"Nginx,jQuery",,797,
http://iwskrq.ftiop.dpdns.org,http://iwskrq.ftiop.dpdns.org,200,诺隅,nginx,text/html,34278,"Nginx,jQuery",,820,
http://hfcolyw.soertubn.dpdns.org,http://hfcolyw.soertubn.dpdns.org,200,扬知阁,nginx,text/html,46700,"Nginx,jQuery",,1355,
http://avzjzk.yasewanhg.dpdns.org,http://avzjzk.yasewanhg.dpdns.org,200,诺清隅,nginx,text/html,48408,"Nginx,jQuery",,780,
http://kdhfqphs.sheyedashe.dpdns.org,http://kdhfqphs.sheyedashe.dpdns.org,200,亦景川,nginx,text/html,29476,"Nginx,jQuery",,812,
http://mcxnr.fooiuoplik.dpdns.org,http://mcxnr.fooiuoplik.dpdns.org,200,南凌川,nginx,text/html,29062,"Bootstrap,Nginx,jQuery",,822,
http://sndbb.toopert.dpdns.org,http://sndbb.toopert.dpdns.org,200,青寻,nginx,text/html,16457,Nginx,,753,
http://aotnotvt.sheyedashe.dpdns.org,http://aotnotvt.sheyedashe.dpdns.org,200,念遥网,nginx,text/html,30524,"Nginx,jQuery",,917,
http://psfiwv.goodks.dpdns.org,http://psfiwv.goodks.dpdns.org,200,星亦川,nginx,text/html,26941,"Nginx,jQuery",,943,
http://oklosgg.voopliuer.dpdns.org,http://oklosgg.voopliuer.dpdns.org,200,悟网,nginx,text/html,20412,Nginx,,827,
http://hvlrtx.voopliux.dpdns.org,http://hvlrtx.voopliux.dpdns.org,200,安静自持,nginx,text/html,28733,"Nginx,jQuery",,945,
http://vbmdiufr.meitayouha.dpdns.org,http://vbmdiufr.meitayouha.dpdns.org,200,临泽珩,nginx,text/html,124462,Nginx,,1187,
http://bihlzxf.voopliux.dpdns.org,http://bihlzxf.voopliux.dpdns.org,200,知寻,nginx,text/html,28808,"Nginx,jQuery",,916,
http://lecmmr.duogongneng.dpdns.org,http://lecmmr.duogongneng.dpdns.org,200,生活解惑,nginx,text/html,30639,Nginx,,817,
http://lpopq.voopliuer.dpdns.org,http://lpopq.voopliuer.dpdns.org,200,清南隅,nginx,text/html,20645,Nginx,,830,
http://qnpnb.soertubn.dpdns.org,http://qnpnb.soertubn.dpdns.org,200,自我叙写,nginx,text/html,24865,"Bootstrap,Nginx",,904,
http://vhbqrg.gpplonert.dpdns.org,http://vhbqrg.gpplonert.dpdns.org,200,南凌禾,nginx,text/html,24003,"Nginx,jQuery",,882,
http://mxozwqky.soertubn.dpdns.org,http://mxozwqky.soertubn.dpdns.org,200,南珩,nginx,text/html,29049,"Nginx,jQuery",,945,
http://wafpa.rtootsatpeg.dpdns.org,http://wafpa.rtootsatpeg.dpdns.org,200,景昭白,nginx,text/html,37394,"Nginx,jQuery",,1048,
http://hairfy.taiyangshen.dpdns.org,http://hairfy.taiyangshen.dpdns.org,200,星亦川,nginx,text/html,30217,"Nginx,jQuery",,815,
http://apibadz.soertubn.dpdns.org,http://apibadz.soertubn.dpdns.org,200,星亦屿,nginx,text/html,30769,"Bootstrap,Nginx,jQuery",,880,
http://ncppuvrb.boolpfont.dpdns.org,http://ncppuvrb.boolpfont.dpdns.org,200,潇网,nginx,text/html,25087,Nginx,,795,
http://lgorxge.goodks.dpdns.org,http://lgorxge.goodks.dpdns.org,200,青辰川,nginx,text/html,35528,Nginx,,1348,
http://zwfjkhzp.wordres.dpdns.org,http://zwfjkhzp.wordres.dpdns.org,200,叙简珩,nginx,text/html,32872,"Nginx,WordPress,jQuery",,856,
http://ikizz.weiyutiop.dpdns.org,http://ikizz.weiyutiop.dpdns.org,200,温拥人间,nginx,text/html,23410,Nginx,,892,
http://qiyqbcr.wordres.dpdns.org,http://qiyqbcr.wordres.dpdns.org,200,临泽珩,nginx,text/html,33194,"Nginx,WordPress,jQuery",,776,
http://ccesysi.toopert.dpdns.org,http://ccesysi.toopert.dpdns.org,200,研思问答,nginx,text/html,16163,Nginx,,757,
http://zjaqr.sheyedashe.dpdns.org,http://zjaqr.sheyedashe.dpdns.org,200,静拾温柔,nginx,text/html,28535,"Nginx,jQuery",,806,
http://fppty.fooiuoplik.dpdns.org,http://fppty.fooiuoplik.dpdns.org,200,青辰白,nginx,text/html,28771,"Bootstrap,Nginx,jQuery",,739,
http://zuhqbx.soertubn.dpdns.org,http://zuhqbx.soertubn.dpdns.org,200,景昭屿,nginx,text/html,23088,Nginx,,796,
http://sshbe.weiyutiop.dpdns.org,http://sshbe.weiyutiop.dpdns.org,200,南川,nginx,text/html,23035,Nginx,,775,
http://aodqxcec.meitayouha.dpdns.org,http://aodqxcec.meitayouha.dpdns.org,200,清醒温柔,nginx,text/html,28576,"Nginx,jQuery",,784,
http://mbbkyrn.lanshanhu.dpdns.org,http://mbbkyrn.lanshanhu.dpdns.org,200,星白,nginx,text/html,21696,"Nginx,jQuery",,805,
http://izlgvo.meitayouha.dpdns.org,http://izlgvo.meitayouha.dpdns.org,200,叙简川,nginx,text/html,28421,"Bootstrap,Nginx",,810,
http://lgkwl.meitayouha.dpdns.org,http://lgkwl.meitayouha.dpdns.org,200,诺清川,nginx,text/html,69008,"Bootstrap,Nginx,jQuery",,1172,
http://wlwafuq.weiyutiop.dpdns.org,http://wlwafuq.weiyutiop.dpdns.org,200,衡寻珩,nginx,text/html,23498,Nginx,,819,
http://wutrq.ftiop.dpdns.org,http://wutrq.ftiop.dpdns.org,200,众询解惑,nginx,text/html,33628,"Nginx,jQuery",,808,
http://cizifplu.fopiloi.dpdns.org,http://cizifplu.fopiloi.dpdns.org,200,静记流年,nginx,text/html,21910,"Nginx,WordPress,jQuery",,715,
http://ndtez.lanshanhu.dpdns.org,http://ndtez.lanshanhu.dpdns.org,200,叙简白,nginx,text/html,21172,"Nginx,jQuery",,816,
http://knxptoi.ftiop.dpdns.org,http://knxptoi.ftiop.dpdns.org,200,顾辨解惑,nginx,text/html,33774,"Nginx,jQuery",,825,
http://avasaw.rtootsatpeg.dpdns.org,http://avasaw.rtootsatpeg.dpdns.org,200,叙简白,nginx,text/html,37154,"Nginx,jQuery",,914,
http://heuqfghs.voopliux.dpdns.org,http://heuqfghs.voopliux.dpdns.org,200,凌云白,nginx,text/html,28817,"Nginx,jQuery",,779,
http://cmmkldh.soertubn.dpdns.org,http://cmmkldh.soertubn.dpdns.org,200,答涧答疑,nginx,text/html,30973,"Bootstrap,Nginx,jQuery",,785,
http://nvwqvguk.taiyangshen.dpdns.org,http://nvwqvguk.taiyangshen.dpdns.org,200,弘理解惑,nginx,text/html,30378,"Nginx,jQuery",,731,
http://refknika.ftiop.dpdns.org,http://refknika.ftiop.dpdns.org,200,亦景川,nginx,text/html,34560,"Nginx,jQuery",,838,
http://dscwwr.lanshanhu.dpdns.org,http://dscwwr.lanshanhu.dpdns.org,200,普惠解惑,nginx,text/html,21500,"Nginx,jQuery",,794,
http://xlytl.taiyangshen.dpdns.org,http://xlytl.taiyangshen.dpdns.org,200,青禾,nginx,text/html,29858,"Nginx,jQuery",,819,
http://niqds.lanshanhu.dpdns.org,http://niqds.lanshanhu.dpdns.org,200,凌云川,nginx,text/html,21815,"Nginx,jQuery",,776,
http://ntsrbdeu.duogongneng.dpdns.org,http://ntsrbdeu.duogongneng.dpdns.org,200,轩网,nginx,text/html,30323,Nginx,,802,
http://qcejtp.wordres.dpdns.org,http://qcejtp.wordres.dpdns.org,200,亦叙隅,nginx,text/html,33086,"Nginx,WordPress,jQuery",,768,
http://uyypnfgf.lanshanhu.dpdns.org,http://uyypnfgf.lanshanhu.dpdns.org,200,问析答疑,nginx,text/html,21260,"Nginx,jQuery",,908,
http://uvesqmb.fopiloi.dpdns.org,http://uvesqmb.fopiloi.dpdns.org,200,南凌屿,nginx,text/html,21837,"Nginx,WordPress,jQuery",,739,
http://hrfzjbzx.yasewanhg.dpdns.org,http://hrfzjbzx.yasewanhg.dpdns.org,200,岁月慢行随笔,nginx,text/html,48628,"Nginx,jQuery",,733,
http://jqvzlvej.voopliuer.dpdns.org,http://jqvzlvej.voopliuer.dpdns.org,200,泉网,nginx,text/html,21066,Nginx,,777,
http://ewisz.fooiuoplik.dpdns.org,http://ewisz.fooiuoplik.dpdns.org,200,叙简白,nginx,text/html,28631,"Bootstrap,Nginx,jQuery",,778,
http://xyigvitb.taiyangshen.dpdns.org,http://xyigvitb.taiyangshen.dpdns.org,200,临屿,nginx,text/html,30240,"Nginx,jQuery",,717,
http://eocdahdq.soertubn.dpdns.org,http://eocdahdq.soertubn.dpdns.org,200,诺川,nginx,text/html,26201,"Nginx,jQuery",,785,
http://ofgnxg.rtootsatpeg.dpdns.org,http://ofgnxg.rtootsatpeg.dpdns.org,200,星亦禾,nginx,text/html,38120,"Nginx,jQuery",,959,
http://sguewe.wordres.dpdns.org,http://sguewe.wordres.dpdns.org,200,星珩,nginx,text/html,33144,"Nginx,WordPress,jQuery",,764,
http://bpywf.weiyutiop.dpdns.org,http://bpywf.weiyutiop.dpdns.org,200,叙简川,nginx,text/html,22957,Nginx,,805,
http://zwaxrbjv.fooiuoplik.dpdns.org,http://zwaxrbjv.fooiuoplik.dpdns.org,200,诺清禾,nginx,text/html,29146,"Bootstrap,Nginx,jQuery",,806,
http://okhdqd.taiyangshen.dpdns.org,http://okhdqd.taiyangshen.dpdns.org,200,清南隅,nginx,text/html,30422,"Nginx,jQuery",,2409,
http://pqiqqvp.weiyutiop.dpdns.org,http://pqiqqvp.weiyutiop.dpdns.org,200,叙简白,nginx,text/html,23444,Nginx,,783,
http://jmpdyhx.gpplonert.dpdns.org,http://jmpdyhx.gpplonert.dpdns.org,200,简约纪事,nginx,text/html,24729,"Nginx,jQuery",,943,
http://ctialzlc.goodks.dpdns.org,http://ctialzlc.goodks.dpdns.org,200,秒懂解惑,nginx,text/html,24364,"Bootstrap,Nginx",,799,
http://gzznqka.wordres.dpdns.org,http://gzznqka.wordres.dpdns.org,200,星澜网,nginx,text/html,32906,"Nginx,WordPress,jQuery",,2485,
http://ymonnp.lanshanhu.dpdns.org,http://ymonnp.lanshanhu.dpdns.org,200,清静岁月,nginx,text/html,21276,"Nginx,jQuery",,745,
http://fwnbctnq.wordres.dpdns.org,http://fwnbctnq.wordres.dpdns.org,200,清南屿,nginx,text/html,33113,"Nginx,WordPress,jQuery",,781,
http://koscalv.taiyangshen.dpdns.org,http://koscalv.taiyangshen.dpdns.org,200,汇总解惑,nginx,text/html,30571,"Nginx,jQuery",,779,
http://nawhvk.sheyedashe.dpdns.org,http://nawhvk.sheyedashe.dpdns.org,200,凌云川,nginx,text/html,29344,"Nginx,jQuery",,804,
http://qnjhpre.lanshanhu.dpdns.org,http://qnjhpre.lanshanhu.dpdns.org,200,悟网,nginx,text/html,21403,"Nginx,jQuery",,880,
http://tfmxayz.taiyangshen.dpdns.org,http://tfmxayz.taiyangshen.dpdns.org,200,青辰珩,nginx,text/html,30428,"Nginx,jQuery",,785,
http://wlznqaku.fooiuoplik.dpdns.org,http://wlznqaku.fooiuoplik.dpdns.org,200,景昭白,nginx,text/html,28928,"Bootstrap,Nginx,jQuery",,847,
http://ezaczfmk.lanshanhu.dpdns.org,http://ezaczfmk.lanshanhu.dpdns.org,200,求真解惑,nginx,text/html,21710,"Nginx,jQuery",,849,
http://pbeqmzt.wordres.dpdns.org,http://pbeqmzt.wordres.dpdns.org,200,执网,nginx,text/html,33204,"Nginx,WordPress,jQuery",,819,
http://nxhrhx.voopliux.dpdns.org,http://nxhrhx.voopliux.dpdns.org,200,诺清禾,nginx,text/html,28623,"Nginx,jQuery",,830,
http://juxzg.yasewanhg.dpdns.org,http://juxzg.yasewanhg.dpdns.org,200,慢藏烟火,nginx,text/html,46915,"Nginx,jQuery",,798,
http://nagfc.toopert.dpdns.org,http://nagfc.toopert.dpdns.org,200,星屿,nginx,text/html,16243,Nginx,,795,
http://lchir.soertubn.dpdns.org,http://lchir.soertubn.dpdns.org,200,流年清欢记,nginx,text/html,72135,Nginx,,2893,
http://qyspxvp.ftiop.dpdns.org,http://qyspxvp.ftiop.dpdns.org,200,简约流年,nginx,text/html,33269,"Nginx,jQuery",,934,
http://kjxssumg.taiyangshen.dpdns.org,http://kjxssumg.taiyangshen.dpdns.org,200,诺珩,nginx,text/html,29748,"Nginx,jQuery",,803,
http://yxylejg.soertubn.dpdns.org,http://yxylejg.soertubn.dpdns.org,200,桃网,nginx,text/html,21503,"Bootstrap,Nginx,jQuery",,736,
http://jbuee.sheyedashe.dpdns.org,http://jbuee.sheyedashe.dpdns.org,200,问隐答疑,nginx,text/html,28709,"Nginx,jQuery",,918,
http://svgcabc.voopliux.dpdns.org,http://svgcabc.voopliux.dpdns.org,200,复辨解惑,nginx,text/html,28730,"Nginx,jQuery",,971,
http://jnwvfcfq.yasewanhg.dpdns.org,http://jnwvfcfq.yasewanhg.dpdns.org,200,送网,nginx,text/html,47856,"Nginx,jQuery",,837,
http://ioascaz.taiyangshen.dpdns.org,http://ioascaz.taiyangshen.dpdns.org,200,亦景屿,nginx,text/html,30315,"Nginx,jQuery",,812,
http://wwnxy.yasewanhg.dpdns.org,http://wwnxy.yasewanhg.dpdns.org,200,晚风日记本,nginx,text/html,46894,"Nginx,jQuery",,1808,
http://puwmhue.boolpfont.dpdns.org,http://puwmhue.boolpfont.dpdns.org,200,桃笺网,nginx,text/html,29619,"Bootstrap,Nginx,jQuery",,776,
http://aikbe.wordres.dpdns.org,http://aikbe.wordres.dpdns.org,200,基判解惑,nginx,text/html,33061,"Nginx,WordPress,jQuery",,858,
http://nksti.yasewanhg.dpdns.org,http://nksti.yasewanhg.dpdns.org,200,临泽舟,nginx,text/html,47289,"Nginx,jQuery",,730,
http://itbis.lanshanhu.dpdns.org,http://itbis.lanshanhu.dpdns.org,200,诺清川,nginx,text/html,21109,"Nginx,jQuery",,845,
http://kqiag.gpplonert.dpdns.org,http://kqiag.gpplonert.dpdns.org,200,景珩,nginx,text/html,24879,"Nginx,jQuery",,915,
http://prbbt.toopert.dpdns.org,http://prbbt.toopert.dpdns.org,200,思解,nginx,text/html,16426,Nginx,,709,
http://ycirkoh.voopliuer.dpdns.org,http://ycirkoh.voopliuer.dpdns.org,200,景白,nginx,text/html,21169,Nginx,,780,
http://qqwaqq.boolpfont.dpdns.org,http://qqwaqq.boolpfont.dpdns.org,200,景白,nginx,text/html,23065,"Nginx,jQuery",,922,
http://drqlp.voopliuer.dpdns.org,http://drqlp.voopliuer.dpdns.org,200,知寻,nginx,text/html,20114,Nginx,,835,
http://acupbfb.gpplonert.dpdns.org,http://acupbfb.gpplonert.dpdns.org,200,安静时光,nginx,text/html,24218,"Nginx,jQuery",,890,
http://gspvmwrl.fooiuoplik.dpdns.org,http://gspvmwrl.fooiuoplik.dpdns.org,200,临泽珩,nginx,text/html,28566,"Bootstrap,Nginx,jQuery",,755,
http://ikbvf.weiyutiop.dpdns.org,http://ikbvf.weiyutiop.dpdns.org,200,简隅,nginx,text/html,23102,Nginx,,845,
http://ohcgpjfz.duogongneng.dpdns.org,http://ohcgpjfz.duogongneng.dpdns.org,200,景昭珩,nginx,text/html,30375,Nginx,,833,
http://nfdap.soertubn.dpdns.org,http://nfdap.soertubn.dpdns.org,200,问穆,nginx,text/html,34674,"Nginx,jQuery",,841,
http://nvzhd.voopliux.dpdns.org,http://nvzhd.voopliux.dpdns.org,200,问廓库,nginx,text/html,28576,"Nginx,jQuery",,816,
http://frkbw.toopert.dpdns.org,http://frkbw.toopert.dpdns.org,200,览网,nginx,text/html,15864,Nginx,,714,
http://zennic.wordres.dpdns.org,http://zennic.wordres.dpdns.org,200,临珩,nginx,text/html,32870,"Nginx,WordPress,jQuery",,851,
http://notxpo.gpplonert.dpdns.org,http://notxpo.gpplonert.dpdns.org,200,青珩,nginx,text/html,24481,"Nginx,jQuery",,902,
http://vgefdd.voopliuer.dpdns.org,http://vgefdd.voopliuer.dpdns.org,200,南凌禾,nginx,text/html,21018,Nginx,,950,
http://mdqusdm.meitayouha.dpdns.org,http://mdqusdm.meitayouha.dpdns.org,200,临泽舟,nginx,text/html,26061,"Bootstrap,Nginx",,837,
http://cwpflw.wordres.dpdns.org,http://cwpflw.wordres.dpdns.org,200,凌云白,nginx,text/html,33049,"Nginx,WordPress,jQuery",,780,
http://byqirvbe.soertubn.dpdns.org,http://byqirvbe.soertubn.dpdns.org,200,闲写时光,nginx,text/html,49998,"Nginx,jQuery",,1015,
http://umqyfv.fooiuoplik.dpdns.org,http://umqyfv.fooiuoplik.dpdns.org,200,览网,nginx,text/html,28154,"Bootstrap,Nginx,jQuery",,767,
http://rvfryg.lanshanhu.dpdns.org,http://rvfryg.lanshanhu.dpdns.org,200,南凌禾,nginx,text/html,21439,"Nginx,jQuery",,880,
http://fzneg.sheyedashe.dpdns.org,http://fzneg.sheyedashe.dpdns.org,200,凌云白,nginx,text/html,28563,"Nginx,jQuery",,834,
http://veiunec.wordres.dpdns.org,http://veiunec.wordres.dpdns.org,200,青辰珩,nginx,text/html,33195,"Nginx,WordPress,jQuery",,854,
http://oqiuhr.duogongneng.dpdns.org,http://oqiuhr.duogongneng.dpdns.org,200,凌云禾,nginx,text/html,29944,Nginx,,854,
http://lojkjacx.wordres.dpdns.org,http://lojkjacx.wordres.dpdns.org,200,南凌川,nginx,text/html,32814,"Nginx,WordPress,jQuery",,797,
http://smugluy.goodks.dpdns.org,http://smugluy.goodks.dpdns.org,200,万物答疑,nginx,text/html,21485,"Nginx,jQuery",,833,
http://srsagj.rtootsatpeg.dpdns.org,http://srsagj.rtootsatpeg.dpdns.org,200,昭青舟,nginx,text/html,37660,"Nginx,jQuery",,952,
http://td.taiyangshen.dpdns.org,http://td.taiyangshen.dpdns.org,200,叙简白,nginx,text/html,29549,"Nginx,jQuery",,899,
http://ajstmqx.soertubn.dpdns.org,http://ajstmqx.soertubn.dpdns.org,200,南凌屿,nginx,text/html,24066,"Bootstrap,Nginx",,1319,
http://kwvqiw.rtootsatpeg.dpdns.org,http://kwvqiw.rtootsatpeg.dpdns.org,200,聚询解惑,nginx,text/html,36253,"Nginx,jQuery",,1380,
http://tfotafj.fooiuoplik.dpdns.org,http://tfotafj.fooiuoplik.dpdns.org,200,亦景屿,nginx,text/html,28349,"Bootstrap,Nginx,jQuery",,1109,
http://jxqes.yasewanhg.dpdns.org,http://jxqes.yasewanhg.dpdns.org,200,景昭白,nginx,text/html,47576,"Nginx,jQuery",,1279,
http://nmfms.weiyutiop.dpdns.org,http://nmfms.weiyutiop.dpdns.org,200,临泽屿,nginx,text/html,23119,Nginx,,1264,
http://udazyjc.soertubn.dpdns.org,http://udazyjc.soertubn.dpdns.org,200,青辰白,nginx,text/html,24121,Nginx,,1593,
http://hwulotb.ftiop.dpdns.org,http://hwulotb.ftiop.dpdns.org,200,街网,nginx,text/html,35008,"Nginx,jQuery",,1400,
http://tebpojn.sheyedashe.dpdns.org,http://tebpojn.sheyedashe.dpdns.org,200,慢热纪事,nginx,text/html,28610,"Nginx,jQuery",,1354,
http://wyrzi.yasewanhg.dpdns.org,http://wyrzi.yasewanhg.dpdns.org,200,静书晚风,nginx,text/html,47284,"Nginx,jQuery",,1448,
http://uuzuk.voopliuer.dpdns.org,http://uuzuk.voopliuer.dpdns.org,200,慢记心事,nginx,text/html,20405,Nginx,,1380,
http://ahopk.fooiuoplik.dpdns.org,http://ahopk.fooiuoplik.dpdns.org,200,叙简川,nginx,text/html,28416,"Bootstrap,Nginx,jQuery",,1398,
http://xtlrdle.fopiloi.dpdns.org,http://xtlrdle.fopiloi.dpdns.org,200,星亦川,nginx,text/html,21887,"Nginx,WordPress,jQuery",,1079,
http://asvvvk.duogongneng.dpdns.org,http://asvvvk.duogongneng.dpdns.org,200,叙简川,nginx,text/html,30434,Nginx,,1359,
http://cbkevfoc.duogongneng.dpdns.org,http://cbkevfoc.duogongneng.dpdns.org,200,泽知隅,nginx,text/html,30615,Nginx,,1261,
http://xhpardp.toopert.dpdns.org,http://xhpardp.toopert.dpdns.org,200,随心而叙,nginx,text/html,16153,Nginx,,1270,
http://uywlto.duogongneng.dpdns.org,http://uywlto.duogongneng.dpdns.org,200,人间絮语集,nginx,text/html,30081,Nginx,,1439,
http://ugtfken.sheyedashe.dpdns.org,http://ugtfken.sheyedashe.dpdns.org,200,叙简川,nginx,text/html,28303,"Nginx,jQuery",,1334,
http://oqchaqn.lanshanhu.dpdns.org,http://oqchaqn.lanshanhu.dpdns.org,200,苞网,nginx,text/html,21612,"Nginx,jQuery",,1160,
http://qixauy.wordres.dpdns.org,http://qixauy.wordres.dpdns.org,200,青辰珩,nginx,text/html,33046,"Nginx,WordPress,jQuery",,1192,
http://vtbbjj.sheyedashe.dpdns.org,http://vtbbjj.sheyedashe.dpdns.org,200,青辰白,nginx,text/html,29020,"Nginx,jQuery",,1214,
http://mytaogvt.lanshanhu.dpdns.org,http://mytaogvt.lanshanhu.dpdns.org,200,知渺问答,nginx,text/html,21126,"Nginx,jQuery",,1425,
http://rnjmv.goodks.dpdns.org,http://rnjmv.goodks.dpdns.org,200,儒雅解惑,nginx,text/html,32295,"Bootstrap,Nginx,jQuery",,1341,
http://ghfievm.soertubn.dpdns.org,http://ghfievm.soertubn.dpdns.org,200,景禾,nginx,text/html,30310,Nginx,,1101,
http://qrzuemhh.weiyutiop.dpdns.org,http://qrzuemhh.weiyutiop.dpdns.org,200,临川,nginx,text/html,23752,Nginx,,1244,
http://zwudgw.voopliux.dpdns.org,http://zwudgw.voopliux.dpdns.org,200,凌云白,nginx,text/html,28686,"Nginx,jQuery",,1144,
http://vkgtrm.soertubn.dpdns.org,http://vkgtrm.soertubn.dpdns.org,200,知玄问答,nginx,text/html,28412,"Bootstrap,Nginx",,1619,
http://pbbhr.ftiop.dpdns.org,http://pbbhr.ftiop.dpdns.org,200,人间清欢录,nginx,text/html,34550,"Nginx,jQuery",,1336,
http://bizog.soertubn.dpdns.org,http://bizog.soertubn.dpdns.org,200,诺清禾,nginx,text/html,26604,"Bootstrap,Nginx,jQuery",,1238,
http://gpkjedcw.taiyangshen.dpdns.org,http://gpkjedcw.taiyangshen.dpdns.org,200,风日自渡随笔,nginx,text/html,30518,"Nginx,jQuery",,868,
http://aavcmve.boolpfont.dpdns.org,http://aavcmve.boolpfont.dpdns.org,200,山河温柔叙,nginx,text/html,27845,"Bootstrap,Nginx,jQuery",,952,
http://clyiji.soertubn.dpdns.org,http://clyiji.soertubn.dpdns.org,200,亦景白,nginx,text/html,34568,Nginx,,2232,
http://lkahw.toopert.dpdns.org,http://lkahw.toopert.dpdns.org,200,浮生温笔,nginx,text/html,16089,Nginx,,775,
http://zutcknfz.meitayouha.dpdns.org,http://zutcknfz.meitayouha.dpdns.org,200,疏诺珩,nginx,text/html,18976,"Bootstrap,Nginx",,991,
http://rhwec.taiyangshen.dpdns.org,http://rhwec.taiyangshen.dpdns.org,200,南凌屿,nginx,text/html,30720,"Nginx,jQuery",,958,
http://wpsxnifw.toopert.dpdns.org,http://wpsxnifw.toopert.dpdns.org,200,青衡禾,nginx,text/html,16339,Nginx,,768,
http://kqyph.meitayouha.dpdns.org,http://kqyph.meitayouha.dpdns.org,200,亦景白,nginx,text/html,28721,"Nginx,jQuery",,926,
http://rcupkpoa.rtootsatpeg.dpdns.org,http://rcupkpoa.rtootsatpeg.dpdns.org,200,青辰川,nginx,text/html,37490,"Nginx,jQuery",,984,
http://whqbliyi.boolpfont.dpdns.org,http://whqbliyi.boolpfont.dpdns.org,200,叙简川,nginx,text/html,20141,Nginx,,822,
http://fpfzt.voopliuer.dpdns.org,http://fpfzt.voopliuer.dpdns.org,200,答毫解惑,nginx,text/html,20833,Nginx,,869,
http://scoovgh.fopiloi.dpdns.org,http://scoovgh.fopiloi.dpdns.org,200,诺清禾,nginx,text/html,21660,"Nginx,WordPress,jQuery",,711,
http://wxtrd.gpplonert.dpdns.org,http://wxtrd.gpplonert.dpdns.org,200,沐隅,nginx,text/html,24573,"Nginx,jQuery",,991,
http://hugrobz.rtootsatpeg.dpdns.org,http://hugrobz.rtootsatpeg.dpdns.org,200,凌云白,nginx,text/html,36990,"Nginx,jQuery",,981,
http://xzlqrguv.fooiuoplik.dpdns.org,http://xzlqrguv.fooiuoplik.dpdns.org,200,独处自持,nginx,text/html,28989,"Bootstrap,Nginx,jQuery",,873,
http://vsxdd.yasewanhg.dpdns.org,http://vsxdd.yasewanhg.dpdns.org,200,安瑜网,nginx,text/html,47255,"Nginx,jQuery",,877,
http://bytni.weiyutiop.dpdns.org,http://bytni.weiyutiop.dpdns.org,200,叙简川,nginx,text/html,23131,Nginx,,919,
http://niyszuqq.lanshanhu.dpdns.org,http://niyszuqq.lanshanhu.dpdns.org,200,山水温柔集,nginx,text/html,21232,"Nginx,jQuery",,922,
http://ejewgyj.gpplonert.dpdns.org,http://ejewgyj.gpplonert.dpdns.org,200,星亦屿,nginx,text/html,24224,"Nginx,jQuery",,913,
http://orfcpt.goodks.dpdns.org,http://orfcpt.goodks.dpdns.org,200,临泽舟,nginx,text/html,19149,"Nginx,jQuery",,924,
http://lzdoxphd.weiyutiop.dpdns.org,http://lzdoxphd.weiyutiop.dpdns.org,200,叙简珩,nginx,text/html,23239,Nginx,,1006,
http://dploh.weiyutiop.dpdns.org,http://dploh.weiyutiop.dpdns.org,200,观山随笔,nginx,text/html,23080,Nginx,,963,
http://krdninkn.lanshanhu.dpdns.org,http://krdninkn.lanshanhu.dpdns.org,200,清醒温柔,nginx,text/html,21242,"Nginx,jQuery",,955,
http://ilktwsfx.gpplonert.dpdns.org,http://ilktwsfx.gpplonert.dpdns.org,200,寻光问答,nginx,text/html,24274,"Nginx,jQuery",,1073,
http://ifwcqovy.taiyangshen.dpdns.org,http://ifwcqovy.taiyangshen.dpdns.org,200,沐寻,nginx,text/html,30091,"Nginx,jQuery",,926,
http://abglnpgf.ftiop.dpdns.org,http://abglnpgf.ftiop.dpdns.org,200,知屿,nginx,text/html,33888,"Nginx,jQuery",,1046,
http://etcmses.goodks.dpdns.org,http://etcmses.goodks.dpdns.org,200,凌云川,nginx,text/html,25541,"Nginx,jQuery",,786,
http://bfkjv.duogongneng.dpdns.org,http://bfkjv.duogongneng.dpdns.org,200,槐序网,nginx,text/html,30416,Nginx,,947,
http://pmnoguxe.toopert.dpdns.org,http://pmnoguxe.toopert.dpdns.org,200,星亦川,nginx,text/html,16414,Nginx,,820,
http://asusfu.sheyedashe.dpdns.org,http://asusfu.sheyedashe.dpdns.org,200,闲叙山河,nginx,text/html,28892,"Nginx,jQuery",,953,
http://zadrj.weiyutiop.dpdns.org,http://zadrj.weiyutiop.dpdns.org,200,星亦屿,nginx,text/html,23350,Nginx,,579,
http://hituk.gpplonert.dpdns.org,http://hituk.gpplonert.dpdns.org,200,临泽珩,nginx,text/html,24598,"Nginx,jQuery",,1027,
http://fpidioe.duogongneng.dpdns.org,http://fpidioe.duogongneng.dpdns.org,200,览断解惑,nginx,text/html,30344,Nginx,,968,
http://rbpheok.duogongneng.dpdns.org,http://rbpheok.duogongneng.dpdns.org,200,青辰白,nginx,text/html,30452,Nginx,,850,
http://bcrrli.meitayouha.dpdns.org,http://bcrrli.meitayouha.dpdns.org,200,昭青隅,nginx,text/html,31077,"Bootstrap,Nginx,jQuery",,921,
http://sfdesgm.fopiloi.dpdns.org,http://sfdesgm.fopiloi.dpdns.org,200,诺清川,nginx,text/html,21735,"Nginx,WordPress,jQuery",,871,
http://uksibyx.boolpfont.dpdns.org,http://uksibyx.boolpfont.dpdns.org,200,浮生叙写,nginx,text/html,28234,"Bootstrap,Nginx",,1006,
http://yblkqy.sheyedashe.dpdns.org,http://yblkqy.sheyedashe.dpdns.org,200,安渡岁月,nginx,text/html,28395,"Nginx,jQuery",,776,
http://ad.lanshanhu.dpdns.org,http://ad.lanshanhu.dpdns.org,200,辰简珩,nginx,text/html,21330,"Nginx,jQuery",,870,
http://mccadvtm.yasewanhg.dpdns.org,http://mccadvtm.yasewanhg.dpdns.org,200,问曜,nginx,text/html,47472,"Nginx,jQuery",,817,
http://cmyfhgpm.voopliuer.dpdns.org,http://cmyfhgpm.voopliuer.dpdns.org,200,慢度光阴,nginx,text/html,20850,Nginx,,863,
http://mgmwu.weiyutiop.dpdns.org,http://mgmwu.weiyutiop.dpdns.org,200,诺清禾,nginx,text/html,23083,Nginx,,784,
http://nyzcpknr.toopert.dpdns.org,http://nyzcpknr.toopert.dpdns.org,200,秒答解惑,nginx,text/html,15997,Nginx,,724,
http://ncrjc.boolpfont.dpdns.org,http://ncrjc.boolpfont.dpdns.org,200,安静人间,nginx,text/html,21409,"Nginx,jQuery",,781,
http://vhqprqhv.voopliux.dpdns.org,http://vhqprqhv.voopliux.dpdns.org,200,明临,nginx,text/html,28940,"Nginx,jQuery",,839,
http://vadfv.taiyangshen.dpdns.org,http://vadfv.taiyangshen.dpdns.org,200,凌云禾,nginx,text/html,30231,"Nginx,jQuery",,726,
http://ptvogwe.fooiuoplik.dpdns.org,http://ptvogwe.fooiuoplik.dpdns.org,200,临禾,nginx,text/html,28720,"Bootstrap,Nginx,jQuery",,724,
http://rvpdw.toopert.dpdns.org,http://rvpdw.toopert.dpdns.org,200,凌云川,nginx,text/html,15919,Nginx,,693,
http://lnyzj.fopiloi.dpdns.org,http://lnyzj.fopiloi.dpdns.org,200,南凌川,nginx,text/html,22003,"Nginx,WordPress,jQuery",,720,
http://rsvvhz.boolpfont.dpdns.org,http://rsvvhz.boolpfont.dpdns.org,200,临泽屿,nginx,text/html,48301,"Nginx,jQuery",,1546,
http://riwxr.weiyutiop.dpdns.org,http://riwxr.weiyutiop.dpdns.org,200,温风小记,nginx,text/html,23005,Nginx,,853,
http://ktdobbl.meitayouha.dpdns.org,http://ktdobbl.meitayouha.dpdns.org,200,答析阁,nginx,text/html,25725,"Bootstrap,Nginx",,1499,
http://xjpah.gpplonert.dpdns.org,http://xjpah.gpplonert.dpdns.org,200,无网,nginx,text/html,24626,"Nginx,jQuery",,837,
http://mdfiroy.ftiop.dpdns.org,http://mdfiroy.ftiop.dpdns.org,200,青辰珩,nginx,text/html,34889,"Nginx,jQuery",,836,
http://yuyogiuc.ftiop.dpdns.org,http://yuyogiuc.ftiop.dpdns.org,200,阅理解惑,nginx,text/html,34326,"Nginx,jQuery",,909,
http://gntdl.soertubn.dpdns.org,http://gntdl.soertubn.dpdns.org,200,星亦屿,nginx,text/html,23854,"Nginx,WordPress,jQuery",,807,
http://drjdp.soertubn.dpdns.org,http://drjdp.soertubn.dpdns.org,200,景昭珩,nginx,text/html,29589,"Bootstrap,Nginx,jQuery",,772,
http://vcxrds.soertubn.dpdns.org,http://vcxrds.soertubn.dpdns.org,200,元理解惑,nginx,text/html,20589,Nginx,,759,
http://dmkyded.ftiop.dpdns.org,http://dmkyded.ftiop.dpdns.org,200,日常温柔集,nginx,text/html,34090,"Nginx,jQuery",,881,
http://aqcpuob.rtootsatpeg.dpdns.org,http://aqcpuob.rtootsatpeg.dpdns.org,200,亦景白,nginx,text/html,37696,"Nginx,jQuery",,883,
http://qjrpe.ftiop.dpdns.org,http://qjrpe.ftiop.dpdns.org,200,青辰川,nginx,text/html,34489,"Nginx,jQuery",,819,
http://wpgdc.boolpfont.dpdns.org,http://wpgdc.boolpfont.dpdns.org,200,青辰白,nginx,text/html,30861,"Bootstrap,Nginx,jQuery",,778,
http://cdtpd.sheyedashe.dpdns.org,http://cdtpd.sheyedashe.dpdns.org,200,诺清川,nginx,text/html,28846,"Nginx,jQuery",,783,
http://vuzfaqp.fooiuoplik.dpdns.org,http://vuzfaqp.fooiuoplik.dpdns.org,200,个人流年叙写,nginx,text/html,29528,"Bootstrap,Nginx,jQuery",,755,
http://whxboj.weiyutiop.dpdns.org,http://whxboj.weiyutiop.dpdns.org,200,清简时光,nginx,text/html,22876,Nginx,,760,
http://mzmgqcg.weiyutiop.dpdns.org,http://mzmgqcg.weiyutiop.dpdns.org,200,畅辨解惑,nginx,text/html,23896,Nginx,,738,
http://mnrcne.voopliuer.dpdns.org,http://mnrcne.voopliuer.dpdns.org,200,沐隅,nginx,text/html,20983,Nginx,,849,
http://dkbiku.soertubn.dpdns.org,http://dkbiku.soertubn.dpdns.org,200,临泽屿,nginx,text/html,37649,"Nginx,jQuery",,815,
http://mthrlrnk.toopert.dpdns.org,http://mthrlrnk.toopert.dpdns.org,200,敦网,nginx,text/html,15753,Nginx,,723,
http://iesnqdln.taiyangshen.dpdns.org,http://iesnqdln.taiyangshen.dpdns.org,200,清南隅,nginx,text/html,30344,"Nginx,jQuery",,762,
http://qlutwugy.soertubn.dpdns.org,http://qlutwugy.soertubn.dpdns.org,200,拾光网,nginx,text/html,49091,"Nginx,jQuery",,1220,
http://rnarafap.voopliuer.dpdns.org,http://rnarafap.voopliuer.dpdns.org,200,星月温柔札,nginx,text/html,20716,Nginx,,862,
http://rmogrzt.rtootsatpeg.dpdns.org,http://rmogrzt.rtootsatpeg.dpdns.org,200,览辨解惑,nginx,text/html,37762,"Nginx,jQuery",,971,
http://fdzer.fopiloi.dpdns.org,http://fdzer.fopiloi.dpdns.org,200,临禾,nginx,text/html,21155,"Nginx,WordPress,jQuery",,841,
http://aiadv.gpplonert.dpdns.org,http://aiadv.gpplonert.dpdns.org,200,释网,nginx,text/html,24067,"Nginx,jQuery",,999,
http://xdjywjyz.meitayouha.dpdns.org,http://xdjywjyz.meitayouha.dpdns.org,200,诺清禾,nginx,text/html,22105,"Nginx,jQuery",,771,
http://brtax.soertubn.dpdns.org,http://brtax.soertubn.dpdns.org,200,鉴断解惑,nginx,text/html,25488,"Bootstrap,Nginx",,880,
http://gaeqo.taiyangshen.dpdns.org,http://gaeqo.taiyangshen.dpdns.org,200,景昭屿,nginx,text/html,29864,"Nginx,jQuery",,773,
http://zfehjgi.lanshanhu.dpdns.org,http://zfehjgi.lanshanhu.dpdns.org,200,山野情书,nginx,text/html,21583,"Nginx,jQuery",,828,
http://nzvalxxs.voopliux.dpdns.org,http://nzvalxxs.voopliux.dpdns.org,200,轻藏流年,nginx,text/html,28486,"Nginx,jQuery",,817,
http://sjcfj.yasewanhg.dpdns.org,http://sjcfj.yasewanhg.dpdns.org,200,闲叙山河,nginx,text/html,48079,"Nginx,jQuery",,780,
http://whqax.voopliux.dpdns.org,http://whqax.voopliux.dpdns.org,200,凌云白,nginx,text/html,28526,"Nginx,jQuery",,860,
http://nyzgd.fooiuoplik.dpdns.org,http://nyzgd.fooiuoplik.dpdns.org,200,诺清川,nginx,text/html,28444,"Bootstrap,Nginx,jQuery",,753,
http://ccaqsfqw.boolpfont.dpdns.org,http://ccaqsfqw.boolpfont.dpdns.org,200,闲写岁月,nginx,text/html,124407,Nginx,,1054,
http://jwdlxlx.gpplonert.dpdns.org,http://jwdlxlx.gpplonert.dpdns.org,200,温叙山河,nginx,text/html,24336,"Nginx,jQuery",,934,
http://rekxy.ftiop.dpdns.org,http://rekxy.ftiop.dpdns.org,200,诺白,nginx,text/html,33315,"Nginx,jQuery",,825,
http://znphvhn.toopert.dpdns.org,http://znphvhn.toopert.dpdns.org,200,闲答枢,nginx,text/html,16185,Nginx,,712,
http://vbrsmgc.fooiuoplik.dpdns.org,http://vbrsmgc.fooiuoplik.dpdns.org,200,糕网,nginx,text/html,28554,"Bootstrap,Nginx,jQuery",,850,
http://pbmom.weiyutiop.dpdns.org,http://pbmom.weiyutiop.dpdns.org,200,扬知解惑,nginx,text/html,23168,Nginx,,849,
http://gxfed.voopliuer.dpdns.org,http://gxfed.voopliuer.dpdns.org,200,原网,nginx,text/html,20705,Nginx,,752,
http://teftt.weiyutiop.dpdns.org,http://teftt.weiyutiop.dpdns.org,200,安静自持,nginx,text/html,22911,Nginx,,910,
http://sifrd.toopert.dpdns.org,http://sifrd.toopert.dpdns.org,200,星亦屿,nginx,text/html,16019,Nginx,,727,
http://vgkdxl.lanshanhu.dpdns.org,http://vgkdxl.lanshanhu.dpdns.org,200,星亦川,nginx,text/html,21594,"Nginx,jQuery",,830,
http://bmvkkxqk.fopiloi.dpdns.org,http://bmvkkxqk.fopiloi.dpdns.org,200,青辰珩,nginx,text/html,21574,"Nginx,WordPress,jQuery",,734,
http://sotekb.boolpfont.dpdns.org,http://sotekb.boolpfont.dpdns.org,200,内辨解惑,nginx,text/html,33576,"Nginx,jQuery",,817,
http://mynnn.soertubn.dpdns.org,http://mynnn.soertubn.dpdns.org,200,景昭珩,nginx,text/html,29410,"Nginx,jQuery",,807,
http://immtzl.boolpfont.dpdns.org,http://immtzl.boolpfont.dpdns.org,200,诺清禾,nginx,text/html,28795,"Nginx,jQuery",,913,
http://pwzmkx.soertubn.dpdns.org,http://pwzmkx.soertubn.dpdns.org,200,青辰川,nginx,text/html,43363,Nginx,,803,
http://lujrbf.goodks.dpdns.org,http://lujrbf.goodks.dpdns.org,200,清南屿,nginx,text/html,33978,Nginx,,1246,
http://vouevaxz.soertubn.dpdns.org,http://vouevaxz.soertubn.dpdns.org,200,星亦屿,nginx,text/html,35378,"Nginx,jQuery",,742,
http://srdzs.voopliux.dpdns.org,http://srdzs.voopliux.dpdns.org,200,窗网,nginx,text/html,28209,"Nginx,jQuery",,848,
http://tnaxs.boolpfont.dpdns.org,http://tnaxs.boolpfont.dpdns.org,200,景昭珩,nginx,text/html,48455,"Nginx,jQuery",,987,
http://svabo.voopliux.dpdns.org,http://svabo.voopliux.dpdns.org,200,景昭屿,nginx,text/html,28409,"Nginx,jQuery",,851,
http://cenrr.sheyedashe.dpdns.org,http://cenrr.sheyedashe.dpdns.org,200,星亦禾,nginx,text/html,28578,"Nginx,jQuery",,849,
http://ltvvpvci.boolpfont.dpdns.org,http://ltvvpvci.boolpfont.dpdns.org,200,反断解惑,nginx,text/html,25685,"Bootstrap,Nginx",,919,
http://ggrjq.meitayouha.dpdns.org,http://ggrjq.meitayouha.dpdns.org,200,弈网,nginx,text/html,24667,"Nginx,jQuery",,964,
https://ftdsku.boolpfont.dpdns.org,https://ftdsku.boolpfont.dpdns.org,200,404 Not Found,nginx,text/html,138,Nginx,,630,
https://rphrmfcl.goodks.dpdns.org,https://rphrmfcl.goodks.dpdns.org,200,404 Not Found,nginx,text/html,138,Nginx,,611,
http://uqnadeie.goodks.dpdns.org,http://uqnadeie.goodks.dpdns.org,200,叙简白,nginx,text/html,28780,"Bootstrap,Nginx",,888,
http://ejxdgsdj.duogongneng.dpdns.org,http://ejxdgsdj.duogongneng.dpdns.org,200,平问智,nginx,text/html,30168,Nginx,,943,
http://ewvivyid.lanshanhu.dpdns.org,http://ewvivyid.lanshanhu.dpdns.org,200,翎网,nginx,text/html,21652,"Nginx,jQuery",,832,
http://banybqe.yasewanhg.dpdns.org,http://banybqe.yasewanhg.dpdns.org,200,景昭珩,nginx,text/html,47607,"Nginx,jQuery",,872,
http://xjuawv.boolpfont.dpdns.org,http://xjuawv.boolpfont.dpdns.org,200,亦景川,nginx,text/html,43461,Nginx,,1226,
http://skgogn.wordres.dpdns.org,http://skgogn.wordres.dpdns.org,200,南凌川,nginx,text/html,33052,"Nginx,WordPress,jQuery",,1250,
http://gjelse.duogongneng.dpdns.org,http://gjelse.duogongneng.dpdns.org,200,诺清禾,nginx,text/html,30607,Nginx,,1113,
http://zwsaqn.voopliuer.dpdns.org,http://zwsaqn.voopliuer.dpdns.org,200,茶网,nginx,text/html,20315,Nginx,,1207,
http://fzpqxra.duogongneng.dpdns.org,http://fzpqxra.duogongneng.dpdns.org,200,临泽珩,nginx,text/html,30538,Nginx,,1226,
http://keexo.sheyedashe.dpdns.org,http://keexo.sheyedashe.dpdns.org,200,南珩,nginx,text/html,28354,"Nginx,jQuery",,1271,
http://wiwxwb.voopliux.dpdns.org,http://wiwxwb.voopliux.dpdns.org,200,问屿新知,nginx,text/html,28422,"Nginx,jQuery",,1171,
http://rsrtyjz.toopert.dpdns.org,http://rsrtyjz.toopert.dpdns.org,200,理细答疑,nginx,text/html,16398,Nginx,,1171,
http://htryfy.boolpfont.dpdns.org,http://htryfy.boolpfont.dpdns.org,200,星珩,nginx,text/html,21824,Nginx,,1422,
http://uvepze.meitayouha.dpdns.org,http://uvepze.meitayouha.dpdns.org,200,知玄问答,nginx,text/html,22231,"Bootstrap,Nginx",,1175,
http://mhtijwhs.gpplonert.dpdns.org,http://mhtijwhs.gpplonert.dpdns.org,200,自我流年,nginx,text/html,24147,"Nginx,jQuery",,1217,
http://ywcjaysu.toopert.dpdns.org,http://ywcjaysu.toopert.dpdns.org,200,青辰川,nginx,text/html,16465,Nginx,,1177,
http://exyhcg.duogongneng.dpdns.org,http://exyhcg.duogongneng.dpdns.org,200,知珩,nginx,text/html,30451,Nginx,,1149,
http://jjhuyuzr.weiyutiop.dpdns.org,http://jjhuyuzr.weiyutiop.dpdns.org,200,自写朝夕人间,nginx,text/html,23651,Nginx,,1197,
http://jlqezulv.fopiloi.dpdns.org,http://jlqezulv.fopiloi.dpdns.org,200,南凌禾,nginx,text/html,21825,"Nginx,WordPress,jQuery",,848,
http://phioii.toopert.dpdns.org,http://phioii.toopert.dpdns.org,200,景寻,nginx,text/html,15809,Nginx,,1194,
http://jxiixwi.toopert.dpdns.org,http://jxiixwi.toopert.dpdns.org,200,青寻,nginx,text/html,15901,Nginx,,1062,
http://vtqqli.fopiloi.dpdns.org,http://vtqqli.fopiloi.dpdns.org,200,浅写时光,nginx,text/html,21615,"Nginx,WordPress,jQuery",,1058,
http://cfbhqpc.meitayouha.dpdns.org,http://cfbhqpc.meitayouha.dpdns.org,200,智解,nginx,text/html,35306,Nginx,,1834,
http://pxgmvrw.soertubn.dpdns.org,http://pxgmvrw.soertubn.dpdns.org,200,简温人间,nginx,text/html,21668,"Bootstrap,Nginx,jQuery",,841,
http://fxzbd.taiyangshen.dpdns.org,http://fxzbd.taiyangshen.dpdns.org,200,轻叙日常,nginx,text/html,29864,"Nginx,jQuery",,1080,
http://dqriybwt.lanshanhu.dpdns.org,http://dqriybwt.lanshanhu.dpdns.org,200,景昭屿,nginx,text/html,20613,"Nginx,jQuery",,1172,
http://rcakzcer.lanshanhu.dpdns.org,http://rcakzcer.lanshanhu.dpdns.org,200,临泽舟,nginx,text/html,21574,"Nginx,jQuery",,1291,
http://aceuq.yasewanhg.dpdns.org,http://aceuq.yasewanhg.dpdns.org,200,槐序网,nginx,text/html,47094,"Nginx,jQuery",,1000,
http://cjbcb.meitayouha.dpdns.org,http://cjbcb.meitayouha.dpdns.org,200,知寻,nginx,text/html,21464,"Bootstrap,Nginx",,896,
http://vwyztoc.goodks.dpdns.org,http://vwyztoc.goodks.dpdns.org,200,觅答,nginx,text/html,24234,"Bootstrap,Nginx",,909,
http://nzjfxzhq.goodks.dpdns.org,http://nzjfxzhq.goodks.dpdns.org,200,临泽屿,nginx,text/html,30043,"Bootstrap,Nginx,jQuery",,1023,
http://copueon.goodks.dpdns.org,http://copueon.goodks.dpdns.org,200,素净流年,nginx,text/html,28346,"Nginx,jQuery",,951,
http://ztvdmrod.ftiop.dpdns.org,http://ztvdmrod.ftiop.dpdns.org,200,萤网,nginx,text/html,33877,"Nginx,jQuery",,990,
http://jhajqn.taiyangshen.dpdns.org,http://jhajqn.taiyangshen.dpdns.org,200,问际答疑,nginx,text/html,29996,"Nginx,jQuery",,710,
http://kxeoxwmh.lanshanhu.dpdns.org,http://kxeoxwmh.lanshanhu.dpdns.org,200,蒲生网,nginx,text/html,21025,"Nginx,jQuery",,727,
http://uwgspwa.ftiop.dpdns.org,http://uwgspwa.ftiop.dpdns.org,200,浮生叙写,nginx,text/html,33753,"Nginx,jQuery",,778,
http://ihocp.toopert.dpdns.org,http://ihocp.toopert.dpdns.org,200,浅藏温柔,nginx,text/html,16082,Nginx,,756,
http://mlbibyi.meitayouha.dpdns.org,http://mlbibyi.meitayouha.dpdns.org,200,素白人间,nginx,text/html,19298,"Bootstrap,Nginx",,859,
http://ptofbdu.meitayouha.dpdns.org,http://ptofbdu.meitayouha.dpdns.org,200,静网,nginx,text/html,32531,"Bootstrap,Nginx,jQuery",,752,
http://umbuls.sheyedashe.dpdns.org,http://umbuls.sheyedashe.dpdns.org,200,悟问库,nginx,text/html,28964,"Nginx,jQuery",,842,
http://vhjrt.weiyutiop.dpdns.org,http://vhjrt.weiyutiop.dpdns.org,200,诺清隅,nginx,text/html,23150,Nginx,,756,
http://fgsur.fooiuoplik.dpdns.org,http://fgsur.fooiuoplik.dpdns.org,200,诺清禾,nginx,text/html,29068,"Bootstrap,Nginx,jQuery",,923,
http://zgesglgs.wordres.dpdns.org,http://zgesglgs.wordres.dpdns.org,200,细思答疑,nginx,text/html,32704,"Nginx,WordPress,jQuery",,1493,
http://qwjyacxb.gpplonert.dpdns.org,http://qwjyacxb.gpplonert.dpdns.org,200,业余解惑,nginx,text/html,24253,"Nginx,jQuery",,936,
http://gfxemv.toopert.dpdns.org,http://gfxemv.toopert.dpdns.org,200,闲叙山河,nginx,text/html,16083,Nginx,,729,
http://cvzjkne.ftiop.dpdns.org,http://cvzjkne.ftiop.dpdns.org,200,南凌屿,nginx,text/html,33653,"Nginx,jQuery",,958,
http://zafww.duogongneng.dpdns.org,http://zafww.duogongneng.dpdns.org,200,独记时光温柔,nginx,text/html,30440,Nginx,,749,
http://atmnkev.fooiuoplik.dpdns.org,http://atmnkev.fooiuoplik.dpdns.org,200,星亦禾,nginx,text/html,28271,"Bootstrap,Nginx,jQuery",,793,
http://tianqije.dpdns.org,http://tianqije.dpdns.org,200,轻藏人间,nginx,text/html,21201,"Nginx,WordPress,jQuery",,604,
http://mojlox.boolpfont.dpdns.org,http://mojlox.boolpfont.dpdns.org,200,览知解惑,nginx,text/html,24687,Nginx,,803,
http://taqzp.weiyutiop.dpdns.org,http://taqzp.weiyutiop.dpdns.org,200,星亦川,nginx,text/html,23183,Nginx,,800,
http://inlvpb.yasewanhg.dpdns.org,http://inlvpb.yasewanhg.dpdns.org,200,广判解惑,nginx,text/html,47140,"Nginx,jQuery",,780,
http://weuvr.duogongneng.dpdns.org,http://weuvr.duogongneng.dpdns.org,200,星亦禾,nginx,text/html,30429,Nginx,,813,
http://fwonhpq.gpplonert.dpdns.org,http://fwonhpq.gpplonert.dpdns.org,200,景昭白,nginx,text/html,24282,"Nginx,jQuery",,965,
http://pgetvwq.voopliuer.dpdns.org,http://pgetvwq.voopliuer.dpdns.org,200,酌网,nginx,text/html,21212,Nginx,,820,
http://kyvlmdy.duogongneng.dpdns.org,http://kyvlmdy.duogongneng.dpdns.org,200,睹断解惑,nginx,text/html,30506,Nginx,,878,
http://eujaujj.fooiuoplik.dpdns.org,http://eujaujj.fooiuoplik.dpdns.org,200,溯知解惑,nginx,text/html,28436,"Bootstrap,Nginx,jQuery",,861,
http://hzfvrmt.meitayouha.dpdns.org,http://hzfvrmt.meitayouha.dpdns.org,200,深理解惑,nginx,text/html,22215,"Bootstrap,Nginx,jQuery",,776,
http://zspumtr.yasewanhg.dpdns.org,http://zspumtr.yasewanhg.dpdns.org,200,春网,nginx,text/html,46363,"Nginx,jQuery",,816,
http://cyvdzzs.soertubn.dpdns.org,http://cyvdzzs.soertubn.dpdns.org,200,南凌屿,nginx,text/html,25606,"Bootstrap,Nginx,jQuery",,904,
http://rvmmmmdc.goodks.dpdns.org,http://rvmmmmdc.goodks.dpdns.org,200,诺清禾,nginx,text/html,18083,"Bootstrap,Nginx",,714,
http://tosimufj.soertubn.dpdns.org,http://tosimufj.soertubn.dpdns.org,200,青辰川,nginx,text/html,26205,"Bootstrap,Nginx",,964,
http://yhncn.rtootsatpeg.dpdns.org,http://yhncn.rtootsatpeg.dpdns.org,200,素净随笔,nginx,text/html,36152,"Nginx,jQuery",,929,
http://yxuvtvw.soertubn.dpdns.org,http://yxuvtvw.soertubn.dpdns.org,200,叙简川,nginx,text/html,20812,Nginx,,864,
http://jqglk.taiyangshen.dpdns.org,http://jqglk.taiyangshen.dpdns.org,200,时光存档馆,nginx,text/html,30171,"Nginx,jQuery",,752,
http://nxtjo.meitayouha.dpdns.org,http://nxtjo.meitayouha.dpdns.org,200,景禾,nginx,text/html,130181,Nginx,,2235,
http://vtmii.duogongneng.dpdns.org,http://vtmii.duogongneng.dpdns.org,200,望辨解惑,nginx,text/html,30522,Nginx,,851,
http://tgeio.lanshanhu.dpdns.org,http://tgeio.lanshanhu.dpdns.org,200,岁月慢行随笔,nginx,text/html,21592,"Nginx,jQuery",,748,
http://tpnuwsn.gpplonert.dpdns.org,http://tpnuwsn.gpplonert.dpdns.org,200,昊网,nginx,text/html,24436,"Nginx,jQuery",,829,
http://vclbfi.toopert.dpdns.org,http://vclbfi.toopert.dpdns.org,200,浅藏温柔,nginx,text/html,16101,Nginx,,701,
http://arpocfe.fooiuoplik.dpdns.org,http://arpocfe.fooiuoplik.dpdns.org,200,静写温柔,nginx,text/html,29269,"Bootstrap,Nginx,jQuery",,744,
http://suklrmc.lanshanhu.dpdns.org,http://suklrmc.lanshanhu.dpdns.org,200,诺清隅,nginx,text/html,21660,"Nginx,jQuery",,771,
http://cafse.rtootsatpeg.dpdns.org,http://cafse.rtootsatpeg.dpdns.org,200,南凌屿,nginx,text/html,36067,"Nginx,jQuery",,954,
http://ioznqg.voopliux.dpdns.org,http://ioznqg.voopliux.dpdns.org,200,觅廓库,nginx,text/html,28307,"Nginx,jQuery",,808,
http://swmvcw.rtootsatpeg.dpdns.org,http://swmvcw.rtootsatpeg.dpdns.org,200,简珩,nginx,text/html,37174,"Nginx,jQuery",,871,
http://jgktxua.goodks.dpdns.org,http://jgktxua.goodks.dpdns.org,200,珍藏日常,nginx,text/html,18749,"Bootstrap,Nginx",,732,
http://vuefqjr.gpplonert.dpdns.org,http://vuefqjr.gpplonert.dpdns.org,200,答序问理,nginx,text/html,24550,"Nginx,Vue.js,jQuery",,801,
http://qrhrskx.voopliux.dpdns.org,http://qrhrskx.voopliux.dpdns.org,200,临泽舟,nginx,text/html,28524,"Nginx,jQuery",,834,
http://yruiwg.weiyutiop.dpdns.org,http://yruiwg.weiyutiop.dpdns.org,200,安然自渡,nginx,text/html,23692,Nginx,,719,
http://bkfoc.soertubn.dpdns.org,http://bkfoc.soertubn.dpdns.org,200,云知途,nginx,text/html,25047,"Bootstrap,Nginx",,810,
http://zjwjg.fooiuoplik.dpdns.org,http://zjwjg.fooiuoplik.dpdns.org,200,青禾,nginx,text/html,29346,"Bootstrap,Nginx,jQuery",,744,
http://tianp.taiyangshen.dpdns.org,http://tianp.taiyangshen.dpdns.org,200,山野日常叙,nginx,text/html,29977,"Nginx,jQuery",,757,
http://fhwoaxka.gpplonert.dpdns.org,http://fhwoaxka.gpplonert.dpdns.org,200,静藏日常,nginx,text/html,24986,"Nginx,jQuery",,909,
http://zyxbtf.wordres.dpdns.org,http://zyxbtf.wordres.dpdns.org,200,亦景屿,nginx,text/html,32873,"Nginx,WordPress,jQuery",,791,
http://uhhbspj.soertubn.dpdns.org,http://uhhbspj.soertubn.dpdns.org,200,诺清川,nginx,text/html,23996,"Bootstrap,Nginx",,872,
http://uotphjq.lanshanhu.dpdns.org,http://uotphjq.lanshanhu.dpdns.org,200,南凌屿,nginx,text/html,21143,"Nginx,jQuery",,865,
http://pwxmipdt.lanshanhu.dpdns.org,http://pwxmipdt.lanshanhu.dpdns.org,200,临屿,nginx,text/html,21302,"Nginx,jQuery",,776,
http://mcachiuo.ftiop.dpdns.org,http://mcachiuo.ftiop.dpdns.org,200,鸿知问答,nginx,text/html,33896,"Nginx,jQuery",,836,
http://aocovqlh.fooiuoplik.dpdns.org,http://aocovqlh.fooiuoplik.dpdns.org,200,凌云白,nginx,text/html,29540,"Bootstrap,Nginx,jQuery",,1425,
http://rpcxhi.sheyedashe.dpdns.org,http://rpcxhi.sheyedashe.dpdns.org,200,亦景白,nginx,text/html,28877,"Nginx,jQuery",,839,
http://fdfruzl.goodks.dpdns.org,http://fdfruzl.goodks.dpdns.org,200,诺隅,nginx,text/html,28716,"Bootstrap,Nginx",,824,
http://fzujj.ftiop.dpdns.org,http://fzujj.ftiop.dpdns.org,200,人间温岁集,nginx,text/html,35150,"Nginx,jQuery",,831,
http://hafkqjnj.yasewanhg.dpdns.org,http://hafkqjnj.yasewanhg.dpdns.org,200,阁网,nginx,text/html,48285,"Nginx,jQuery",,789,
http://kvnwy.meitayouha.dpdns.org,http://kvnwy.meitayouha.dpdns.org,200,景川,nginx,text/html,31509,Nginx,,769,
http://gutzhhb.yasewanhg.dpdns.org,http://gutzhhb.yasewanhg.dpdns.org,200,星亦禾,nginx,text/html,47704,"Nginx,jQuery",,906,
http://kiefkp.lanshanhu.dpdns.org,http://kiefkp.lanshanhu.dpdns.org,200,昭理解惑,nginx,text/html,21103,"Nginx,jQuery",,974,
http://taorisz.goodks.dpdns.org,http://taorisz.goodks.dpdns.org,200,青隅,nginx,text/html,49279,"Nginx,jQuery",,981,
http://cieurdxy.taiyangshen.dpdns.org,http://cieurdxy.taiyangshen.dpdns.org,200,睹辨解惑,nginx,text/html,30836,"Nginx,jQuery",,842,
http://zorqxc.boolpfont.dpdns.org,http://zorqxc.boolpfont.dpdns.org,200,南凌禾,nginx,text/html,28185,"Bootstrap,Nginx,jQuery",,763,
http://pitzn.gpplonert.dpdns.org,http://pitzn.gpplonert.dpdns.org,200,诺白,nginx,text/html,24919,"Nginx,jQuery",,993,
http://ezhoaf.duogongneng.dpdns.org,http://ezhoaf.duogongneng.dpdns.org,200,青岚网,nginx,text/html,30180,Nginx,,855,
http://mihbtub.ftiop.dpdns.org,http://mihbtub.ftiop.dpdns.org,200,景昭屿,nginx,text/html,33847,"Nginx,jQuery",,881,
http://wkredjrm.soertubn.dpdns.org,http://wkredjrm.soertubn.dpdns.org,200,青辰珩,nginx,text/html,23607,"Nginx,jQuery",,780,
http://khoxrce.soertubn.dpdns.org,http://khoxrce.soertubn.dpdns.org,200,凌云白,nginx,text/html,70814,"Bootstrap,Nginx,jQuery",,1224,
http://fddqw.gpplonert.dpdns.org,http://fddqw.gpplonert.dpdns.org,200,青辰白,nginx,text/html,24709,"Nginx,jQuery",,965,
http://wowjc.soertubn.dpdns.org,http://wowjc.soertubn.dpdns.org,200,衡寻珩,nginx,text/html,30198,Nginx,,856,
http://ozlxrms.fopiloi.dpdns.org,http://ozlxrms.fopiloi.dpdns.org,200,知屿,nginx,text/html,21272,"Nginx,WordPress,jQuery",,1726,
http://pgkbygi.goodks.dpdns.org,http://pgkbygi.goodks.dpdns.org,200,诺白,nginx,text/html,124150,Nginx,,1105,
http://hcgfwmbn.fopiloi.dpdns.org,http://hcgfwmbn.fopiloi.dpdns.org,200,生活答典,nginx,text/html,21908,"Nginx,WordPress,jQuery",,714,
http://cjpdpnnj.weiyutiop.dpdns.org,http://cjpdpnnj.weiyutiop.dpdns.org,200,诺川,nginx,text/html,24315,Nginx,,813,
http://ggbwebd.soertubn.dpdns.org,http://ggbwebd.soertubn.dpdns.org,200,亦景白,nginx,text/html,21251,"Bootstrap,Nginx",,839,
http://latkfwb.boolpfont.dpdns.org,http://latkfwb.boolpfont.dpdns.org,200,诺清隅,nginx,text/html,24762,"Nginx,jQuery",,853,
http://qwqoe.fopiloi.dpdns.org,http://qwqoe.fopiloi.dpdns.org,200,竹风拾遗,nginx,text/html,21870,"Nginx,WordPress,jQuery",,778,
http://mqrnwvy.ftiop.dpdns.org,http://mqrnwvy.ftiop.dpdns.org,200,疏诺珩,nginx,text/html,35288,"Nginx,jQuery",,901,
http://yujymzc.yasewanhg.dpdns.org,http://yujymzc.yasewanhg.dpdns.org,200,回断解惑,nginx,text/html,48060,"Nginx,jQuery",,834,
http://xyopvzfr.yasewanhg.dpdns.org,http://xyopvzfr.yasewanhg.dpdns.org,200,问廓解惑,nginx,text/html,47589,"Nginx,jQuery",,991,
http://tpbvbefi.voopliuer.dpdns.org,http://tpbvbefi.voopliuer.dpdns.org,200,储藏岁月,nginx,text/html,20611,Nginx,,828,
http://nxgtuz.meitayouha.dpdns.org,http://nxgtuz.meitayouha.dpdns.org,200,慢拥温柔,nginx,text/html,22105,"Bootstrap,Nginx,jQuery",,788,
http://ilvsbojw.soertubn.dpdns.org,http://ilvsbojw.soertubn.dpdns.org,200,浅叙山河,nginx,text/html,46607,"Nginx,jQuery",,1061,
http://rskigr.toopert.dpdns.org,http://rskigr.toopert.dpdns.org,200,星川,nginx,text/html,16262,Nginx,,755,
http://zrito.goodks.dpdns.org,http://zrito.goodks.dpdns.org,200,诺清隅,nginx,text/html,82773,Nginx,,1204,
http://bagnkg.taiyangshen.dpdns.org,http://bagnkg.taiyangshen.dpdns.org,200,亦景屿,nginx,text/html,30078,"Nginx,jQuery",,746,
http://zhlhvp.boolpfont.dpdns.org,http://zhlhvp.boolpfont.dpdns.org,200,昭青舟,nginx,text/html,24830,"Bootstrap,Nginx,jQuery",,916,
http://ddwiyccm.taiyangshen.dpdns.org,http://ddwiyccm.taiyangshen.dpdns.org,200,知际汇,nginx,text/html,30295,"Nginx,jQuery",,831,
http://espic.fopiloi.dpdns.org,http://espic.fopiloi.dpdns.org,200,畅断解惑,nginx,text/html,21380,"Nginx,WordPress,jQuery",,727,
http://bvqszy.taiyangshen.dpdns.org,http://bvqszy.taiyangshen.dpdns.org,200,思涧寻知,nginx,text/html,30237,"Nginx,jQuery",,833,
http://ibxzr.duogongneng.dpdns.org,http://ibxzr.duogongneng.dpdns.org,200,临川,nginx,text/html,30741,Nginx,,782,
http://ew.wordres.dpdns.org,http://ew.wordres.dpdns.org,200,沐珩,nginx,text/html,33309,"Nginx,WordPress,jQuery",,627,
http://oddgdeue.fopiloi.dpdns.org,http://oddgdeue.fopiloi.dpdns.org,200,景昭屿,nginx,text/html,21768,"Nginx,WordPress,jQuery",,792,
http://jimaz.soertubn.dpdns.org,http://jimaz.soertubn.dpdns.org,200,院网,nginx,text/html,29223,"Bootstrap,Nginx,jQuery",,762,
http://gndray.rtootsatpeg.dpdns.org,http://gndray.rtootsatpeg.dpdns.org,200,南寻,nginx,text/html,37040,"Nginx,jQuery",,888,
http://sbjrewne.lanshanhu.dpdns.org,http://sbjrewne.lanshanhu.dpdns.org,200,临泽舟,nginx,text/html,21803,"Nginx,jQuery",,872,
http://jizrjc.voopliux.dpdns.org,http://jizrjc.voopliux.dpdns.org,200,景昭白,nginx,text/html,28549,"Nginx,jQuery",,842,
http://ydroyxc.meitayouha.dpdns.org,http://ydroyxc.meitayouha.dpdns.org,200,青川,nginx,text/html,19411,Nginx,,741,
http://jahyg.yasewanhg.dpdns.org,http://jahyg.yasewanhg.dpdns.org,200,静心问答,nginx,text/html,48245,"Nginx,jQuery",,740,
http://gyyxtgk.goodks.dpdns.org,http://gyyxtgk.goodks.dpdns.org,200,诺清禾,nginx,text/html,19202,"Nginx,jQuery",,827,
http://crxpjlu.gpplonert.dpdns.org,http://crxpjlu.gpplonert.dpdns.org,200,敦网,nginx,text/html,24793,"Nginx,jQuery",,875,
http://lcaws.boolpfont.dpdns.org,http://lcaws.boolpfont.dpdns.org,200,观辨解惑,nginx,text/html,16250,Nginx,,731,
http://pangsi.gpplonert.dpdns.org,http://pangsi.gpplonert.dpdns.org,200,桨网,nginx,text/html,24796,"Nginx,jQuery",,819,
http://ouxgv.fopiloi.dpdns.org,http://ouxgv.fopiloi.dpdns.org,200,凌云川,nginx,text/html,21513,"Nginx,WordPress,jQuery",,775,
http://gcsrtlop.wordres.dpdns.org,http://gcsrtlop.wordres.dpdns.org,200,南凌川,nginx,text/html,33358,"Nginx,WordPress,jQuery",,810,
http://owsnme.voopliux.dpdns.org,http://owsnme.voopliux.dpdns.org,200,独属人间流年,nginx,text/html,28610,"Nginx,jQuery",,838,
http://ilizgah.yasewanhg.dpdns.org,http://ilizgah.yasewanhg.dpdns.org,200,亦景川,nginx,text/html,47234,"Nginx,jQuery",,728,
http://gqlstth.soertubn.dpdns.org,http://gqlstth.soertubn.dpdns.org,200,景昭屿,nginx,text/html,23949,"Nginx,WordPress,jQuery",,918,
http://dbwutyre.toopert.dpdns.org,http://dbwutyre.toopert.dpdns.org,200,泽知珩,nginx,text/html,16011,Nginx,,793,
http://kogbj.fopiloi.dpdns.org,http://kogbj.fopiloi.dpdns.org,200,临禾,nginx,text/html,21202,"Nginx,WordPress,jQuery",,790,
http://kfczdgz.boolpfont.dpdns.org,http://kfczdgz.boolpfont.dpdns.org,200,临屿,nginx,text/html,42824,Nginx,,788,
http://mrvimhi.voopliuer.dpdns.org,http://mrvimhi.voopliuer.dpdns.org,200,南禾,nginx,text/html,20763,Nginx,,819,
http://dacopmu.toopert.dpdns.org,http://dacopmu.toopert.dpdns.org,200,鉴辨解惑,nginx,text/html,16372,Nginx,,754,
http://eygmcmox.meitayouha.dpdns.org,http://eygmcmox.meitayouha.dpdns.org,200,知邃问答,nginx,text/html,19562,"Bootstrap,Nginx",,917,
http://xmfvog.boolpfont.dpdns.org,http://xmfvog.boolpfont.dpdns.org,200,临禾,nginx,text/html,34300,"Nginx,jQuery",,842,
http://vxlka.lanshanhu.dpdns.org,http://vxlka.lanshanhu.dpdns.org,200,青辰白,nginx,text/html,21647,"Nginx,jQuery",,898,
http://yhxpd.ftiop.dpdns.org,http://yhxpd.ftiop.dpdns.org,200,宣知解惑,nginx,text/html,34673,"Nginx,jQuery",,1513,
http://bwkvk.ftiop.dpdns.org,http://bwkvk.ftiop.dpdns.org,200,独处宇宙,nginx,text/html,34756,"Nginx,jQuery",,840,
http://gwlfb.lanshanhu.dpdns.org,http://gwlfb.lanshanhu.dpdns.org,200,温言网,nginx,text/html,21111,"Nginx,jQuery",,834,
http://acjdyx.gpplonert.dpdns.org,http://acjdyx.gpplonert.dpdns.org,200,亦景白,nginx,text/html,24688,"Nginx,jQuery",,842,
http://cbdrpodu.boolpfont.dpdns.org,http://cbdrpodu.boolpfont.dpdns.org,200,南凌川,nginx,text/html,23231,Nginx,,832,
http://omgioox.voopliux.dpdns.org,http://omgioox.voopliux.dpdns.org,200,旷理解惑,nginx,text/html,28577,"Nginx,jQuery",,835,
http://rlhhz.weiyutiop.dpdns.org,http://rlhhz.weiyutiop.dpdns.org,200,青辰川,nginx,text/html,23350,Nginx,,857,
http://ightqb.yasewanhg.dpdns.org,http://ightqb.yasewanhg.dpdns.org,200,宵网,nginx,text/html,48369,"Nginx,jQuery",,785,
http://szqungju.soertubn.dpdns.org,http://szqungju.soertubn.dpdns.org,200,安静随笔,nginx,text/html,37518,"Nginx,jQuery",,1349,
http://zifvfk.taiyangshen.dpdns.org,http://zifvfk.taiyangshen.dpdns.org,200,叙简川,nginx,text/html,30327,"Nginx,jQuery",,1265,
http://rtzru.soertubn.dpdns.org,http://rtzru.soertubn.dpdns.org,200,青辰珩,nginx,text/html,21383,"Nginx,WordPress,jQuery",,1155,
http://agkakyy.fooiuoplik.dpdns.org,http://agkakyy.fooiuoplik.dpdns.org,200,景昭珩,nginx,text/html,29546,"Bootstrap,Nginx,jQuery",,1290,
http://voxrv.fooiuoplik.dpdns.org,http://voxrv.fooiuoplik.dpdns.org,200,亦景屿,nginx,text/html,28737,"Bootstrap,Nginx,jQuery",,1254,
http://evujqha.fooiuoplik.dpdns.org,http://evujqha.fooiuoplik.dpdns.org,200,樽网,nginx,text/html,28989,"Bootstrap,Nginx,jQuery",,1384,
http://zyxths.lanshanhu.dpdns.org,http://zyxths.lanshanhu.dpdns.org,200,昭青舟,nginx,text/html,20901,"Nginx,jQuery",,1385,
http://chxxbc.voopliux.dpdns.org,http://chxxbc.voopliux.dpdns.org,200,凝霜网,nginx,text/html,28491,"Nginx,jQuery",,1343,
http://ectyxxk.soertubn.dpdns.org,http://ectyxxk.soertubn.dpdns.org,200,问叙,nginx,text/html,22129,"Nginx,WordPress,jQuery",,1154,
http://qnyprlb.soertubn.dpdns.org,http://qnyprlb.soertubn.dpdns.org,200,衡寻屿,nginx,text/html,34815,"Nginx,jQuery",,1468,
http://zqyljw.voopliuer.dpdns.org,http://zqyljw.voopliuer.dpdns.org,200,诺清隅,nginx,text/html,20450,Nginx,,1216,
http://uncyl.toopert.dpdns.org,http://uncyl.toopert.dpdns.org,200,炊网,nginx,text/html,16407,Nginx,,1180,
http://gmqmk.yasewanhg.dpdns.org,http://gmqmk.yasewanhg.dpdns.org,200,临屿,nginx,text/html,47937,"Nginx,jQuery",,1295,
http://crkugey.fooiuoplik.dpdns.org,http://crkugey.fooiuoplik.dpdns.org,200,衡暮风,nginx,text/html,29246,"Bootstrap,Nginx,jQuery",,1306,
http://hjhkrz.voopliuer.dpdns.org,http://hjhkrz.voopliuer.dpdns.org,200,晚风拾遗集,nginx,text/html,21157,Nginx,,1364,
http://jcvouxuk.soertubn.dpdns.org,http://jcvouxuk.soertubn.dpdns.org,200,临泽屿,nginx,text/html,20775,"Bootstrap,Nginx",,1528,
http://lvpvadkw.toopert.dpdns.org,http://lvpvadkw.toopert.dpdns.org,200,诺寻,nginx,text/html,16232,Nginx,,1111,
http://qrqtucqc.taiyangshen.dpdns.org,http://qrqtucqc.taiyangshen.dpdns.org,200,温拾日常,nginx,text/html,30454,"Nginx,jQuery",,1126,
http://xpepbhv.voopliuer.dpdns.org,http://xpepbhv.voopliuer.dpdns.org,200,悠网,nginx,text/html,21316,Nginx,,1424,
http://nwfinnf.lanshanhu.dpdns.org,http://nwfinnf.lanshanhu.dpdns.org,200,凌云白,nginx,text/html,21575,"Nginx,jQuery",,1320,
http://phqyap.boolpfont.dpdns.org,http://phqyap.boolpfont.dpdns.org,200,沐寻,nginx,text/html,20804,"Bootstrap,Nginx,jQuery",,1122,
http://dwuleatx.wordres.dpdns.org,http://dwuleatx.wordres.dpdns.org,200,叙简川,nginx,text/html,33053,"Nginx,WordPress,jQuery",,1151,
http://gexkc.soertubn.dpdns.org,http://gexkc.soertubn.dpdns.org,200,临屿,nginx,text/html,48782,"Nginx,jQuery",,1676,
http://hpycix.taiyangshen.dpdns.org,http://hpycix.taiyangshen.dpdns.org,200,临泽屿,nginx,text/html,30503,"Nginx,jQuery",,1187,
http://uzaidve.ftiop.dpdns.org,http://uzaidve.ftiop.dpdns.org,200,临泽屿,nginx,text/html,33845,"Nginx,jQuery",,1575,
http://uqzxqdh.weiyutiop.dpdns.org,http://uqzxqdh.weiyutiop.dpdns.org,200,星川,nginx,text/html,23499,Nginx,,1295,
http://hnfch.soertubn.dpdns.org,http://hnfch.soertubn.dpdns.org,200,叙简珩,nginx,text/html,35376,Nginx,,1636,
http://vbuankl.ftiop.dpdns.org,http://vbuankl.ftiop.dpdns.org,200,清醒流年,nginx,text/html,34457,"Nginx,jQuery",,824,
http://ytdzla.gpplonert.dpdns.org,http://ytdzla.gpplonert.dpdns.org,200,叙简珩,nginx,text/html,24943,"Nginx,jQuery",,1348,
http://qbmetl.wordres.dpdns.org,http://qbmetl.wordres.dpdns.org,200,时光随笔存档,nginx,text/html,33054,"Nginx,WordPress,jQuery",,759,
http://lbvqo.meitayouha.dpdns.org,http://lbvqo.meitayouha.dpdns.org,200,元判解惑,nginx,text/html,21668,"Nginx,jQuery",,799,
http://rhwkw.sheyedashe.dpdns.org,http://rhwkw.sheyedashe.dpdns.org,200,温书日常,nginx,text/html,29111,"Nginx,jQuery",,912,
http://sglld.wordres.dpdns.org,http://sglld.wordres.dpdns.org,200,叙简川,nginx,text/html,32613,"Nginx,WordPress,jQuery",,774,
http://bpxgh.duogongneng.dpdns.org,http://bpxgh.duogongneng.dpdns.org,200,寻网,nginx,text/html,30116,Nginx,,781,
http://xncdeh.toopert.dpdns.org,http://xncdeh.toopert.dpdns.org,200,叙简川,nginx,text/html,16364,Nginx,,1726,
http://uzckepih.fooiuoplik.dpdns.org,http://uzckepih.fooiuoplik.dpdns.org,200,居网,nginx,text/html,28416,"Bootstrap,Nginx,jQuery",,855,
http://lnkobshr.goodks.dpdns.org,http://lnkobshr.goodks.dpdns.org,200,时光随笔存档,nginx,text/html,29430,"Bootstrap,Nginx,jQuery",,1828,
http://qebnvpc.lanshanhu.dpdns.org,http://qebnvpc.lanshanhu.dpdns.org,200,青禾,nginx,text/html,21323,"Nginx,jQuery",,872,
http://ozdxj.weiyutiop.dpdns.org,http://ozdxj.weiyutiop.dpdns.org,200,星亦禾,nginx,text/html,23877,Nginx,,792,
http://dlghzwaz.voopliuer.dpdns.org,http://dlghzwaz.voopliuer.dpdns.org,200,明涧求真,nginx,text/html,21468,Nginx,,762,
http://ypkwriiu.sheyedashe.dpdns.org,http://ypkwriiu.sheyedashe.dpdns.org,200,明寻,nginx,text/html,28681,"Nginx,jQuery",,870,
http://egnrs.goodks.dpdns.org,http://egnrs.goodks.dpdns.org,200,凌云川,nginx,text/html,22078,"Bootstrap,Nginx",,884,
http://psmpaynt.goodks.dpdns.org,http://psmpaynt.goodks.dpdns.org,200,望辨解惑,nginx,text/html,20537,"Bootstrap,Nginx",,908,
http://swzblt.voopliux.dpdns.org,http://swzblt.voopliux.dpdns.org,200,疏诺珩,nginx,text/html,28546,"Nginx,jQuery",,960,
http://brbho.soertubn.dpdns.org,http://brbho.soertubn.dpdns.org,200,畅理解惑,nginx,text/html,21927,"Bootstrap,Nginx,jQuery",,932,
http://hbyvr.rtootsatpeg.dpdns.org,http://hbyvr.rtootsatpeg.dpdns.org,200,昭青舟,nginx,text/html,37192,"Nginx,jQuery",,915,
http://teejhgf.sheyedashe.dpdns.org,http://teejhgf.sheyedashe.dpdns.org,200,景昭珩,nginx,text/html,28970,"Nginx,jQuery",,1076,
http://tqvtj.wordres.dpdns.org,http://tqvtj.wordres.dpdns.org,200,基判解惑,nginx,text/html,32981,"Nginx,WordPress,jQuery",,904,
http://skbsxhm.gpplonert.dpdns.org,http://skbsxhm.gpplonert.dpdns.org,200,临泽屿,nginx,text/html,25243,"Nginx,jQuery",,947,
http://ckzvjr.voopliux.dpdns.org,http://ckzvjr.voopliux.dpdns.org,200,凌云白,nginx,text/html,28655,"Nginx,jQuery",,842,
http://tne.lanshanhu.dpdns.org,http://tne.lanshanhu.dpdns.org,200,冲哥精选怎么不见了,nginx,text/html,22836,"Nginx,jQuery",,646,
http://xotudvh.rtootsatpeg.dpdns.org,http://xotudvh.rtootsatpeg.dpdns.org,200,诺清禾,nginx,text/html,37798,"Nginx,jQuery",,1002,
http://tqsau.yasewanhg.dpdns.org,http://tqsau.yasewanhg.dpdns.org,200,时光手札,nginx,text/html,47118,"Nginx,jQuery",,958,
http://fskzpo.fopiloi.dpdns.org,http://fskzpo.fopiloi.dpdns.org,200,亦景白,nginx,text/html,21456,"Nginx,WordPress,jQuery",,1020,
http://itlbmxr.sheyedashe.dpdns.org,http://itlbmxr.sheyedashe.dpdns.org,200,南凌川,nginx,text/html,29268,"Nginx,jQuery",,880,
http://odgxu.weiyutiop.dpdns.org,http://odgxu.weiyutiop.dpdns.org,200,凌云白,nginx,text/html,23488,Nginx,,914,
http://tduqjbbq.taiyangshen.dpdns.org,http://tduqjbbq.taiyangshen.dpdns.org,200,拾知库,nginx,text/html,30562,"Nginx,jQuery",,1054,
http://tzhks.ftiop.dpdns.org,http://tzhks.ftiop.dpdns.org,200,通识库,nginx,text/html,34472,"Nginx,jQuery",,1092,
http://kefpnsw.meitayouha.dpdns.org,http://kefpnsw.meitayouha.dpdns.org,200,轻写山河,nginx,text/html,23504,"Nginx,jQuery",,842,
http://yzdhrgpa.voopliuer.dpdns.org,http://yzdhrgpa.voopliuer.dpdns.org,200,沐寻,nginx,text/html,20731,Nginx,,1021,
http://cgetsks.rtootsatpeg.dpdns.org,http://cgetsks.rtootsatpeg.dpdns.org,200,简禾,nginx,text/html,37128,"Nginx,jQuery",,1221,
http://hgibzr.taiyangshen.dpdns.org,http://hgibzr.taiyangshen.dpdns.org,200,青辰川,nginx,text/html,29912,"Nginx,jQuery",,827,
http://uvqtup.goodks.dpdns.org,http://uvqtup.goodks.dpdns.org,200,素白流年,nginx,text/html,27082,"Bootstrap,Nginx",,983,
http://hfwja.meitayouha.dpdns.org,http://hfwja.meitayouha.dpdns.org,200,静叙温柔,nginx,text/html,57024,"Nginx,jQuery",,1074,
http://vqefk.voopliuer.dpdns.org,http://vqefk.voopliuer.dpdns.org,200,慢书人间,nginx,text/html,19965,Nginx,,795,
http://hnzhtfn.gpplonert.dpdns.org,http://hnzhtfn.gpplonert.dpdns.org,200,简隅,nginx,text/html,25162,"Nginx,jQuery",,1067,
http://kchygz.soertubn.dpdns.org,http://kchygz.soertubn.dpdns.org,200,叙简川,nginx,text/html,124197,Nginx,,1411,
http://owvfr.soertubn.dpdns.org,http://owvfr.soertubn.dpdns.org,200,凌云川,nginx,text/html,29987,"Bootstrap,Nginx",,857,
http://xnsat.gpplonert.dpdns.org,http://xnsat.gpplonert.dpdns.org,200,凌云白,nginx,text/html,24533,"Nginx,jQuery",,954,
http://nwfvzf.soertubn.dpdns.org,http://nwfvzf.soertubn.dpdns.org,200,南凌川,nginx,text/html,17923,"Bootstrap,Nginx",,836,
http://xpgkckc.weiyutiop.dpdns.org,http://xpgkckc.weiyutiop.dpdns.org,200,青川,nginx,text/html,23561,Nginx,,794,
http://sywqcnb.gpplonert.dpdns.org,http://sywqcnb.gpplonert.dpdns.org,200,元理解惑,nginx,text/html,24941,"Nginx,jQuery",,1078,
http://wdisbcg.goodks.dpdns.org,http://wdisbcg.goodks.dpdns.org,200,私记流年温柔,nginx,text/html,28530,"Nginx,jQuery",,847,
http://xnmejuss.soertubn.dpdns.org,http://xnmejuss.soertubn.dpdns.org,200,星白,nginx,text/html,26890,"Bootstrap,Nginx,jQuery",,901,
http://xpxvnrgw.toopert.dpdns.org,http://xpxvnrgw.toopert.dpdns.org,200,凌云白,nginx,text/html,16573,Nginx,,822,
http://zabggcz.weiyutiop.dpdns.org,http://zabggcz.weiyutiop.dpdns.org,200,回辨解惑,nginx,text/html,23327,Nginx,,806,
http://mqkfcvp.wordres.dpdns.org,http://mqkfcvp.wordres.dpdns.org,200,南凌川,nginx,text/html,32508,"Nginx,WordPress,jQuery",,818,
http://uohuyw.meitayouha.dpdns.org,http://uohuyw.meitayouha.dpdns.org,200,青辰白,nginx,text/html,25006,"Bootstrap,Nginx",,897,
http://zqgcl.wordres.dpdns.org,http://zqgcl.wordres.dpdns.org,200,素静人间,nginx,text/html,33236,"Nginx,WordPress,jQuery",,815,
http://zlbslmd.weiyutiop.dpdns.org,http://zlbslmd.weiyutiop.dpdns.org,200,自写朝夕人间,nginx,text/html,23365,Nginx,,875,
http://scochpjh.boolpfont.dpdns.org,http://scochpjh.boolpfont.dpdns.org,200,岁月清欢,nginx,text/html,21917,"Nginx,jQuery",,849,
http://gsfpq.lanshanhu.dpdns.org,http://gsfpq.lanshanhu.dpdns.org,200,沐珩,nginx,text/html,21609,"Nginx,jQuery",,810,
http://ocaze.meitayouha.dpdns.org,http://ocaze.meitayouha.dpdns.org,200,人间慢温柔,nginx,text/html,28425,"Bootstrap,Nginx,jQuery",,775,
http://evtvgt.duogongneng.dpdns.org,http://evtvgt.duogongneng.dpdns.org,200,松弛自渡,nginx,text/html,29716,Nginx,,871,
http://emlqvz.soertubn.dpdns.org,http://emlqvz.soertubn.dpdns.org,200,知行库,nginx,text/html,21405,"Bootstrap,Nginx,jQuery",,806,
http://ofgmnjqw.weiyutiop.dpdns.org,http://ofgmnjqw.weiyutiop.dpdns.org,200,清南屿,nginx,text/html,23458,Nginx,,846,
http://acdxpgkz.toopert.dpdns.org,http://acdxpgkz.toopert.dpdns.org,200,凌云禾,nginx,text/html,16511,Nginx,,807,
http://kykwgi.wordres.dpdns.org,http://kykwgi.wordres.dpdns.org,200,景昭白,nginx,text/html,32910,"Nginx,WordPress,jQuery",,769,
http://uqjkmnwy.ftiop.dpdns.org,http://uqjkmnwy.ftiop.dpdns.org,200,南凌屿,nginx,text/html,33960,"Nginx,jQuery",,824,
http://artngm.taiyangshen.dpdns.org,http://artngm.taiyangshen.dpdns.org,200,简隅,nginx,text/html,30257,"Nginx,jQuery",,817,
http://bwlic.fopiloi.dpdns.org,http://bwlic.fopiloi.dpdns.org,200,简禾,nginx,text/html,21142,"Nginx,WordPress,jQuery",,697,
http://cdjsckw.toopert.dpdns.org,http://cdjsckw.toopert.dpdns.org,200,青川,nginx,text/html,16404,Nginx,,841,
http://acnyzvb.ftiop.dpdns.org,http://acnyzvb.ftiop.dpdns.org,200,叙简白,nginx,text/html,33887,"Nginx,jQuery",,782,
http://noumbkq.fopiloi.dpdns.org,http://noumbkq.fopiloi.dpdns.org,200,青寻,nginx,text/html,21574,"Nginx,WordPress,jQuery",,709,
http://gzvvj.gpplonert.dpdns.org,http://gzvvj.gpplonert.dpdns.org,200,明衍,nginx,text/html,24446,"Nginx,jQuery",,962,
http://pqitxel.sheyedashe.dpdns.org,http://pqitxel.sheyedashe.dpdns.org,200,景昭屿,nginx,text/html,28281,"Nginx,jQuery",,849,
http://cuerqzz.rtootsatpeg.dpdns.org,http://cuerqzz.rtootsatpeg.dpdns.org,200,恬网,nginx,text/html,38078,"Nginx,jQuery",,990,
http://rkmyf.soertubn.dpdns.org,http://rkmyf.soertubn.dpdns.org,200,临泽珩,nginx,text/html,20046,Nginx,,1457,
http://qired.taiyangshen.dpdns.org,http://qired.taiyangshen.dpdns.org,200,临泽屿,nginx,text/html,30105,"Nginx,jQuery",,810,
http://ljigm.weiyutiop.dpdns.org,http://ljigm.weiyutiop.dpdns.org,200,扬知解惑,nginx,text/html,23852,Nginx,,801,
http://eeysf.soertubn.dpdns.org,http://eeysf.soertubn.dpdns.org,200,叙简珩,nginx,text/html,57627,Nginx,,1302,
http://pcdvaot.goodks.dpdns.org,http://pcdvaot.goodks.dpdns.org,200,亦景白,nginx,text/html,70029,Nginx,,1282,
http://msjwpd.sheyedashe.dpdns.org,http://msjwpd.sheyedashe.dpdns.org,200,临泽舟,nginx,text/html,28379,"Nginx,jQuery",,928,
http://rqypvx.weiyutiop.dpdns.org,http://rqypvx.weiyutiop.dpdns.org,200,素净流年,nginx,text/html,23395,Nginx,,901,
http://lbythsvm.meitayouha.dpdns.org,http://lbythsvm.meitayouha.dpdns.org,200,景昭白,nginx,text/html,91240,"Nginx,jQuery",,1138,
http://rhrdrwz.voopliuer.dpdns.org,http://rhrdrwz.voopliuer.dpdns.org,200,临泽珩,nginx,text/html,20684,Nginx,,913,
http://hbigtxz.fopiloi.dpdns.org,http://hbigtxz.fopiloi.dpdns.org,200,识邃问答,nginx,text/html,21399,"Nginx,WordPress,jQuery",,823,
http://yeoaoh.fopiloi.dpdns.org,http://yeoaoh.fopiloi.dpdns.org,200,岁月清欢,nginx,text/html,22166,"Nginx,WordPress,jQuery",,856,
http://kulrowh.voopliux.dpdns.org,http://kulrowh.voopliux.dpdns.org,200,临屿,nginx,text/html,28741,"Nginx,jQuery",,915,
http://rheepvqk.meitayouha.dpdns.org,http://rheepvqk.meitayouha.dpdns.org,200,诺清隅,nginx,text/html,19114,"Nginx,jQuery",,946,
http://azxgeddk.boolpfont.dpdns.org,http://azxgeddk.boolpfont.dpdns.org,200,闲藏时光,nginx,text/html,19291,"Nginx,jQuery",,851,
http://dlubtb.goodks.dpdns.org,http://dlubtb.goodks.dpdns.org,200,亦景川,nginx,text/html,25928,"Bootstrap,Nginx,jQuery",,1048,
http://naxkp.fopiloi.dpdns.org,http://naxkp.fopiloi.dpdns.org,200,软语网,nginx,text/html,21210,"Nginx,WordPress,jQuery",,867,
http://vuyyczf.fooiuoplik.dpdns.org,http://vuyyczf.fooiuoplik.dpdns.org,200,慢叙山河,nginx,text/html,29272,"Bootstrap,Nginx,jQuery",,739,
http://ohbyt.soertubn.dpdns.org,http://ohbyt.soertubn.dpdns.org,200,青川,nginx,text/html,47601,"Nginx,jQuery",,1546,
http://wgehze.fopiloi.dpdns.org,http://wgehze.fopiloi.dpdns.org,200,随心流年,nginx,text/html,21630,"Nginx,WordPress,jQuery",,829,
http://rgfexx.voopliux.dpdns.org,http://rgfexx.voopliux.dpdns.org,200,炉网,nginx,text/html,28323,"Nginx,jQuery",,895,
http://jvrdv.wordres.dpdns.org,http://jvrdv.wordres.dpdns.org,200,昭寻珩,nginx,text/html,33180,"Nginx,WordPress,jQuery",,852,
http://avkhopv.yasewanhg.dpdns.org,http://avkhopv.yasewanhg.dpdns.org,200,亦景川,nginx,text/html,48003,"Nginx,jQuery",,844,
http://qljnsxx.boolpfont.dpdns.org,http://qljnsxx.boolpfont.dpdns.org,200,景昭白,nginx,text/html,24489,Nginx,,1179,
http://qlmylp.toopert.dpdns.org,http://qlmylp.toopert.dpdns.org,200,清静日常,nginx,text/html,16081,Nginx,,793,
http://ofnfdhde.fooiuoplik.dpdns.org,http://ofnfdhde.fooiuoplik.dpdns.org,200,诺清川,nginx,text/html,28899,"Bootstrap,Nginx,jQuery",,818,
http://knomc.taiyangshen.dpdns.org,http://knomc.taiyangshen.dpdns.org,200,星亦禾,nginx,text/html,30166,"Nginx,jQuery",,761,
http://lclahgy.yasewanhg.dpdns.org,http://lclahgy.yasewanhg.dpdns.org,200,青隅,nginx,text/html,48421,"Nginx,jQuery",,742,
http://arryjeb.voopliuer.dpdns.org,http://arryjeb.voopliuer.dpdns.org,200,诺清禾,nginx,text/html,20937,Nginx,,759,
http://hzygquv.duogongneng.dpdns.org,http://hzygquv.duogongneng.dpdns.org,200,青辰白,nginx,text/html,30454,Nginx,,736,
http://descewh.meitayouha.dpdns.org,http://descewh.meitayouha.dpdns.org,200,浅藏流年,nginx,text/html,29528,"Nginx,jQuery",,840,
http://uhbupjrv.soertubn.dpdns.org,http://uhbupjrv.soertubn.dpdns.org,200,诺清隅,nginx,text/html,112700,Nginx,,1463,
http://cjlzdnr.ftiop.dpdns.org,http://cjlzdnr.ftiop.dpdns.org,200,凌云白,nginx,text/html,34549,"Nginx,jQuery",,821,
http://smajdzy.soertubn.dpdns.org,http://smajdzy.soertubn.dpdns.org,200,众答解惑,nginx,text/html,28190,"Bootstrap,Nginx,jQuery",,687,
http://sjpder.soertubn.dpdns.org,http://sjpder.soertubn.dpdns.org,200,凌云禾,nginx,text/html,40617,"Nginx,jQuery",,780,
http://lvusronp.rtootsatpeg.dpdns.org,http://lvusronp.rtootsatpeg.dpdns.org,200,南凌禾,nginx,text/html,37381,"Nginx,jQuery",,968,
http://zznrcizf.soertubn.dpdns.org,http://zznrcizf.soertubn.dpdns.org,200,素净流年,nginx,text/html,70745,Nginx,,969,
http://tqzyud.gpplonert.dpdns.org,http://tqzyud.gpplonert.dpdns.org,200,知屿,nginx,text/html,24708,"Nginx,jQuery",,1064,
http://nhwnqdg.voopliuer.dpdns.org,http://nhwnqdg.voopliuer.dpdns.org,200,景昭珩,nginx,text/html,20154,Nginx,,994,
http://eqpqz.taiyangshen.dpdns.org,http://eqpqz.taiyangshen.dpdns.org,200,静藏岁月,nginx,text/html,30471,"Nginx,jQuery",,985,
http://edjflpi.ftiop.dpdns.org,http://edjflpi.ftiop.dpdns.org,200,流年晚风集,nginx,text/html,31693,"Nginx,jQuery",,1161,
http://tcroot.toopert.dpdns.org,http://tcroot.toopert.dpdns.org,200,清简随笔,nginx,text/html,16149,Nginx,,1084,
http://pljlhfzu.voopliuer.dpdns.org,http://pljlhfzu.voopliuer.dpdns.org,200,独处随笔馆,nginx,text/html,20805,Nginx,,1020,
http://wnsevcx.voopliux.dpdns.org,http://wnsevcx.voopliux.dpdns.org,200,景昭屿,nginx,text/html,28826,"Nginx,jQuery",,1157,
http://xraifte.voopliux.dpdns.org,http://xraifte.voopliux.dpdns.org,200,亦景川,nginx,text/html,28690,"Nginx,jQuery",,1145,
http://pwssrti.ftiop.dpdns.org,http://pwssrti.ftiop.dpdns.org,200,明序库,nginx,text/html,33722,"Nginx,jQuery",,1195,
http://ymtymh.ftiop.dpdns.org,http://ymtymh.ftiop.dpdns.org,200,理析答疑,nginx,text/html,34504,"Nginx,jQuery",,1177,
http://seafb.taiyangshen.dpdns.org,http://seafb.taiyangshen.dpdns.org,200,清南屿,nginx,text/html,29985,"Nginx,jQuery",,1111,
http://logbyn.toopert.dpdns.org,http://logbyn.toopert.dpdns.org,200,静默时光,nginx,text/html,16266,Nginx,,1110,
http://iyjqlq.yasewanhg.dpdns.org,http://iyjqlq.yasewanhg.dpdns.org,200,泽知珩,nginx,text/html,47547,"Nginx,jQuery",,1257,
http://dbtfaom.toopert.dpdns.org,http://dbtfaom.toopert.dpdns.org,200,景昭屿,nginx,text/html,16081,Nginx,,904,
http://ysbeyoas.goodks.dpdns.org,http://ysbeyoas.goodks.dpdns.org,200,叙简川,nginx,text/html,29681,"Nginx,jQuery",,1023,
http://zhmor.toopert.dpdns.org,http://zhmor.toopert.dpdns.org,200,清简生活录,nginx,text/html,15968,Nginx,,941,
http://xufejwcp.sheyedashe.dpdns.org,http://xufejwcp.sheyedashe.dpdns.org,200,景川,nginx,text/html,29434,"Nginx,jQuery",,1295,
http://jjkorgj.lanshanhu.dpdns.org,http://jjkorgj.lanshanhu.dpdns.org,200,阅辨解惑,nginx,text/html,20898,"Nginx,jQuery",,1034,
http://tfxjbrk.wordres.dpdns.org,http://tfxjbrk.wordres.dpdns.org,200,全网,nginx,text/html,32965,"Nginx,WordPress,jQuery",,1380,
http://rwxbj.duogongneng.dpdns.org,http://rwxbj.duogongneng.dpdns.org,200,辰光小札,nginx,text/html,30268,Nginx,,1276,
http://wlklt.ftiop.dpdns.org,http://wlklt.ftiop.dpdns.org,200,诺珩,nginx,text/html,33829,"Nginx,jQuery",,1427,
http://icsrzxq.soertubn.dpdns.org,http://icsrzxq.soertubn.dpdns.org,200,青辰珩,nginx,text/html,32527,"Bootstrap,Nginx,jQuery",,1425,
http://dgyk.fopiloi.dpdns.org,http://dgyk.fopiloi.dpdns.org,200,诺清川,nginx,text/html,21456,"Nginx,WordPress,jQuery",,945,
http://rjiimvaw.ftiop.dpdns.org,http://rjiimvaw.ftiop.dpdns.org,200,诺川,nginx,text/html,34370,"Nginx,jQuery",,1354,
http://cjeuzmsb.rtootsatpeg.dpdns.org,http://cjeuzmsb.rtootsatpeg.dpdns.org,200,凌云白,nginx,text/html,37895,"Nginx,jQuery",,1154,
http://gpbetnur.gpplonert.dpdns.org,http://gpbetnur.gpplonert.dpdns.org,200,弈网,nginx,text/html,24956,"Nginx,jQuery",,995,
http://kpsbtyxf.ftiop.dpdns.org,http://kpsbtyxf.ftiop.dpdns.org,200,随心流年,nginx,text/html,33390,"Nginx,jQuery",,1043,
http://leeblyhz.gpplonert.dpdns.org,http://leeblyhz.gpplonert.dpdns.org,200,星亦禾,nginx,text/html,24363,"Nginx,jQuery",,1303,
http://wpoxufv.toopert.dpdns.org,http://wpoxufv.toopert.dpdns.org,200,景昭珩,nginx,text/html,16236,Nginx,,776,
http://oaantev.goodks.dpdns.org,http://oaantev.goodks.dpdns.org,200,青辰珩,nginx,text/html,37777,"Nginx,jQuery",,1510,
http://cfhsmnhl.voopliux.dpdns.org,http://cfhsmnhl.voopliux.dpdns.org,200,临屿,nginx,text/html,28810,"Nginx,jQuery",,822,
http://qmyhb.ftiop.dpdns.org,http://qmyhb.ftiop.dpdns.org,200,素写人间年,nginx,text/html,35254,"Nginx,jQuery",,969,
http://hiwyiwro.fopiloi.dpdns.org,http://hiwyiwro.fopiloi.dpdns.org,200,明问,nginx,text/html,20865,"Nginx,WordPress,jQuery",,779,
http://xolmplel.gpplonert.dpdns.org,http://xolmplel.gpplonert.dpdns.org,200,青辰珩,nginx,text/html,24836,"Nginx,jQuery",,1016,
http://dwoomj.voopliux.dpdns.org,http://dwoomj.voopliux.dpdns.org,200,泽知白,nginx,text/html,28804,"Nginx,jQuery",,1017,
http://pjcwayl.yasewanhg.dpdns.org,http://pjcwayl.yasewanhg.dpdns.org,200,南凌禾,nginx,text/html,47906,"Nginx,jQuery",,998,
http://pzeeij.taiyangshen.dpdns.org,http://pzeeij.taiyangshen.dpdns.org,200,默藏时光,nginx,text/html,30464,"Nginx,jQuery",,921,
http://ogzlhynf.fooiuoplik.dpdns.org,http://ogzlhynf.fooiuoplik.dpdns.org,200,慢书人间,nginx,text/html,29444,"Bootstrap,Nginx,jQuery",,881,
http://ehyyar.sheyedashe.dpdns.org,http://ehyyar.sheyedashe.dpdns.org,200,凌舟,nginx,text/html,28210,"Nginx,jQuery",,803,
http://iqzhelfz.gpplonert.dpdns.org,http://iqzhelfz.gpplonert.dpdns.org,200,曦网,nginx,text/html,24341,"Nginx,jQuery",,854,
http://dslxuois.yasewanhg.dpdns.org,http://dslxuois.yasewanhg.dpdns.org,200,凌云川,nginx,text/html,48324,"Nginx,jQuery",,780,
http://sqhvfyup.goodks.dpdns.org,http://sqhvfyup.goodks.dpdns.org,200,静藏日常,nginx,text/html,24931,"Nginx,jQuery",,880,
http://yqgmgje.goodks.dpdns.org,http://yqgmgje.goodks.dpdns.org,200,临泽舟,nginx,text/html,18690,"Nginx,jQuery",,787,
http://wtkrk.voopliuer.dpdns.org,http://wtkrk.voopliuer.dpdns.org,200,弘辨解惑,nginx,text/html,20719,Nginx,,831,
http://gwflextv.fopiloi.dpdns.org,http://gwflextv.fopiloi.dpdns.org,200,问简,nginx,text/html,20807,"Nginx,WordPress,jQuery",,787,
http://ywbpfy.gpplonert.dpdns.org,http://ywbpfy.gpplonert.dpdns.org,200,南凌川,nginx,text/html,24508,"Nginx,jQuery",,879,
http://ukamiy.toopert.dpdns.org,http://ukamiy.toopert.dpdns.org,200,零碎心事,nginx,text/html,16161,Nginx,,762,
http://acaphzjw.gpplonert.dpdns.org,http://acaphzjw.gpplonert.dpdns.org,200,诺清川,nginx,text/html,24674,"Nginx,jQuery",,890,
http://llaebj.boolpfont.dpdns.org,http://llaebj.boolpfont.dpdns.org,200,访网,nginx,text/html,30001,Nginx,,832,
http://uvhse.yasewanhg.dpdns.org,http://uvhse.yasewanhg.dpdns.org,200,亦景屿,nginx,text/html,47472,"Nginx,jQuery",,822,
http://agnlynvv.taiyangshen.dpdns.org,http://agnlynvv.taiyangshen.dpdns.org,200,衡寻隅,nginx,text/html,30114,"Nginx,jQuery",,855,
http://nrzwr.meitayouha.dpdns.org,http://nrzwr.meitayouha.dpdns.org,200,流网,nginx,text/html,24832,"Bootstrap,Nginx",,952,
http://hjhhcoq.soertubn.dpdns.org,http://hjhhcoq.soertubn.dpdns.org,200,临泽屿,nginx,text/html,27381,"Bootstrap,Nginx,jQuery",,832,
http://ekvpo.gpplonert.dpdns.org,http://ekvpo.gpplonert.dpdns.org,200,衡寻隅,nginx,text/html,24635,"Nginx,jQuery",,1073,
http://ansaz.ftiop.dpdns.org,http://ansaz.ftiop.dpdns.org,200,梨酌网,nginx,text/html,33553,"Nginx,jQuery",,931,
http://phntcql.gpplonert.dpdns.org,http://phntcql.gpplonert.dpdns.org,200,诺清禾,nginx,text/html,25022,"Nginx,jQuery",,1126,
http://txspjdvo.gpplonert.dpdns.org,http://txspjdvo.gpplonert.dpdns.org,200,诺清禾,nginx,text/html,24622,"Nginx,jQuery",,906,
http://bktthr.boolpfont.dpdns.org,http://bktthr.boolpfont.dpdns.org,200,知白,nginx,text/html,30432,"Nginx,jQuery",,723,
http://bqhtua.toopert.dpdns.org,http://bqhtua.toopert.dpdns.org,200,浅叙山河,nginx,text/html,15938,Nginx,,747,
http://rraenh.boolpfont.dpdns.org,http://rraenh.boolpfont.dpdns.org,200,辰简珩,nginx,text/html,21374,Nginx,,995,
http://dibqspdq.voopliux.dpdns.org,http://dibqspdq.voopliux.dpdns.org,200,星亦屿,nginx,text/html,28503,"Nginx,jQuery",,861,
http://lnouc.sheyedashe.dpdns.org,http://lnouc.sheyedashe.dpdns.org,200,昭青隅,nginx,text/html,28878,"Nginx,jQuery",,815,
http://txlrrcf.taiyangshen.dpdns.org,http://txlrrcf.taiyangshen.dpdns.org,200,笺网,nginx,text/html,30141,"Nginx,jQuery",,728,
http://usozzdm.weiyutiop.dpdns.org,http://usozzdm.weiyutiop.dpdns.org,200,环理解惑,nginx,text/html,23485,Nginx,,975,
http://eyjreks.fooiuoplik.dpdns.org,http://eyjreks.fooiuoplik.dpdns.org,200,凌云川,nginx,text/html,28531,"Bootstrap,Nginx,jQuery",,740,
http://gpocddig.fooiuoplik.dpdns.org,http://gpocddig.fooiuoplik.dpdns.org,200,景昭白,nginx,text/html,28739,"Bootstrap,Nginx,jQuery",,751,
http://jeoudv.toopert.dpdns.org,http://jeoudv.toopert.dpdns.org,200,南凌川,nginx,text/html,15978,Nginx,,877,
http://dqvcjgnn.toopert.dpdns.org,http://dqvcjgnn.toopert.dpdns.org,200,径网,nginx,text/html,16134,Nginx,,873,
http://svpaqxb.rtootsatpeg.dpdns.org,http://svpaqxb.rtootsatpeg.dpdns.org,200,临泽舟,nginx,text/html,37633,"Nginx,jQuery",,939,
http://gozokwu.lanshanhu.dpdns.org,http://gozokwu.lanshanhu.dpdns.org,200,临泽舟,nginx,text/html,21712,"Nginx,jQuery",,853,
http://sevnkuao.wordres.dpdns.org,http://sevnkuao.wordres.dpdns.org,200,临隅,nginx,text/html,32753,"Nginx,WordPress,jQuery",,833,
http://kuxbhdo.boolpfont.dpdns.org,http://kuxbhdo.boolpfont.dpdns.org,200,叙简珩,nginx,text/html,31643,"Bootstrap,Nginx,jQuery",,815,
http://olqcvp.meitayouha.dpdns.org,http://olqcvp.meitayouha.dpdns.org,200,临泽舟,nginx,text/html,34379,Nginx,,1248,
http://iqntxano.gpplonert.dpdns.org,http://iqntxano.gpplonert.dpdns.org,200,临泽舟,nginx,text/html,24588,"Nginx,jQuery",,850,
http://ngeukpfq.lanshanhu.dpdns.org,http://ngeukpfq.lanshanhu.dpdns.org,200,问曜,nginx,text/html,21457,"Nginx,jQuery",,890,
http://emiuianw.fooiuoplik.dpdns.org,http://emiuianw.fooiuoplik.dpdns.org,200,凌云白,nginx,text/html,29245,"Bootstrap,Nginx,jQuery",,968,
http://mbppz.toopert.dpdns.org,http://mbppz.toopert.dpdns.org,200,南寻,nginx,text/html,16221,Nginx,,800,
http://vocbfnz.voopliux.dpdns.org,http://vocbfnz.voopliux.dpdns.org,200,青辰白,nginx,text/html,28725,"Nginx,jQuery",,1061,
http://vmqrshy.weiyutiop.dpdns.org,http://vmqrshy.weiyutiop.dpdns.org,200,识渺问答,nginx,text/html,23349,Nginx,,1027,
http://ymohfkyh.sheyedashe.dpdns.org,http://ymohfkyh.sheyedashe.dpdns.org,200,临川,nginx,text/html,29433,"Nginx,jQuery",,889,
http://oilveryu.soertubn.dpdns.org,http://oilveryu.soertubn.dpdns.org,200,宣辨解惑,nginx,text/html,34953,"Nginx,jQuery",,1172,
http://jtjuwecp.duogongneng.dpdns.org,http://jtjuwecp.duogongneng.dpdns.org,200,寥理解惑,nginx,text/html,30689,Nginx,,945,
http://woczbd.fooiuoplik.dpdns.org,http://woczbd.fooiuoplik.dpdns.org,200,素写流年,nginx,text/html,28519,"Bootstrap,Nginx,jQuery",,816,
http://nzyyjvnl.wordres.dpdns.org,http://nzyyjvnl.wordres.dpdns.org,200,亦景川,nginx,text/html,33095,"Nginx,WordPress,jQuery",,856,
http://qjaolgt.ftiop.dpdns.org,http://qjaolgt.ftiop.dpdns.org,200,简易解惑,nginx,text/html,33714,"Nginx,jQuery",,973,
http://lwrrqmam.ftiop.dpdns.org,http://lwrrqmam.ftiop.dpdns.org,200,青辰珩,nginx,text/html,35689,"Nginx,jQuery",,912,
http://toeod.fopiloi.dpdns.org,http://toeod.fopiloi.dpdns.org,200,简禾,nginx,text/html,21708,"Nginx,WordPress,jQuery",,852,
http://hotonk.soertubn.dpdns.org,http://hotonk.soertubn.dpdns.org,200,南凌禾,nginx,text/html,35295,Nginx,,1347,
http://famvogq.ftiop.dpdns.org,http://famvogq.ftiop.dpdns.org,200,凌云白,nginx,text/html,30927,"Nginx,jQuery",,887,
http://htalnsbq.rtootsatpeg.dpdns.org,http://htalnsbq.rtootsatpeg.dpdns.org,200,凌云川,nginx,text/html,37600,"Nginx,jQuery",,1216,
http://bfncpekt.boolpfont.dpdns.org,http://bfncpekt.boolpfont.dpdns.org,200,景珩,nginx,text/html,92260,"Nginx,jQuery",,1495,
http://sstezzcc.voopliux.dpdns.org,http://sstezzcc.voopliux.dpdns.org,200,浅叙流年,nginx,text/html,28816,"Nginx,jQuery",,1027,
http://cxgjot.yasewanhg.dpdns.org,http://cxgjot.yasewanhg.dpdns.org,200,凌云川,nginx,text/html,47772,"Nginx,jQuery",,812,
http://mjiwkl.gpplonert.dpdns.org,http://mjiwkl.gpplonert.dpdns.org,200,简约时光,nginx,text/html,23910,"Nginx,jQuery",,1105,
http://nrshllx.yasewanhg.dpdns.org,http://nrshllx.yasewanhg.dpdns.org,200,山河碎语,nginx,text/html,47930,"Nginx,jQuery",,1000,
http://kzbycxhu.weiyutiop.dpdns.org,http://kzbycxhu.weiyutiop.dpdns.org,200,静写流年,nginx,text/html,23477,Nginx,,1005,
http://ddjvmdod.wordres.dpdns.org,http://ddjvmdod.wordres.dpdns.org,200,泽知隅,nginx,text/html,33250,"Nginx,WordPress,jQuery",,1348,
http://qnrlej.weiyutiop.dpdns.org,http://qnrlej.weiyutiop.dpdns.org,200,青辰白,nginx,text/html,22858,Nginx,,1014,
http://tksvs.soertubn.dpdns.org,http://tksvs.soertubn.dpdns.org,200,沐隅,nginx,text/html,33930,"Nginx,jQuery",,954,
http://wvldf.goodks.dpdns.org,http://wvldf.goodks.dpdns.org,200,闲叙山河,nginx,text/html,28128,"Nginx,jQuery",,774,
http://jiviz.boolpfont.dpdns.org,http://jiviz.boolpfont.dpdns.org,200,安静随笔,nginx,text/html,22731,"Nginx,jQuery",,764,
http://urhtbbmj.sheyedashe.dpdns.org,http://urhtbbmj.sheyedashe.dpdns.org,200,知故问答,nginx,text/html,29571,"Nginx,jQuery",,904,
http://wwuuev.goodks.dpdns.org,http://wwuuev.goodks.dpdns.org,200,泽知隅,nginx,text/html,47868,"Nginx,jQuery",,1815,
http://rnrmwv.taiyangshen.dpdns.org,http://rnrmwv.taiyangshen.dpdns.org,200,景昭白,nginx,text/html,30179,"Nginx,jQuery",,735,
http://ktpnxe.boolpfont.dpdns.org,http://ktpnxe.boolpfont.dpdns.org,200,亦景屿,nginx,text/html,48112,"Nginx,jQuery",,742,
http://yewae.voopliuer.dpdns.org,http://yewae.voopliuer.dpdns.org,200,凌云川,nginx,text/html,20936,Nginx,,728,
http://qcnovtrl.wordres.dpdns.org,http://qcnovtrl.wordres.dpdns.org,200,景昭白,nginx,text/html,33179,"Nginx,WordPress,jQuery",,710,
http://xhvktxeg.taiyangshen.dpdns.org,http://xhvktxeg.taiyangshen.dpdns.org,200,亦景川,nginx,text/html,30339,"Nginx,jQuery",,755,
http://meudp.voopliuer.dpdns.org,http://meudp.voopliuer.dpdns.org,200,智能问答,nginx,text/html,21033,Nginx,,912,
http://hazstoo.rtootsatpeg.dpdns.org,http://hazstoo.rtootsatpeg.dpdns.org,200,凌云禾,nginx,text/html,37162,"Nginx,jQuery",,843,
http://shfmdnyl.wordres.dpdns.org,http://shfmdnyl.wordres.dpdns.org,200,简川,nginx,text/html,33323,"Nginx,WordPress,jQuery",,751,
http://mlxqd.weiyutiop.dpdns.org,http://mlxqd.weiyutiop.dpdns.org,200,青川,nginx,text/html,23618,Nginx,,866,
http://llqaj.weiyutiop.dpdns.org,http://llqaj.weiyutiop.dpdns.org,200,简隅,nginx,text/html,22511,Nginx,,929,
http://jubfwtm.sheyedashe.dpdns.org,http://jubfwtm.sheyedashe.dpdns.org,200,夏光手记,nginx,text/html,28257,"Nginx,jQuery",,855,
https://hk.conetcdataone.dpdns.org,https://hk.conetcdataone.dpdns.org,400,Invalid URL,AkamaiGHost,text/html,312,,,611,
http://cfnje.fopiloi.dpdns.org,http://cfnje.fopiloi.dpdns.org,200,歌网,nginx,text/html,21678,"Nginx,WordPress,jQuery",,779,
http://myoos.fooiuoplik.dpdns.org,http://myoos.fooiuoplik.dpdns.org,200,诺清川,nginx,text/html,28603,"Bootstrap,Nginx,jQuery",,767,
http://rxkmrv.ftiop.dpdns.org,http://rxkmrv.ftiop.dpdns.org,200,景昭屿,nginx,text/html,34675,"Nginx,jQuery",,854,
http://warnun.voopliux.dpdns.org,http://warnun.voopliux.dpdns.org,200,诺清隅,nginx,text/html,28692,"Nginx,jQuery",,879,
http://ndkyd.meitayouha.dpdns.org,http://ndkyd.meitayouha.dpdns.org,200,叙简川,nginx,text/html,22188,"Bootstrap,Nginx,jQuery",,780,
http://gscnayib.soertubn.dpdns.org,http://gscnayib.soertubn.dpdns.org,200,临泽珩,nginx,text/html,35686,"Nginx,jQuery",,722,
http://gxriuuhq.yasewanhg.dpdns.org,http://gxriuuhq.yasewanhg.dpdns.org,200,山水温柔集,nginx,text/html,47724,"Nginx,jQuery",,1040,
http://lrkeuh.voopliuer.dpdns.org,http://lrkeuh.voopliuer.dpdns.org,200,昭青舟,nginx,text/html,20324,Nginx,,918,
http://czxzrkl.duogongneng.dpdns.org,http://czxzrkl.duogongneng.dpdns.org,200,内理解惑,nginx,text/html,30550,Nginx,,916,
http://jvlta.soertubn.dpdns.org,http://jvlta.soertubn.dpdns.org,200,辰简隅,nginx,text/html,31623,"Bootstrap,Nginx,jQuery",,877,
http://hmivkl.fooiuoplik.dpdns.org,http://hmivkl.fooiuoplik.dpdns.org,200,诺清隅,nginx,text/html,28370,"Bootstrap,Nginx,jQuery",,939,
http://zskkvwy.lanshanhu.dpdns.org,http://zskkvwy.lanshanhu.dpdns.org,200,星亦川,nginx,text/html,21478,"Nginx,jQuery",,863,
http://jyjuxa.soertubn.dpdns.org,http://jyjuxa.soertubn.dpdns.org,200,理奥答疑,nginx,text/html,22089,"Bootstrap,Nginx,jQuery",,926,
http://wnpulolc.gpplonert.dpdns.org,http://wnpulolc.gpplonert.dpdns.org,200,南凌屿,nginx,text/html,24099,"Nginx,jQuery",,1002,
http://nobjppie.wordres.dpdns.org,http://nobjppie.wordres.dpdns.org,200,问衍,nginx,text/html,33409,"Nginx,WordPress,jQuery",,853,
http://ofbwfqg.toopert.dpdns.org,http://ofbwfqg.toopert.dpdns.org,200,安然自渡,nginx,text/html,16208,Nginx,,1030,
http://sihozjgk.toopert.dpdns.org,http://sihozjgk.toopert.dpdns.org,200,晚风拾遗,nginx,text/html,16637,Nginx,,747,
http://bffdh.fopiloi.dpdns.org,http://bffdh.fopiloi.dpdns.org,200,诺清川,nginx,text/html,22064,"Nginx,WordPress,jQuery",,762,
http://bsladnck.voopliux.dpdns.org,http://bsladnck.voopliux.dpdns.org,200,临泽屿,nginx,text/html,28462,"Nginx,jQuery",,869,
http://xawsyy.taiyangshen.dpdns.org,http://xawsyy.taiyangshen.dpdns.org,200,星亦川,nginx,text/html,29634,"Nginx,jQuery",,874,
http://viijsx.goodks.dpdns.org,http://viijsx.goodks.dpdns.org,200,凡理堂,nginx,text/html,29298,"Bootstrap,Nginx,jQuery",,790,
http://ukrvhcav.soertubn.dpdns.org,http://ukrvhcav.soertubn.dpdns.org,200,探网,nginx,text/html,24701,"Bootstrap,Nginx,jQuery",,1102,
http://emftay.voopliuer.dpdns.org,http://emftay.voopliuer.dpdns.org,200,平智阁,nginx,text/html,20857,Nginx,,903,
http://grqol.sheyedashe.dpdns.org,http://grqol.sheyedashe.dpdns.org,200,临泽屿,nginx,text/html,28647,"Nginx,jQuery",,1075,
http://xlkhndq.sheyedashe.dpdns.org,http://xlkhndq.sheyedashe.dpdns.org,200,清简时光,nginx,text/html,29460,"Nginx,jQuery",,997,
http://jixxsgm.ftiop.dpdns.org,http://jixxsgm.ftiop.dpdns.org,200,闲叙山河,nginx,text/html,35127,"Nginx,jQuery",,894,
http://rtolrwkz.soertubn.dpdns.org,http://rtolrwkz.soertubn.dpdns.org,200,南凌禾,nginx,text/html,21872,"Bootstrap,Nginx,jQuery",,887,
http://jhzvsc.wordres.dpdns.org,http://jhzvsc.wordres.dpdns.org,200,望舒网,nginx,text/html,33085,"Nginx,WordPress,jQuery",,899,
http://wlttm.yasewanhg.dpdns.org,http://wlttm.yasewanhg.dpdns.org,200,叙简白,nginx,text/html,47470,"Nginx,jQuery",,808,
http://kcdtov.toopert.dpdns.org,http://kcdtov.toopert.dpdns.org,200,睹理解惑,nginx,text/html,16292,Nginx,,785,
http://uiugj.ftiop.dpdns.org,http://uiugj.ftiop.dpdns.org,200,自叙流年日常,nginx,text/html,34712,"Nginx,jQuery",,921,
http://jbczykkf.sheyedashe.dpdns.org,http://jbczykkf.sheyedashe.dpdns.org,200,南寻,nginx,text/html,28818,"Nginx,jQuery",,854,
http://prhsg.voopliuer.dpdns.org,http://prhsg.voopliuer.dpdns.org,200,南凌川,nginx,text/html,21037,Nginx,,854,
http://xgerap.duogongneng.dpdns.org,http://xgerap.duogongneng.dpdns.org,200,清南禾,nginx,text/html,30048,Nginx,,801,
http://plhjhnlb.fopiloi.dpdns.org,http://plhjhnlb.fopiloi.dpdns.org,200,亦景屿,nginx,text/html,22105,"Nginx,WordPress,jQuery",,911,
http://vkbegro.toopert.dpdns.org,http://vkbegro.toopert.dpdns.org,200,南凌川,nginx,text/html,16355,Nginx,,718,
https://haichuang-panel.imzwr667.dpdns.org,https://haichuang-panel.imzwr667.dpdns.org,200,Meridian — Emby 反代管理面板,nginx,text/html,5140,Nginx,,581,
http://ajbpgyut.fopiloi.dpdns.org,http://ajbpgyut.fopiloi.dpdns.org,200,星亦屿,nginx,text/html,21875,"Nginx,WordPress,jQuery",,1094,
http://dqrdihwc.gpplonert.dpdns.org,http://dqrdihwc.gpplonert.dpdns.org,200,隅网,nginx,text/html,25078,"Nginx,jQuery",,1575,
http://oyrfn.rtootsatpeg.dpdns.org,http://oyrfn.rtootsatpeg.dpdns.org,200,凌云川,nginx,text/html,36839,"Nginx,jQuery",,1397,
http://btjlhdm.fopiloi.dpdns.org,http://btjlhdm.fopiloi.dpdns.org,200,青辰川,nginx,text/html,21871,"Nginx,WordPress,jQuery",,1087,
http://hqpkyek.voopliuer.dpdns.org,http://hqpkyek.voopliuer.dpdns.org,200,临屿,nginx,text/html,20796,Nginx,,1353,
http://ixjvq.fooiuoplik.dpdns.org,http://ixjvq.fooiuoplik.dpdns.org,200,默拥朝夕,nginx,text/html,29156,"Bootstrap,Nginx,jQuery",,1154,
http://fzscbx.soertubn.dpdns.org,http://fzscbx.soertubn.dpdns.org,200,答知,nginx,text/html,28090,"Bootstrap,Nginx,jQuery",,1354,
http://jdkhn.goodks.dpdns.org,http://jdkhn.goodks.dpdns.org,200,基理解惑,nginx,text/html,21462,"Nginx,jQuery",,1156,
http://otzcad.taiyangshen.dpdns.org,http://otzcad.taiyangshen.dpdns.org,200,轻叙浮生,nginx,text/html,30317,"Nginx,jQuery",,1167,
http://vtevljn.fooiuoplik.dpdns.org,http://vtevljn.fooiuoplik.dpdns.org,200,叙简珩,nginx,text/html,28549,"Bootstrap,Nginx,jQuery",,1262,
http://rwbup.fooiuoplik.dpdns.org,http://rwbup.fooiuoplik.dpdns.org,200,岑网,nginx,text/html,28980,"Bootstrap,Nginx,jQuery",,1204,
http://czufvn.goodks.dpdns.org,http://czufvn.goodks.dpdns.org,200,山海碎记,nginx,text/html,22431,"Bootstrap,Nginx",,1323,
https://uzojdn.toopert.dpdns.org,https://uzojdn.toopert.dpdns.org,200,404 Not Found,nginx,text/html,138,Nginx,,1015,
http://eanfom.boolpfont.dpdns.org,http://eanfom.boolpfont.dpdns.org,200,温藏朝夕,nginx,text/html,26222,"Bootstrap,Nginx,jQuery",,1481,
http://jskcbx.gpplonert.dpdns.org,http://jskcbx.gpplonert.dpdns.org,200,青辰白,nginx,text/html,24439,"Nginx,jQuery",,1335,
http://ytvtr.lanshanhu.dpdns.org,http://ytvtr.lanshanhu.dpdns.org,200,景昭白,nginx,text/html,20939,"Nginx,jQuery",,1341,
http://mitjqn.toopert.dpdns.org,http://mitjqn.toopert.dpdns.org,200,诺寻,nginx,text/html,16090,Nginx,,978,
http://oozezxdy.lanshanhu.dpdns.org,http://oozezxdy.lanshanhu.dpdns.org,200,知屿,nginx,text/html,21483,"Nginx,jQuery",,1297,
http://eiplezl.voopliuer.dpdns.org,http://eiplezl.voopliuer.dpdns.org,200,凌云白,nginx,text/html,20552,Nginx,,1179,
http://jzzqule.weiyutiop.dpdns.org,http://jzzqule.weiyutiop.dpdns.org,200,临泽屿,nginx,text/html,23567,Nginx,,1363,
http://zkcgphl.weiyutiop.dpdns.org,http://zkcgphl.weiyutiop.dpdns.org,200,星亦川,nginx,text/html,23664,Nginx,,1126,
http://ausyaalq.ftiop.dpdns.org,http://ausyaalq.ftiop.dpdns.org,200,景昭白,nginx,text/html,34457,"Nginx,jQuery",,1118,
http://tjfyep.meitayouha.dpdns.org,http://tjfyep.meitayouha.dpdns.org,200,凌云白,nginx,text/html,29730,"Bootstrap,Nginx,jQuery",,973,
http://cxdwa.duogongneng.dpdns.org,http://cxdwa.duogongneng.dpdns.org,200,临泽舟,nginx,text/html,30340,Nginx,,1177,
http://ulnuyl.boolpfont.dpdns.org,http://ulnuyl.boolpfont.dpdns.org,200,凌云禾,nginx,text/html,90474,"Nginx,jQuery",,1762,
http://vfmcwqy.lanshanhu.dpdns.org,http://vfmcwqy.lanshanhu.dpdns.org,200,临泽珩,nginx,text/html,21407,"Nginx,jQuery",,1211,
http://mvtij.gpplonert.dpdns.org,http://mvtij.gpplonert.dpdns.org,200,生活絮语,nginx,text/html,24002,"Nginx,jQuery",,1432,
http://henqa.rtootsatpeg.dpdns.org,http://henqa.rtootsatpeg.dpdns.org,200,诺清隅,nginx,text/html,37585,"Nginx,jQuery",,1194,
http://jyuvdupz.rtootsatpeg.dpdns.org,http://jyuvdupz.rtootsatpeg.dpdns.org,200,馥网,nginx,text/html,37693,"Nginx,jQuery",,1512,
http://pqfmnm.ftiop.dpdns.org,http://pqfmnm.ftiop.dpdns.org,200,星亦禾,nginx,text/html,33896,"Nginx,jQuery",,954,
http://olrbxha.goodks.dpdns.org,http://olrbxha.goodks.dpdns.org,200,凌云白,nginx,text/html,21435,"Nginx,jQuery",,860,
http://xwonsynf.goodks.dpdns.org,http://xwonsynf.goodks.dpdns.org,200,叙简珩,nginx,text/html,27524,"Bootstrap,Nginx,jQuery",,922,
http://nfxenanr.wordres.dpdns.org,http://nfxenanr.wordres.dpdns.org,200,解网,nginx,text/html,32945,"Nginx,WordPress,jQuery",,1054,
http://bpazivb.gpplonert.dpdns.org,http://bpazivb.gpplonert.dpdns.org,200,亦景屿,nginx,text/html,24194,"Nginx,jQuery",,1099,
http://muntvjx.goodks.dpdns.org,http://muntvjx.goodks.dpdns.org,200,青珩,nginx,text/html,20999,"Nginx,jQuery",,924,
http://szbrcauy.toopert.dpdns.org,http://szbrcauy.toopert.dpdns.org,200,南凌川,nginx,text/html,16611,Nginx,,765,
http://zxlxfvz.weiyutiop.dpdns.org,http://zxlxfvz.weiyutiop.dpdns.org,200,温书日常,nginx,text/html,23161,Nginx,,1049,
http://dzmgx.soertubn.dpdns.org,http://dzmgx.soertubn.dpdns.org,200,景寻,nginx,text/html,58279,"Nginx,jQuery",,1703,
https://jriqx.wordres.dpdns.org,https://jriqx.wordres.dpdns.org,200,404 Not Found,nginx,text/html,138,Nginx,,738,
http://iaeug.soertubn.dpdns.org,http://iaeug.soertubn.dpdns.org,200,默渡人间,nginx,text/html,35674,"Nginx,jQuery",,909,
http://zepradp.meitayouha.dpdns.org,http://zepradp.meitayouha.dpdns.org,200,南凌川,nginx,text/html,22402,"Bootstrap,Nginx",,1017,
http://gauica.fopiloi.dpdns.org,http://gauica.fopiloi.dpdns.org,200,夏光手记,nginx,text/html,22018,"Nginx,WordPress,jQuery",,809,
http://wzfnzwi.yasewanhg.dpdns.org,http://wzfnzwi.yasewanhg.dpdns.org,200,独藏生活碎笔,nginx,text/html,47836,"Nginx,jQuery",,1031,
http://mvcdwgc.yasewanhg.dpdns.org,http://mvcdwgc.yasewanhg.dpdns.org,200,宁答辨,nginx,text/html,48086,"Nginx,jQuery",,884,
http://jwkdztrf.yasewanhg.dpdns.org,http://jwkdztrf.yasewanhg.dpdns.org,200,凌云禾,nginx,text/html,47793,"Nginx,jQuery",,776,
http://cslvkmg.fopiloi.dpdns.org,http://cslvkmg.fopiloi.dpdns.org,200,诺清川,nginx,text/html,21930,"Nginx,WordPress,jQuery",,802,
http://qelscl.duogongneng.dpdns.org,http://qelscl.duogongneng.dpdns.org,200,泽知白,nginx,text/html,29603,Nginx,,843,
http://otlcgg.soertubn.dpdns.org,http://otlcgg.soertubn.dpdns.org,200,临泽屿,nginx,text/html,24285,Nginx,,1142,
http://ultvw.toopert.dpdns.org,http://ultvw.toopert.dpdns.org,200,临泽珩,nginx,text/html,16106,Nginx,,716,
http://izrmaeiv.fooiuoplik.dpdns.org,http://izrmaeiv.fooiuoplik.dpdns.org,200,青辰白,nginx,text/html,28504,"Bootstrap,Nginx,jQuery",,830,
http://yftvnsm.fooiuoplik.dpdns.org,http://yftvnsm.fooiuoplik.dpdns.org,200,慢记温柔,nginx,text/html,28724,"Bootstrap,Nginx,jQuery",,1018,
http://brieksh.meitayouha.dpdns.org,http://brieksh.meitayouha.dpdns.org,200,全网,nginx,text/html,25154,"Nginx,jQuery",,951,
http://ojhlz.toopert.dpdns.org,http://ojhlz.toopert.dpdns.org,200,轻记浮生,nginx,text/html,15865,Nginx,,776,
http://pnvzabe.toopert.dpdns.org,http://pnvzabe.toopert.dpdns.org,200,沐珩,nginx,text/html,16245,Nginx,,797,
http://sviwbdef.taiyangshen.dpdns.org,http://sviwbdef.taiyangshen.dpdns.org,200,景昭白,nginx,text/html,30756,"Nginx,jQuery",,850,
http://reqdice.gpplonert.dpdns.org,http://reqdice.gpplonert.dpdns.org,200,诺清川,nginx,text/html,23971,"Nginx,jQuery",,1167,
http://syp.weiyutiop.dpdns.org,http://syp.weiyutiop.dpdns.org,200,诺寻,nginx,text/html,23494,Nginx,,756,
http://izliwo.fooiuoplik.dpdns.org,http://izliwo.fooiuoplik.dpdns.org,200,风禾纪事,nginx,text/html,28235,"Bootstrap,Nginx,jQuery",,862,
http://mfxrdul.yasewanhg.dpdns.org,http://mfxrdul.yasewanhg.dpdns.org,200,松弛自渡,nginx,text/html,48665,"Nginx,jQuery",,929,
http://aavlmqq.fooiuoplik.dpdns.org,http://aavlmqq.fooiuoplik.dpdns.org,200,凌云川,nginx,text/html,28798,"Bootstrap,Nginx,jQuery",,851,
http://spiwchze.soertubn.dpdns.org,http://spiwchze.soertubn.dpdns.org,200,凌云白,nginx,text/html,49124,"Nginx,jQuery",,1650,
http://xrwgsu.voopliux.dpdns.org,http://xrwgsu.voopliux.dpdns.org,200,星亦禾,nginx,text/html,28761,"Nginx,jQuery",,858,
http://ypnhrz.voopliux.dpdns.org,http://ypnhrz.voopliux.dpdns.org,200,临泽舟,nginx,text/html,28573,"Nginx,jQuery",,852,
http://pcgin.taiyangshen.dpdns.org,http://pcgin.taiyangshen.dpdns.org,200,问廓库,nginx,text/html,30137,"Nginx,jQuery",,869,
http://osagtckx.meitayouha.dpdns.org,http://osagtckx.meitayouha.dpdns.org,200,临川,nginx,text/html,49670,"Nginx,jQuery",,1242,
http://lxgsnmp.duogongneng.dpdns.org,http://lxgsnmp.duogongneng.dpdns.org,200,朝暮手记,nginx,text/html,31011,Nginx,,949,
http://zvsmu.yasewanhg.dpdns.org,http://zvsmu.yasewanhg.dpdns.org,200,叙简川,nginx,text/html,47231,"Nginx,jQuery",,886,
http://dhkfunk.ftiop.dpdns.org,http://dhkfunk.ftiop.dpdns.org,200,青辰白,nginx,text/html,34632,"Nginx,jQuery",,1050,
http://azzgka.yasewanhg.dpdns.org,http://azzgka.yasewanhg.dpdns.org,200,万象库,nginx,text/html,47619,"Nginx,jQuery",,1033,
http://lobcpkl.soertubn.dpdns.org,http://lobcpkl.soertubn.dpdns.org,200,星亦屿,nginx,text/html,19670,Nginx,,986,
http://lkcllj.lanshanhu.dpdns.org,http://lkcllj.lanshanhu.dpdns.org,200,望辨解惑,nginx,text/html,21377,"Nginx,jQuery",,1137,
http://cwhra.gpplonert.dpdns.org,http://cwhra.gpplonert.dpdns.org,200,游网,nginx,text/html,24179,"Nginx,jQuery",,1291,
http://admakm.taiyangshen.dpdns.org,http://admakm.taiyangshen.dpdns.org,200,泽知珩,nginx,text/html,30085,"Nginx,jQuery",,928,
http://ugpmhgr.fopiloi.dpdns.org,http://ugpmhgr.fopiloi.dpdns.org,200,临泽珩,nginx,text/html,21555,"Nginx,WordPress,jQuery",,1158,
http://ixwlomn.yasewanhg.dpdns.org,http://ixwlomn.yasewanhg.dpdns.org,200,悠网,nginx,text/html,47654,"Nginx,jQuery",,953,
http://vwlyt.goodks.dpdns.org,http://vwlyt.goodks.dpdns.org,200,温柔自渡,nginx,text/html,30926,Nginx,,1237,
http://pupqhs.voopliuer.dpdns.org,http://pupqhs.voopliuer.dpdns.org,200,衡暮风,nginx,text/html,20609,Nginx,,1104,
http://kjlpkwfx.yasewanhg.dpdns.org,http://kjlpkwfx.yasewanhg.dpdns.org,200,诺清禾,nginx,text/html,48062,"Nginx,jQuery",,1039,
http://raiplbn.gpplonert.dpdns.org,http://raiplbn.gpplonert.dpdns.org,200,南禾,nginx,text/html,24656,"Nginx,jQuery",,1270,
http://pgddvx.toopert.dpdns.org,http://pgddvx.toopert.dpdns.org,200,松弛纪事,nginx,text/html,16078,Nginx,,1192,
http://hcmhbx.voopliuer.dpdns.org,http://hcmhbx.voopliuer.dpdns.org,200,沐隅,nginx,text/html,20745,Nginx,,1189,
http://ckaelijm.gpplonert.dpdns.org,http://ckaelijm.gpplonert.dpdns.org,200,叙简川,nginx,text/html,24438,"Nginx,jQuery",,1255,
http://fawshcie.gpplonert.dpdns.org,http://fawshcie.gpplonert.dpdns.org,200,临泽舟,nginx,text/html,24882,"Nginx,jQuery",,1221,
http://mdmheplr.taiyangshen.dpdns.org,http://mdmheplr.taiyangshen.dpdns.org,200,星亦川,nginx,text/html,30338,"Nginx,jQuery",,1027,
http://swfpnq.voopliux.dpdns.org,http://swfpnq.voopliux.dpdns.org,200,探网,nginx,text/html,28475,"Nginx,jQuery",,1120,
http://citilc.lanshanhu.dpdns.org,http://citilc.lanshanhu.dpdns.org,200,景寻,nginx,text/html,21388,"Nginx,jQuery",,1023,
http://zzzymvb.fopiloi.dpdns.org,http://zzzymvb.fopiloi.dpdns.org,200,青辰珩,nginx,text/html,21316,"Nginx,WordPress,jQuery",,874,
http://tegbrx.weiyutiop.dpdns.org,http://tegbrx.weiyutiop.dpdns.org,200,星亦川,nginx,text/html,22960,Nginx,,1095,
http://gohzmb.taiyangshen.dpdns.org,http://gohzmb.taiyangshen.dpdns.org,200,星亦川,nginx,text/html,30524,"Nginx,jQuery",,1075,
http://prktoq.taiyangshen.dpdns.org,http://prktoq.taiyangshen.dpdns.org,200,青辰川,nginx,text/html,29926,"Nginx,jQuery",,1015,
http://hyevtgvq.fopiloi.dpdns.org,http://hyevtgvq.fopiloi.dpdns.org,200,青辰川,nginx,text/html,21547,"Nginx,WordPress,jQuery",,1045,
http://kfskn.duogongneng.dpdns.org,http://kfskn.duogongneng.dpdns.org,200,杏网,nginx,text/html,30325,Nginx,,1019,
http://ajeakfp.gpplonert.dpdns.org,http://ajeakfp.gpplonert.dpdns.org,200,临泽屿,nginx,text/html,24325,"Nginx,jQuery",,1235,
http://xogyyn.weiyutiop.dpdns.org,http://xogyyn.weiyutiop.dpdns.org,200,南凌川,nginx,text/html,22857,Nginx,,935,
http://mzzpl.fooiuoplik.dpdns.org,http://mzzpl.fooiuoplik.dpdns.org,200,星亦屿,nginx,text/html,29136,"Bootstrap,Nginx,jQuery",,885,
http://kowfmwlc.voopliuer.dpdns.org,http://kowfmwlc.voopliuer.dpdns.org,200,复断解惑,nginx,text/html,20445,Nginx,,754,
http://psajcqd.soertubn.dpdns.org,http://psajcqd.soertubn.dpdns.org,200,诺清禾,nginx,text/html,27059,"Bootstrap,Nginx,jQuery",,1627,
http://eyiusix.voopliux.dpdns.org,http://eyiusix.voopliux.dpdns.org,200,沐珩,nginx,text/html,29110,"Nginx,jQuery",,995,
http://rqlgvpl.boolpfont.dpdns.org,http://rqlgvpl.boolpfont.dpdns.org,200,南凌屿,nginx,text/html,47607,"Nginx,jQuery",,1191,
http://dhpipoa.gpplonert.dpdns.org,http://dhpipoa.gpplonert.dpdns.org,200,叙简珩,nginx,text/html,23142,"Nginx,jQuery",,1059,
http://urdssg.voopliux.dpdns.org,http://urdssg.voopliux.dpdns.org,200,山野情书,nginx,text/html,28595,"Nginx,jQuery",,895,
http://ssdcuui.soertubn.dpdns.org,http://ssdcuui.soertubn.dpdns.org,200,弘辨解惑,nginx,text/html,23551,"Nginx,jQuery",,867,
http://qntmt.goodks.dpdns.org,http://qntmt.goodks.dpdns.org,200,宣辨解惑,nginx,text/html,49427,"Nginx,jQuery",,2021,
http://uzeas.fopiloi.dpdns.org,http://uzeas.fopiloi.dpdns.org,200,南珩,nginx,text/html,21503,"Nginx,WordPress,jQuery",,743,
http://kztbhjgl.fooiuoplik.dpdns.org,http://kztbhjgl.fooiuoplik.dpdns.org,200,景昭白,nginx,text/html,28956,"Bootstrap,Nginx,jQuery",,812,
http://wfuvz.voopliux.dpdns.org,http://wfuvz.voopliux.dpdns.org,200,凌云川,nginx,text/html,28525,"Nginx,jQuery",,778,
http://npdifc.fooiuoplik.dpdns.org,http://npdifc.fooiuoplik.dpdns.org,200,叙简白,nginx,text/html,28727,"Bootstrap,Nginx,jQuery",,909,
http://yfscwwy.voopliux.dpdns.org,http://yfscwwy.voopliux.dpdns.org,200,询辨堂,nginx,text/html,28606,"Nginx,jQuery",,867,
http://verrnk.gpplonert.dpdns.org,http://verrnk.gpplonert.dpdns.org,200,闲写温柔,nginx,text/html,24374,"Nginx,jQuery",,949,
http://nyaoluj.duogongneng.dpdns.org,http://nyaoluj.duogongneng.dpdns.org,200,诺清禾,nginx,text/html,30271,Nginx,,872,
http://jplsvg.sheyedashe.dpdns.org,http://jplsvg.sheyedashe.dpdns.org,200,慢温山河,nginx,text/html,28164,"Nginx,jQuery",,1092,
http://tjdzhg.duogongneng.dpdns.org,http://tjdzhg.duogongneng.dpdns.org,200,芽网,nginx,text/html,30539,Nginx,,891,
http://muemm.lanshanhu.dpdns.org,http://muemm.lanshanhu.dpdns.org,200,星白,nginx,text/html,21123,"Nginx,jQuery",,911,
http://lulzm.goodks.dpdns.org,http://lulzm.goodks.dpdns.org,200,星亦禾,nginx,text/html,27838,"Bootstrap,Nginx,jQuery",,973,
http://oenchvln.yasewanhg.dpdns.org,http://oenchvln.yasewanhg.dpdns.org,200,青禾,nginx,text/html,47696,"Nginx,jQuery",,957,
http://yrhomyi.boolpfont.dpdns.org,http://yrhomyi.boolpfont.dpdns.org,200,临屿,nginx,text/html,67308,Nginx,,1587,
http://ozowfbte.lanshanhu.dpdns.org,http://ozowfbte.lanshanhu.dpdns.org,200,南禾,nginx,text/html,21544,"Nginx,jQuery",,954,
http://ocnmbfl.fooiuoplik.dpdns.org,http://ocnmbfl.fooiuoplik.dpdns.org,200,临泽屿,nginx,text/html,28492,"Bootstrap,Nginx,jQuery",,781,
http://hgxrczdv.boolpfont.dpdns.org,http://hgxrczdv.boolpfont.dpdns.org,200,复理解惑,nginx,text/html,24963,Nginx,,861,
http://ezjmbpq.weiyutiop.dpdns.org,http://ezjmbpq.weiyutiop.dpdns.org,200,叙简川,nginx,text/html,23186,Nginx,,945,
http://cfiqprj.weiyutiop.dpdns.org,http://cfiqprj.weiyutiop.dpdns.org,200,荷叙网,nginx,text/html,23429,Nginx,,1125,
http://wzdtrrdv.weiyutiop.dpdns.org,http://wzdtrrdv.weiyutiop.dpdns.org,200,青隅,nginx,text/html,23458,Nginx,,993,
http://ouhoapvt.sheyedashe.dpdns.org,http://ouhoapvt.sheyedashe.dpdns.org,200,慢拾时光,nginx,text/html,28832,"Nginx,jQuery",,864,
http://ylecn.sheyedashe.dpdns.org,http://ylecn.sheyedashe.dpdns.org,200,凌云白,nginx,text/html,29357,"Nginx,jQuery",,967,
http://ugihdnqu.weiyutiop.dpdns.org,http://ugihdnqu.weiyutiop.dpdns.org,200,临泽屿,nginx,text/html,23092,Nginx,,1163,
http://xzpjqgru.soertubn.dpdns.org,http://xzpjqgru.soertubn.dpdns.org,200,环知解惑,nginx,text/html,36288,Nginx,,1499,
http://rxvresu.soertubn.dpdns.org,http://rxvresu.soertubn.dpdns.org,200,南凌禾,nginx,text/html,27318,"Bootstrap,Nginx",,977,
http://caglx.weiyutiop.dpdns.org,http://caglx.weiyutiop.dpdns.org,200,众答解惑,nginx,text/html,23687,Nginx,,844,
http://zenqip.boolpfont.dpdns.org,http://zenqip.boolpfont.dpdns.org,200,寻网,nginx,text/html,21814,"Bootstrap,Nginx,jQuery",,883,
http://povppztu.weiyutiop.dpdns.org,http://povppztu.weiyutiop.dpdns.org,200,安然自渡,nginx,text/html,23178,Nginx,,1054,
http://ltvsdgz.yasewanhg.dpdns.org,http://ltvsdgz.yasewanhg.dpdns.org,200,叙简川,nginx,text/html,48046,"Nginx,jQuery",,1113,
http://eafbovmg.ftiop.dpdns.org,http://eafbovmg.ftiop.dpdns.org,200,宁答祈,nginx,text/html,34530,"Nginx,jQuery",,1324,
http://jvffyb.lanshanhu.dpdns.org,http://jvffyb.lanshanhu.dpdns.org,200,时光余温,nginx,text/html,21380,"Nginx,jQuery",,1008,
http://kxnegeib.wordres.dpdns.org,http://kxnegeib.wordres.dpdns.org,200,断省解惑,nginx,text/html,33427,"Nginx,WordPress,jQuery",,1203,
http://cvvgf.sheyedashe.dpdns.org,http://cvvgf.sheyedashe.dpdns.org,200,望理解惑,nginx,text/html,28567,"Nginx,jQuery",,1206,
http://ertbun.lanshanhu.dpdns.org,http://ertbun.lanshanhu.dpdns.org,200,南凌屿,nginx,text/html,21472,"Nginx,jQuery",,1060,
http://abbwszc.fopiloi.dpdns.org,http://abbwszc.fopiloi.dpdns.org,200,景昭白,nginx,text/html,21563,"Nginx,WordPress,jQuery",,1028,
http://effliihv.ftiop.dpdns.org,http://effliihv.ftiop.dpdns.org,200,半盏光阴,nginx,text/html,33581,"Nginx,jQuery",,1117,
http://ysdjjz.soertubn.dpdns.org,http://ysdjjz.soertubn.dpdns.org,200,智能答疑,nginx,text/html,81976,Nginx,,1428,
http://enbnckxp.rtootsatpeg.dpdns.org,http://enbnckxp.rtootsatpeg.dpdns.org,200,问祈,nginx,text/html,37398,"Nginx,jQuery",,1337,
http://spukbrw.fopiloi.dpdns.org,http://spukbrw.fopiloi.dpdns.org,200,安然随笔,nginx,text/html,21528,"Nginx,WordPress,jQuery",,1032,
http://bfzmdk.weiyutiop.dpdns.org,http://bfzmdk.weiyutiop.dpdns.org,200,振断解惑,nginx,text/html,23089,Nginx,,1162,
http://pcjpm.voopliux.dpdns.org,http://pcjpm.voopliux.dpdns.org,200,凌云川,nginx,text/html,28637,"Nginx,jQuery",,1193,
http://xnyeenij.yasewanhg.dpdns.org,http://xnyeenij.yasewanhg.dpdns.org,200,盼夏网,nginx,text/html,47347,"Nginx,jQuery",,1219,
http://hycpiqqs.ftiop.dpdns.org,http://hycpiqqs.ftiop.dpdns.org,200,百科答疑,nginx,text/html,33644,"Nginx,jQuery",,1217,
http://sumll.yasewanhg.dpdns.org,http://sumll.yasewanhg.dpdns.org,200,静温岁月,nginx,text/html,47591,"Nginx,jQuery",,996,
http://jddborf.boolpfont.dpdns.org,http://jddborf.boolpfont.dpdns.org,200,轻写山河,nginx,text/html,25820,"Nginx,jQuery",,914,
http://lezssx.rtootsatpeg.dpdns.org,http://lezssx.rtootsatpeg.dpdns.org,200,显辨解惑,nginx,text/html,37594,"Nginx,jQuery",,1410,
http://hdwjg.ftiop.dpdns.org,http://hdwjg.ftiop.dpdns.org,200,启理解惑,nginx,text/html,34014,"Nginx,jQuery",,1318,
http://dverlpjq.wordres.dpdns.org,http://dverlpjq.wordres.dpdns.org,200,桐网,nginx,text/html,33357,"Nginx,WordPress,jQuery",,1162,
http://oupghfll.rtootsatpeg.dpdns.org,http://oupghfll.rtootsatpeg.dpdns.org,200,星亦禾,nginx,text/html,37718,"Nginx,jQuery",,1234,
http://wprjwo.duogongneng.dpdns.org,http://wprjwo.duogongneng.dpdns.org,200,凌云禾,nginx,text/html,30649,Nginx,,1113,
http://rvfdw.fopiloi.dpdns.org,http://rvfdw.fopiloi.dpdns.org,200,泽知珩,nginx,text/html,21657,"Nginx,WordPress,jQuery",,1200,
http://qwdxlr.ftiop.dpdns.org,http://qwdxlr.ftiop.dpdns.org,200,诺清隅,nginx,text/html,34309,"Nginx,jQuery",,1156,
http://jupoc.ftiop.dpdns.org,http://jupoc.ftiop.dpdns.org,200,知行库,nginx,text/html,34555,"Nginx,jQuery",,1136,
http://yakylp.wordres.dpdns.org,http://yakylp.wordres.dpdns.org,200,凌云川,nginx,text/html,32697,"Nginx,WordPress,jQuery",,1261,
http://whlhuqq.ftiop.dpdns.org,http://whlhuqq.ftiop.dpdns.org,200,答析阁,nginx,text/html,34485,"Nginx,jQuery",,1237,
http://agaetdcc.goodks.dpdns.org,http://agaetdcc.goodks.dpdns.org,200,辰简隅,nginx,text/html,33514,"Nginx,jQuery",,1273,
http://usbnzzu.fooiuoplik.dpdns.org,http://usbnzzu.fooiuoplik.dpdns.org,200,静写日常,nginx,text/html,28462,"Bootstrap,Nginx,jQuery",,828,
http://vnwwr.taiyangshen.dpdns.org,http://vnwwr.taiyangshen.dpdns.org,200,辰沐禾,nginx,text/html,30432,"Nginx,jQuery",,910,
http://xnntk.sheyedashe.dpdns.org,http://xnntk.sheyedashe.dpdns.org,200,景昭屿,nginx,text/html,29514,"Nginx,jQuery",,853,
http://uzklb.duogongneng.dpdns.org,http://uzklb.duogongneng.dpdns.org,200,亦景川,nginx,text/html,30540,Nginx,,824,
http://sknoww.fopiloi.dpdns.org,http://sknoww.fopiloi.dpdns.org,200,明叙,nginx,text/html,22129,"Nginx,WordPress,jQuery",,773,
http://hzhvh.soertubn.dpdns.org,http://hzhvh.soertubn.dpdns.org,200,叙简川,nginx,text/html,16255,Nginx,,795,
http://kgusmja.voopliuer.dpdns.org,http://kgusmja.voopliuer.dpdns.org,200,疏诺屿,nginx,text/html,20773,Nginx,,855,
http://xzikx.toopert.dpdns.org,http://xzikx.toopert.dpdns.org,200,衡寻屿,nginx,text/html,16126,Nginx,,830,
http://lthhhep.lanshanhu.dpdns.org,http://lthhhep.lanshanhu.dpdns.org,200,瞻辨解惑,nginx,text/html,21466,"Nginx,jQuery",,805,
http://qyngov.sheyedashe.dpdns.org,http://qyngov.sheyedashe.dpdns.org,200,诺清隅,nginx,text/html,28857,"Nginx,jQuery",,847,
https://bgvfcv.fooiuoplik.dpdns.org,https://bgvfcv.fooiuoplik.dpdns.org,200,404 Not Found,nginx,text/html,138,Nginx,,631,
http://dkzhivn.weiyutiop.dpdns.org,http://dkzhivn.weiyutiop.dpdns.org,200,星亦禾,nginx,text/html,23252,Nginx,,836,
http://ahhrs.duogongneng.dpdns.org,http://ahhrs.duogongneng.dpdns.org,200,明理解惑,nginx,text/html,30151,Nginx,,718,
http://hfsilaun.meitayouha.dpdns.org,http://hfsilaun.meitayouha.dpdns.org,200,星亦屿,nginx,text/html,59113,"Nginx,jQuery",,1530,
http://xojmwsng.lanshanhu.dpdns.org,http://xojmwsng.lanshanhu.dpdns.org,200,青辰珩,nginx,text/html,20594,"Nginx,jQuery",,843,
http://pekthggv.weiyutiop.dpdns.org,http://pekthggv.weiyutiop.dpdns.org,200,觅廓库,nginx,text/html,23515,Nginx,,783,
http://gfysb.goodks.dpdns.org,http://gfysb.goodks.dpdns.org,200,临泽舟,nginx,text/html,90127,"Nginx,jQuery",,1262,
http://isnrft.weiyutiop.dpdns.org,http://isnrft.weiyutiop.dpdns.org,200,清醒自愈,nginx,text/html,23058,Nginx,,808,
http://wuebekwu.wordres.dpdns.org,http://wuebekwu.wordres.dpdns.org,200,南凌屿,nginx,text/html,33444,"Nginx,WordPress,jQuery",,870,
http://aftvglxb.sheyedashe.dpdns.org,http://aftvglxb.sheyedashe.dpdns.org,200,叙简川,nginx,text/html,28850,"Nginx,jQuery",,970,
http://uhoaljs.wordres.dpdns.org,http://uhoaljs.wordres.dpdns.org,200,舍网,nginx,text/html,32878,"Nginx,WordPress,jQuery",,828,
http://qzrflcq.fopiloi.dpdns.org,http://qzrflcq.fopiloi.dpdns.org,200,亦景屿,nginx,text/html,21876,"Nginx,WordPress,jQuery",,777,
http://ogjgceme.goodks.dpdns.org,http://ogjgceme.goodks.dpdns.org,200,苗网,nginx,text/html,38135,"Bootstrap,Nginx,jQuery",,937,
http://dvfegxp.gpplonert.dpdns.org,http://dvfegxp.gpplonert.dpdns.org,200,南凌屿,nginx,text/html,24826,"Nginx,jQuery",,954,
http://caxubjth.gpplonert.dpdns.org,http://caxubjth.gpplonert.dpdns.org,200,凌云白,nginx,text/html,24024,"Nginx,jQuery",,1024,
http://qcflylus.wordres.dpdns.org,http://qcflylus.wordres.dpdns.org,200,南凌禾,nginx,text/html,33040,"Nginx,WordPress,jQuery",,914,
http://dgutfb.weiyutiop.dpdns.org,http://dgutfb.weiyutiop.dpdns.org,200,景寻,nginx,text/html,23961,Nginx,,760,
http://egtje.gpplonert.dpdns.org,http://egtje.gpplonert.dpdns.org,200,禾网,nginx,text/html,24507,"Nginx,jQuery",,898,
http://mhejs.sheyedashe.dpdns.org,http://mhejs.sheyedashe.dpdns.org,200,南凌屿,nginx,text/html,28989,"Nginx,jQuery",,809,
https://nvwqvguk.taiyangshen.dpdns.org,https://nvwqvguk.taiyangshen.dpdns.org,200,404 Not Found,nginx,text/html,138,Nginx,,619,
http://zcfqereq.wordres.dpdns.org,http://zcfqereq.wordres.dpdns.org,200,临泽屿,nginx,text/html,32808,"Nginx,WordPress,jQuery",,1028,
http://oqpnw.yasewanhg.dpdns.org,http://oqpnw.yasewanhg.dpdns.org,200,慢热随笔,nginx,text/html,47494,"Nginx,jQuery",,877,
http://pbyza.meitayouha.dpdns.org,http://pbyza.meitayouha.dpdns.org,200,诺珩,nginx,text/html,32560,"Bootstrap,Nginx,jQuery",,910,
http://apergew.taiyangshen.dpdns.org,http://apergew.taiyangshen.dpdns.org,200,辰简珩,nginx,text/html,30362,"Nginx,jQuery",,884,
http://lgpmua.lanshanhu.dpdns.org,http://lgpmua.lanshanhu.dpdns.org,200,南凌屿,nginx,text/html,21373,"Nginx,jQuery",,1019,
http://bnbtfwa.toopert.dpdns.org,http://bnbtfwa.toopert.dpdns.org,200,景昭白,nginx,text/html,16241,Nginx,,853,
https://rugcnrdp.yasewanhg.dpdns.org,https://rugcnrdp.yasewanhg.dpdns.org,200,404 Not Found,nginx,text/html,138,Nginx,,643,
http://dfkqq.lanshanhu.dpdns.org,http://dfkqq.lanshanhu.dpdns.org,200,轻温流年,nginx,text/html,21333,"Nginx,jQuery",,828,
http://cccbvevz.meitayouha.dpdns.org,http://cccbvevz.meitayouha.dpdns.org,200,南珩,nginx,text/html,54577,"Nginx,jQuery",,1713,
http://kqkskax.voopliux.dpdns.org,http://kqkskax.voopliux.dpdns.org,200,博判解惑,nginx,text/html,28670,"Nginx,jQuery",,889,
http://xd.goodks.dpdns.org,http://xd.goodks.dpdns.org,200,亦景川,nginx,text/html,25172,"Bootstrap,Nginx,jQuery",,989,
http://lmxhhqe.gpplonert.dpdns.org,http://lmxhhqe.gpplonert.dpdns.org,200,泽知珩,nginx,text/html,25145,"Nginx,jQuery",,1131,
http://ktpuanje.voopliuer.dpdns.org,http://ktpuanje.voopliuer.dpdns.org,200,通识库,nginx,text/html,20576,Nginx,,766,
http://ojotjyxu.rtootsatpeg.dpdns.org,http://ojotjyxu.rtootsatpeg.dpdns.org,200,自愈人间,nginx,text/html,38195,"Nginx,jQuery",,995,
http://iufos.weiyutiop.dpdns.org,http://iufos.weiyutiop.dpdns.org,200,坊网,nginx,text/html,23646,Nginx,,1006,
http://fggxcx.sheyedashe.dpdns.org,http://fggxcx.sheyedashe.dpdns.org,200,景昭屿,nginx,text/html,28858,"Nginx,jQuery",,824,
http://hvikccv.voopliuer.dpdns.org,http://hvikccv.voopliuer.dpdns.org,200,南凌禾,nginx,text/html,20415,Nginx,,919,
http://aplkxy.weiyutiop.dpdns.org,http://aplkxy.weiyutiop.dpdns.org,200,景川,nginx,text/html,23041,Nginx,,757,
http://kdovjkj.weiyutiop.dpdns.org,http://kdovjkj.weiyutiop.dpdns.org,200,自渡人间,nginx,text/html,23367,Nginx,,838,
http://mswmu.wordres.dpdns.org,http://mswmu.wordres.dpdns.org,200,星亦屿,nginx,text/html,32520,"Nginx,WordPress,jQuery",,799,
http://qgtgy.boolpfont.dpdns.org,http://qgtgy.boolpfont.dpdns.org,200,临泽屿,nginx,text/html,30168,"Nginx,jQuery",,720,
http://dpexzqzj.toopert.dpdns.org,http://dpexzqzj.toopert.dpdns.org,200,昭寻珩,nginx,text/html,16683,Nginx,,943,
http://xudpgk.toopert.dpdns.org,http://xudpgk.toopert.dpdns.org,200,静拾岁月,nginx,text/html,16207,Nginx,,857,
http://otpxg.yasewanhg.dpdns.org,http://otpxg.yasewanhg.dpdns.org,200,时光慢叙,nginx,text/html,47516,"Nginx,jQuery",,902,
http://xnsmyeb.wordres.dpdns.org,http://xnsmyeb.wordres.dpdns.org,200,元判解惑,nginx,text/html,33058,"Nginx,WordPress,jQuery",,939,
http://asinustc.goodks.dpdns.org,http://asinustc.goodks.dpdns.org,200,叙简白,nginx,text/html,18282,"Bootstrap,Nginx",,1091,
http://tblnsowt.ftiop.dpdns.org,http://tblnsowt.ftiop.dpdns.org,200,凌云禾,nginx,text/html,34592,"Nginx,jQuery",,1010,
http://iejatt.yasewanhg.dpdns.org,http://iejatt.yasewanhg.dpdns.org,200,村网,nginx,text/html,48272,"Nginx,jQuery",,908,
http://ozxeini.soertubn.dpdns.org,http://ozxeini.soertubn.dpdns.org,200,景昭珩,nginx,text/html,42814,Nginx,,1098,
http://ouybh.duogongneng.dpdns.org,http://ouybh.duogongneng.dpdns.org,200,星亦川,nginx,text/html,30031,Nginx,,894,
http://tnytu.fopiloi.dpdns.org,http://tnytu.fopiloi.dpdns.org,200,简白时光,nginx,text/html,21539,"Nginx,WordPress,jQuery",,1091,
http://lphapqy.wordres.dpdns.org,http://lphapqy.wordres.dpdns.org,200,问衍,nginx,text/html,33261,"Nginx,WordPress,jQuery",,935,
http://npdhimu.voopliux.dpdns.org,http://npdhimu.voopliux.dpdns.org,200,凌云白,nginx,text/html,29120,"Nginx,jQuery",,1032,
http://ahqdxulm.goodks.dpdns.org,http://ahqdxulm.goodks.dpdns.org,200,星白,nginx,text/html,119276,Nginx,,2335,
http://pbo.taiyangshen.dpdns.org,http://pbo.taiyangshen.dpdns.org,200,星亦川,nginx,text/html,30086,"Nginx,jQuery",,949,
http://rdnghnqr.fopiloi.dpdns.org,http://rdnghnqr.fopiloi.dpdns.org,200,答序问理,nginx,text/html,21786,"Nginx,WordPress,jQuery",,1183,
http://szxdkq.soertubn.dpdns.org,http://szxdkq.soertubn.dpdns.org,200,简寻,nginx,text/html,47742,"Nginx,jQuery",,1431,
http://egxozg.meitayouha.dpdns.org,http://egxozg.meitayouha.dpdns.org,200,径网,nginx,text/html,22502,"Bootstrap,Nginx",,529,
http://yqweic.fopiloi.dpdns.org,http://yqweic.fopiloi.dpdns.org,200,诺清禾,nginx,text/html,21406,"Nginx,WordPress,jQuery",,880,
http://srsydqjh.toopert.dpdns.org,http://srsydqjh.toopert.dpdns.org,200,临泽屿,nginx,text/html,16378,Nginx,,990,
http://xlrgj.goodks.dpdns.org,http://xlrgj.goodks.dpdns.org,200,青辰珩,nginx,text/html,21494,"Bootstrap,Nginx",,1326,
http://ezlzuza.gpplonert.dpdns.org,http://ezlzuza.gpplonert.dpdns.org,200,叙简珩,nginx,text/html,24336,"Nginx,jQuery",,1192,
http://knpwcsi.lanshanhu.dpdns.org,http://knpwcsi.lanshanhu.dpdns.org,200,凌云川,nginx,text/html,21255,"Nginx,jQuery",,1221,
http://esfgmt.lanshanhu.dpdns.org,http://esfgmt.lanshanhu.dpdns.org,200,青川,nginx,text/html,21637,"Nginx,jQuery",,1207,
http://cnxyzm.ftiop.dpdns.org,http://cnxyzm.ftiop.dpdns.org,200,扬断解惑,nginx,text/html,34248,"Nginx,jQuery",,1118,
http://foyovnog.boolpfont.dpdns.org,http://foyovnog.boolpfont.dpdns.org,200,人间闲散随笔,nginx,text/html,23780,"Bootstrap,Nginx,jQuery",,1256,
http://ufdxtobl.rtootsatpeg.dpdns.org,http://ufdxtobl.rtootsatpeg.dpdns.org,200,青辰川,nginx,text/html,37595,"Nginx,jQuery",,1346,
http://qdpemlaf.meitayouha.dpdns.org,http://qdpemlaf.meitayouha.dpdns.org,200,临泽舟,nginx,text/html,21947,"Nginx,jQuery",,1053,
http://zkwrogf.ftiop.dpdns.org,http://zkwrogf.ftiop.dpdns.org,200,叙简珩,nginx,text/html,33468,"Nginx,jQuery",,1437,
http://buncueso.rtootsatpeg.dpdns.org,http://buncueso.rtootsatpeg.dpdns.org,200,思涧寻知,nginx,text/html,37877,"Nginx,jQuery",,1667,
http://szxnbq.voopliux.dpdns.org,http://szxnbq.voopliux.dpdns.org,200,星亦川,nginx,text/html,28348,"Nginx,jQuery",,1118,
http://pukqfbzc.voopliux.dpdns.org,http://pukqfbzc.voopliux.dpdns.org,200,真网,nginx,text/html,28380,"Nginx,jQuery",,1259,
http://ioyfw.rtootsatpeg.dpdns.org,http://ioyfw.rtootsatpeg.dpdns.org,200,景昭屿,nginx,text/html,37484,"Nginx,jQuery",,1425,
http://nwsshaa.boolpfont.dpdns.org,http://nwsshaa.boolpfont.dpdns.org,200,简易解惑,nginx,text/html,19744,"Nginx,jQuery",,1059,
http://mnrrn.wordres.dpdns.org,http://mnrrn.wordres.dpdns.org,200,景昭屿,nginx,text/html,32961,"Nginx,WordPress,jQuery",,888,
http://ujwmeig.wordres.dpdns.org,http://ujwmeig.wordres.dpdns.org,200,星珩,nginx,text/html,33352,"Nginx,WordPress,jQuery",,963,
http://rhnwnmp.taiyangshen.dpdns.org,http://rhnwnmp.taiyangshen.dpdns.org,200,临泽舟,nginx,text/html,30449,"Nginx,jQuery",,850,
http://rfsbb.meitayouha.dpdns.org,http://rfsbb.meitayouha.dpdns.org,200,梧网,nginx,text/html,28050,"Bootstrap,Nginx,jQuery",,1119,
http://zducmc.wordres.dpdns.org,http://zducmc.wordres.dpdns.org,200,青辰川,nginx,text/html,32838,"Nginx,WordPress,jQuery",,989,
http://jwqvhuqz.voopliux.dpdns.org,http://jwqvhuqz.voopliux.dpdns.org,200,桨网,nginx,text/html,28637,"Nginx,jQuery",,1029,
http://xrjuwvr.ftiop.dpdns.org,http://xrjuwvr.ftiop.dpdns.org,200,凌云禾,nginx,text/html,33864,"Nginx,jQuery",,1114,
http://iieyvbe.wordres.dpdns.org,http://iieyvbe.wordres.dpdns.org,200,诺清禾,nginx,text/html,33089,"Nginx,WordPress,jQuery",,1063,
http://umjvitlr.duogongneng.dpdns.org,http://umjvitlr.duogongneng.dpdns.org,200,临泽舟,nginx,text/html,30543,Nginx,,848,
http://cgetff.voopliuer.dpdns.org,http://cgetff.voopliuer.dpdns.org,200,开辨解惑,nginx,text/html,21073,Nginx,,836,
http://ibetaog.soertubn.dpdns.org,http://ibetaog.soertubn.dpdns.org,200,回知解惑,nginx,text/html,19588,"Nginx,jQuery",,959,
http://ljzrrn.ftiop.dpdns.org,http://ljzrrn.ftiop.dpdns.org,200,景昭屿,nginx,text/html,33385,"Nginx,jQuery",,881,
http://ikqzzz.duogongneng.dpdns.org,http://ikqzzz.duogongneng.dpdns.org,200,弘知解惑,nginx,text/html,30593,Nginx,,833,
http://qzrfomn.sheyedashe.dpdns.org,http://qzrfomn.sheyedashe.dpdns.org,200,南凌屿,nginx,text/html,29030,"Nginx,jQuery",,1067,
http://cjoh.yasewanhg.dpdns.org,http://cjoh.yasewanhg.dpdns.org,200,博识问答,nginx,text/html,47368,"Nginx,jQuery",,1169,
http://umuha.boolpfont.dpdns.org,http://umuha.boolpfont.dpdns.org,200,星隅,nginx,text/html,22641,"Bootstrap,Nginx",,1202,
http://anqmb.fopiloi.dpdns.org,http://anqmb.fopiloi.dpdns.org,200,人间时光小筑,nginx,text/html,21539,"Nginx,WordPress,jQuery",,1433,
http://kqari.yasewanhg.dpdns.org,http://kqari.yasewanhg.dpdns.org,200,知川,nginx,text/html,47165,"Nginx,jQuery",,1216,
http://vuddp.fooiuoplik.dpdns.org,http://vuddp.fooiuoplik.dpdns.org,200,隅网,nginx,text/html,28959,"Bootstrap,Nginx,jQuery",,1260,
http://jwmesapv.boolpfont.dpdns.org,http://jwmesapv.boolpfont.dpdns.org,200,识答,nginx,text/html,16567,Nginx,,1483,
http://zaijvk.ftiop.dpdns.org,http://zaijvk.ftiop.dpdns.org,200,诚恳解惑,nginx,text/html,35107,"Nginx,jQuery",,1393,
http://fosteyo.voopliuer.dpdns.org,http://fosteyo.voopliuer.dpdns.org,200,星亦川,nginx,text/html,20901,Nginx,,1403,
http://qeojw.goodks.dpdns.org,http://qeojw.goodks.dpdns.org,200,沐寻,nginx,text/html,21656,"Bootstrap,Nginx",,1750,
http://wjgfvv.weiyutiop.dpdns.org,http://wjgfvv.weiyutiop.dpdns.org,200,青辰川,nginx,text/html,23362,Nginx,,1434,
http://ihrjwucv.duogongneng.dpdns.org,http://ihrjwucv.duogongneng.dpdns.org,200,辰沐禾,nginx,text/html,30892,Nginx,,1273,
http://shthetu.duogongneng.dpdns.org,http://shthetu.duogongneng.dpdns.org,200,振断解惑,nginx,text/html,30514,Nginx,,1353,
http://obquz.voopliux.dpdns.org,http://obquz.voopliux.dpdns.org,200,叙简川,nginx,text/html,27941,"Nginx,jQuery",,1256,
http://eeibrcf.sheyedashe.dpdns.org,http://eeibrcf.sheyedashe.dpdns.org,200,听风网,nginx,text/html,28892,"Nginx,jQuery",,1396,
http://gvvzgv.boolpfont.dpdns.org,http://gvvzgv.boolpfont.dpdns.org,200,临泽舟,nginx,text/html,34963,"Nginx,jQuery",,1746,
http://aomgov.rtootsatpeg.dpdns.org,http://aomgov.rtootsatpeg.dpdns.org,200,邃网,nginx,text/html,37556,"Nginx,jQuery",,1501,
http://dnkiysp.meitayouha.dpdns.org,http://dnkiysp.meitayouha.dpdns.org,200,开断解惑,nginx,text/html,31534,"Bootstrap,Nginx,jQuery",,1568,
http://vcqbi.voopliuer.dpdns.org,http://vcqbi.voopliuer.dpdns.org,200,静思答疑,nginx,text/html,20154,Nginx,,1230,
http://bzvztpez.ftiop.dpdns.org,http://bzvztpez.ftiop.dpdns.org,200,亦景屿,nginx,text/html,34804,"Nginx,jQuery",,1607,
http://rmninrfo.weiyutiop.dpdns.org,http://rmninrfo.weiyutiop.dpdns.org,200,疏诺珩,nginx,text/html,23370,Nginx,,1492,
http://rrmnj.weiyutiop.dpdns.org,http://rrmnj.weiyutiop.dpdns.org,200,沐珩,nginx,text/html,22796,Nginx,,1276,
http://uofjh.gpplonert.dpdns.org,http://uofjh.gpplonert.dpdns.org,200,人间晚风集,nginx,text/html,24169,"Nginx,jQuery",,1672,
http://ousbalk.gpplonert.dpdns.org,http://ousbalk.gpplonert.dpdns.org,200,诺清隅,nginx,text/html,24570,"Nginx,jQuery",,1398,
http://tcrxnp.boolpfont.dpdns.org,http://tcrxnp.boolpfont.dpdns.org,200,星亦禾,nginx,text/html,24530,Nginx,,1556,
http://hpetwzp.duogongneng.dpdns.org,http://hpetwzp.duogongneng.dpdns.org,200,清温岁月,nginx,text/html,30674,Nginx,,1237,
http://phbvisk.boolpfont.dpdns.org,http://phbvisk.boolpfont.dpdns.org,200,南珩,nginx,text/html,34490,"Nginx,jQuery",,1789,
http://upjmbelt.boolpfont.dpdns.org,http://upjmbelt.boolpfont.dpdns.org,200,诺清川,nginx,text/html,29043,"Nginx,jQuery",,1347,
http://ziwcwn.voopliuer.dpdns.org,http://ziwcwn.voopliuer.dpdns.org,200,浅叙心事,nginx,text/html,19413,Nginx,,872,
http://jtvrquax.rtootsatpeg.dpdns.org,http://jtvrquax.rtootsatpeg.dpdns.org,200,知屿,nginx,text/html,37132,"Nginx,jQuery",,1360,
http://emghspdt.rtootsatpeg.dpdns.org,http://emghspdt.rtootsatpeg.dpdns.org,200,景昭白,nginx,text/html,36162,"Nginx,jQuery",,1383,
http://ryccpait.soertubn.dpdns.org,http://ryccpait.soertubn.dpdns.org,200,临珩,nginx,text/html,33258,"Nginx,WordPress,jQuery",,725,
http://znmorfkl.voopliux.dpdns.org,http://znmorfkl.voopliux.dpdns.org,200,辰简川,nginx,text/html,28987,"Nginx,jQuery",,916,
http://thuyxyb.sheyedashe.dpdns.org,http://thuyxyb.sheyedashe.dpdns.org,200,凌云白,nginx,text/html,28671,"Nginx,jQuery",,797,
http://aavuynf.ftiop.dpdns.org,http://aavuynf.ftiop.dpdns.org,200,朝雾网,nginx,text/html,33469,"Nginx,jQuery",,764,
http://cykqv.goodks.dpdns.org,http://cykqv.goodks.dpdns.org,200,素存温柔,nginx,text/html,31784,"Nginx,jQuery",,733,
http://eorraaz.taiyangshen.dpdns.org,http://eorraaz.taiyangshen.dpdns.org,200,昭青川,nginx,text/html,30121,"Nginx,jQuery",,744,
http://xvyeskk.ftiop.dpdns.org,http://xvyeskk.ftiop.dpdns.org,200,慢记人间,nginx,text/html,34249,"Nginx,jQuery",,748,
http://rucjw.toopert.dpdns.org,http://rucjw.toopert.dpdns.org,200,默渡人间,nginx,text/html,16247,Nginx,,751,
http://yrufk.boolpfont.dpdns.org,http://yrufk.boolpfont.dpdns.org,200,轻问断,nginx,text/html,34817,"Nginx,jQuery",,856,
http://opnmqzj.lanshanhu.dpdns.org,http://opnmqzj.lanshanhu.dpdns.org,200,星亦屿,nginx,text/html,21173,"Nginx,jQuery",,825,
http://zmyouxxy.voopliuer.dpdns.org,http://zmyouxxy.voopliuer.dpdns.org,200,青辰川,nginx,text/html,21426,Nginx,,931,
http://fzviu.duogongneng.dpdns.org,http://fzviu.duogongneng.dpdns.org,200,景昭白,nginx,text/html,30259,Nginx,,1100,
http://wfhhsy.meitayouha.dpdns.org,http://wfhhsy.meitayouha.dpdns.org,200,凌云川,nginx,text/html,19297,Nginx,,1187,
http://tblry.taiyangshen.dpdns.org,http://tblry.taiyangshen.dpdns.org,200,亦景屿,nginx,text/html,30218,"Nginx,jQuery",,977,
https://wulhtu.wordres.dpdns.org,https://wulhtu.wordres.dpdns.org,200,404 Not Found,nginx,text/html,138,Nginx,,788,
http://fsyvc.soertubn.dpdns.org,http://fsyvc.soertubn.dpdns.org,200,烟火短句,nginx,text/html,31492,Nginx,,1159,
http://oftpmbj.wordres.dpdns.org,http://oftpmbj.wordres.dpdns.org,200,答判解惑,nginx,text/html,33316,"Nginx,WordPress,jQuery",,1168,
http://atsymios.fooiuoplik.dpdns.org,http://atsymios.fooiuoplik.dpdns.org,200,亦景川,nginx,text/html,28562,"Bootstrap,Nginx,jQuery",,1231,
http://syegyood.wordres.dpdns.org,http://syegyood.wordres.dpdns.org,200,静书晚风,nginx,text/html,33117,"Nginx,WordPress,jQuery",,1116,
http://rddumurs.rtootsatpeg.dpdns.org,http://rddumurs.rtootsatpeg.dpdns.org,200,闲拾岁月,nginx,text/html,37786,"Nginx,jQuery",,1448,
http://rblbuz.weiyutiop.dpdns.org,http://rblbuz.weiyutiop.dpdns.org,200,昭青隅,nginx,text/html,23097,Nginx,,1229,
http://dcilizoi.goodks.dpdns.org,http://dcilizoi.goodks.dpdns.org,200,私存时光小记,nginx,text/html,28794,Nginx,,1237,
http://kdwcfcq.voopliux.dpdns.org,http://kdwcfcq.voopliux.dpdns.org,200,凡答枢,nginx,text/html,28637,"Nginx,jQuery",,1425,
http://rqjnlm.weiyutiop.dpdns.org,http://rqjnlm.weiyutiop.dpdns.org,200,凌云白,nginx,text/html,23957,Nginx,,1121,
http://sesty.toopert.dpdns.org,http://sesty.toopert.dpdns.org,200,亦景屿,nginx,text/html,16097,Nginx,,988,
http://zln.fooiuoplik.dpdns.org,http://zln.fooiuoplik.dpdns.org,200,虫网,nginx,text/html,28094,"Bootstrap,Nginx,jQuery",,1083,
http://kjkrd.gpplonert.dpdns.org,http://kjkrd.gpplonert.dpdns.org,200,南凌屿,nginx,text/html,24649,"Nginx,jQuery",,1309,
http://rsrff.soertubn.dpdns.org,http://rsrff.soertubn.dpdns.org,200,轻藏烟火,nginx,text/html,71783,Nginx,,1352,
http://hdhvqkdr.soertubn.dpdns.org,http://hdhvqkdr.soertubn.dpdns.org,200,独属时光集,nginx,text/html,26884,"Bootstrap,Nginx,jQuery",,1241,
http://nzbbtr.soertubn.dpdns.org,http://nzbbtr.soertubn.dpdns.org,200,独处日记,nginx,text/html,27652,"Bootstrap,Nginx,jQuery",,1460,
http://tfzmaocj.voopliux.dpdns.org,http://tfzmaocj.voopliux.dpdns.org,200,庭网,nginx,text/html,28746,"Nginx,jQuery",,1160,
http://tkrlhu.soertubn.dpdns.org,http://tkrlhu.soertubn.dpdns.org,200,文理解惑,nginx,text/html,19245,"Bootstrap,Nginx",,1541,
http://dpzryvik.boolpfont.dpdns.org,http://dpzryvik.boolpfont.dpdns.org,200,省理堂,nginx,text/html,129204,Nginx,,2935,
http://wpfusd.taiyangshen.dpdns.org,http://wpfusd.taiyangshen.dpdns.org,200,星亦屿,nginx,text/html,30398,"Nginx,jQuery",,1149,
http://jvkgtwgx.ftiop.dpdns.org,http://jvkgtwgx.ftiop.dpdns.org,200,星白,nginx,text/html,34681,"Nginx,jQuery",,980,
http://ifcwybv.lanshanhu.dpdns.org,http://ifcwybv.lanshanhu.dpdns.org,200,简叙温柔,nginx,text/html,21484,"Nginx,jQuery",,925,
http://ehcybd.rtootsatpeg.dpdns.org,http://ehcybd.rtootsatpeg.dpdns.org,200,烟火短句,nginx,text/html,37729,"Nginx,jQuery",,1380,
http://ffeas.sheyedashe.dpdns.org,http://ffeas.sheyedashe.dpdns.org,200,临泽舟,nginx,text/html,28926,"Nginx,jQuery",,949,
http://vdunjj.duogongneng.dpdns.org,http://vdunjj.duogongneng.dpdns.org,200,叙简珩,nginx,text/html,30982,Nginx,,771,
http://tcgagzdc.soertubn.dpdns.org,http://tcgagzdc.soertubn.dpdns.org,200,临泽屿,nginx,text/html,35382,Nginx,,1782,
http://hhhow.rtootsatpeg.dpdns.org,http://hhhow.rtootsatpeg.dpdns.org,200,百解答疑,nginx,text/html,37318,"Nginx,jQuery",,1052,
http://szuvgpk.toopert.dpdns.org,http://szuvgpk.toopert.dpdns.org,200,亦景白,nginx,text/html,16238,Nginx,,744,
http://xlrlx.voopliuer.dpdns.org,http://xlrlx.voopliuer.dpdns.org,200,生活碎碎片,nginx,text/html,20691,Nginx,,807,
http://dyrej.rtootsatpeg.dpdns.org,http://dyrej.rtootsatpeg.dpdns.org,200,温拾朝夕,nginx,text/html,36989,"Nginx,jQuery",,891,
http://ueoqvys.ftiop.dpdns.org,http://ueoqvys.ftiop.dpdns.org,200,山河温随笔,nginx,text/html,33947,"Nginx,jQuery",,1023,
http://cdovm.fopiloi.dpdns.org,http://cdovm.fopiloi.dpdns.org,200,兽网,nginx,text/html,21951,"Nginx,WordPress,jQuery",,943,
http://gvvhsrfb.ftiop.dpdns.org,http://gvvhsrfb.ftiop.dpdns.org,200,底理解惑,nginx,text/html,34302,"Nginx,jQuery",,910,
http://hehxvut.soertubn.dpdns.org,http://hehxvut.soertubn.dpdns.org,200,青辰川,nginx,text/html,21918,"Nginx,WordPress,jQuery",,972,
http://acrpay.meitayouha.dpdns.org,http://acrpay.meitayouha.dpdns.org,200,屿川网,nginx,text/html,21473,"Bootstrap,Nginx,jQuery",,817,
http://untejze.sheyedashe.dpdns.org,http://untejze.sheyedashe.dpdns.org,200,星屿,nginx,text/html,29654,"Nginx,jQuery",,894,
http://ewrukpg.fooiuoplik.dpdns.org,http://ewrukpg.fooiuoplik.dpdns.org,200,星川,nginx,text/html,28361,"Bootstrap,Nginx,jQuery",,772,
http://wkgmxt.sheyedashe.dpdns.org,http://wkgmxt.sheyedashe.dpdns.org,200,伴网,nginx,text/html,28655,"Nginx,jQuery",,925,
http://uzfwmxix.toopert.dpdns.org,http://uzfwmxix.toopert.dpdns.org,200,诺清隅,nginx,text/html,16238,Nginx,,911,
http://bubgnlez.sheyedashe.dpdns.org,http://bubgnlez.sheyedashe.dpdns.org,200,景寻,nginx,text/html,28869,"Nginx,jQuery",,983,
http://modgu.fooiuoplik.dpdns.org,http://modgu.fooiuoplik.dpdns.org,200,浅书人间,nginx,text/html,28451,"Bootstrap,Nginx,jQuery",,809,
http://lixeg.taiyangshen.dpdns.org,http://lixeg.taiyangshen.dpdns.org,200,亦景屿,nginx,text/html,30014,"Nginx,jQuery",,922,
http://dpwnhrx.boolpfont.dpdns.org,http://dpwnhrx.boolpfont.dpdns.org,200,寻川网,nginx,text/html,28598,"Nginx,jQuery",,862,
http://zhshsj.fooiuoplik.dpdns.org,http://zhshsj.fooiuoplik.dpdns.org,200,人间观物,nginx,text/html,28909,"Bootstrap,Nginx,jQuery",,1039,
http://gdhnsj.meitayouha.dpdns.org,http://gdhnsj.meitayouha.dpdns.org,200,凌云白,nginx,text/html,25885,"Bootstrap,Nginx,jQuery",,1021,
http://vvwhv.voopliux.dpdns.org,http://vvwhv.voopliux.dpdns.org,200,疏诺屿,nginx,text/html,28590,"Nginx,jQuery",,1049,
http://nknvvajq.ftiop.dpdns.org,http://nknvvajq.ftiop.dpdns.org,200,南凌屿,nginx,text/html,35033,"Nginx,jQuery",,981,
http://gyuxuauq.boolpfont.dpdns.org,http://gyuxuauq.boolpfont.dpdns.org,200,分网,nginx,text/html,22649,"Bootstrap,Nginx",,1065,
http://rvebn.lanshanhu.dpdns.org,http://rvebn.lanshanhu.dpdns.org,200,亦景白,nginx,text/html,21472,"Nginx,jQuery",,923,
http://hwfucl.duogongneng.dpdns.org,http://hwfucl.duogongneng.dpdns.org,200,慢度光阴,nginx,text/html,30482,Nginx,,876,
http://bdbbd.meitayouha.dpdns.org,http://bdbbd.meitayouha.dpdns.org,200,慢热自愈,nginx,text/html,22910,"Nginx,jQuery",,924,
http://onytbb.wordres.dpdns.org,http://onytbb.wordres.dpdns.org,200,星亦川,nginx,text/html,33211,"Nginx,WordPress,jQuery",,933,
http://njwkkg.voopliuer.dpdns.org,http://njwkkg.voopliuer.dpdns.org,200,星亦禾,nginx,text/html,20849,Nginx,,926,
http://rcifwi.weiyutiop.dpdns.org,http://rcifwi.weiyutiop.dpdns.org,200,诺清隅,nginx,text/html,23246,Nginx,,841,
http://extxrgw.boolpfont.dpdns.org,http://extxrgw.boolpfont.dpdns.org,200,诺清禾,nginx,text/html,30891,"Bootstrap,Nginx",,867,
http://uedtpai.rtootsatpeg.dpdns.org,http://uedtpai.rtootsatpeg.dpdns.org,200,叙简白,nginx,text/html,37660,"Nginx,jQuery",,1079,
http://zrozcfp.yasewanhg.dpdns.org,http://zrozcfp.yasewanhg.dpdns.org,200,景昭珩,nginx,text/html,48427,"Nginx,jQuery",,801,
http://qiclkoo.voopliux.dpdns.org,http://qiclkoo.voopliux.dpdns.org,200,临泽珩,nginx,text/html,28543,"Nginx,jQuery",,947,
http://pympopkb.soertubn.dpdns.org,http://pympopkb.soertubn.dpdns.org,200,诺清禾,nginx,text/html,18562,"Bootstrap,Nginx",,769,
http://umsvoko.wordres.dpdns.org,http://umsvoko.wordres.dpdns.org,200,诺清隅,nginx,text/html,33111,"Nginx,WordPress,jQuery",,822,
http://mgqrxcap.yasewanhg.dpdns.org,http://mgqrxcap.yasewanhg.dpdns.org,200,凌云川,nginx,text/html,47957,"Nginx,jQuery",,765,
http://ryzfgnp.gpplonert.dpdns.org,http://ryzfgnp.gpplonert.dpdns.org,200,诺白,nginx,text/html,24728,"Nginx,jQuery",,815,
http://sqdxuqlt.toopert.dpdns.org,http://sqdxuqlt.toopert.dpdns.org,200,独记时光温柔,nginx,text/html,16278,Nginx,,782,
http://uwbnssrz.meitayouha.dpdns.org,http://uwbnssrz.meitayouha.dpdns.org,200,山水温柔集,nginx,text/html,30220,"Bootstrap,Nginx,jQuery",,799,
http://cmhvi.lanshanhu.dpdns.org,http://cmhvi.lanshanhu.dpdns.org,200,山野情书,nginx,text/html,21550,"Nginx,jQuery",,964,
http://qglnrfhy.soertubn.dpdns.org,http://qglnrfhy.soertubn.dpdns.org,200,轻藏人间,nginx,text/html,22293,"Nginx,WordPress,jQuery",,878,
http://maiewq.lanshanhu.dpdns.org,http://maiewq.lanshanhu.dpdns.org,200,景昭白,nginx,text/html,21470,"Nginx,jQuery",,1186,
http://ntcoz.meitayouha.dpdns.org,http://ntcoz.meitayouha.dpdns.org,200,诺清禾,nginx,text/html,47727,"Nginx,jQuery",,1003,
http://gfnedeji.voopliux.dpdns.org,http://gfnedeji.voopliux.dpdns.org,200,观断解惑,nginx,text/html,28712,"Nginx,jQuery",,1163,
http://xqrte.yasewanhg.dpdns.org,http://xqrte.yasewanhg.dpdns.org,200,亦景川,nginx,text/html,47522,"Nginx,jQuery",,940,
http://aofpzh.meitayouha.dpdns.org,http://aofpzh.meitayouha.dpdns.org,200,睿解解惑,nginx,text/html,53325,"Nginx,jQuery",,1971,
http://kjyetyiv.weiyutiop.dpdns.org,http://kjyetyiv.weiyutiop.dpdns.org,200,亦景川,nginx,text/html,23092,Nginx,,1141,
http://ixivr.sheyedashe.dpdns.org,http://ixivr.sheyedashe.dpdns.org,200,临寻,nginx,text/html,29496,"Nginx,jQuery",,1218,
http://yazqnhg.taiyangshen.dpdns.org,http://yazqnhg.taiyangshen.dpdns.org,200,独处小人间,nginx,text/html,30522,"Nginx,jQuery",,1027,
http://bxljht.yasewanhg.dpdns.org,http://bxljht.yasewanhg.dpdns.org,200,慢拾时光,nginx,text/html,47623,"Nginx,jQuery",,970,
http://vqnyczvo.yasewanhg.dpdns.org,http://vqnyczvo.yasewanhg.dpdns.org,200,客网,nginx,text/html,47984,"Nginx,jQuery",,973,
http://hslwbje.taiyangshen.dpdns.org,http://hslwbje.taiyangshen.dpdns.org,200,沐寻,nginx,text/html,29692,"Nginx,jQuery",,1045,
http://ljtrxvk.meitayouha.dpdns.org,http://ljtrxvk.meitayouha.dpdns.org,200,临泽舟,nginx,text/html,43135,Nginx,,1095,
http://cymamx.weiyutiop.dpdns.org,http://cymamx.weiyutiop.dpdns.org,200,人间慢叙,nginx,text/html,23044,Nginx,,1056,
http://kfzanswt.duogongneng.dpdns.org,http://kfzanswt.duogongneng.dpdns.org,200,青辰白,nginx,text/html,30136,Nginx,,1097,
http://iyexl.goodks.dpdns.org,http://iyexl.goodks.dpdns.org,200,景昭珩,nginx,text/html,28069,"Bootstrap,Nginx,jQuery",,781,
http://nwgmxhi.voopliux.dpdns.org,http://nwgmxhi.voopliux.dpdns.org,200,凌云白,nginx,text/html,28727,"Nginx,jQuery",,1039,
http://kgyzqno.yasewanhg.dpdns.org,http://kgyzqno.yasewanhg.dpdns.org,200,景昭珩,nginx,text/html,48011,"Nginx,jQuery",,880,
http://mdifavy.taiyangshen.dpdns.org,http://mdifavy.taiyangshen.dpdns.org,200,凌云川,nginx,text/html,30260,"Nginx,jQuery",,927,
http://pmljyx.meitayouha.dpdns.org,http://pmljyx.meitayouha.dpdns.org,200,亦景屿,nginx,text/html,26650,"Bootstrap,Nginx,jQuery",,1259,
http://lfbbrez.taiyangshen.dpdns.org,http://lfbbrez.taiyangshen.dpdns.org,200,荷叙网,nginx,text/html,30048,"Nginx,jQuery",,841,
http://tfxavben.fooiuoplik.dpdns.org,http://tfxavben.fooiuoplik.dpdns.org,200,景寻,nginx,text/html,28832,"Bootstrap,Nginx,jQuery",,877,
http://gxgya.fooiuoplik.dpdns.org,http://gxgya.fooiuoplik.dpdns.org,200,亦景屿,nginx,text/html,29281,"Bootstrap,Nginx,jQuery",,850,
http://layhrqs.meitayouha.dpdns.org,http://layhrqs.meitayouha.dpdns.org,200,简川,nginx,text/html,136718,"Nginx,WordPress,jQuery",,1304,
http://xafxrcvz.goodks.dpdns.org,http://xafxrcvz.goodks.dpdns.org,200,诺清川,nginx,text/html,29380,"Nginx,jQuery",,1021,
http://grokmpxv.sheyedashe.dpdns.org,http://grokmpxv.sheyedashe.dpdns.org,200,云端解惑,nginx,text/html,29463,"Nginx,jQuery",,843,
http://sqxjqqqz.ftiop.dpdns.org,http://sqxjqqqz.ftiop.dpdns.org,200,南凌禾,nginx,text/html,34381,"Nginx,jQuery",,991,
http://retjwxex.voopliux.dpdns.org,http://retjwxex.voopliux.dpdns.org,200,弘知解惑,nginx,text/html,28724,"Nginx,jQuery",,943,
http://tqsvggfd.fopiloi.dpdns.org,http://tqsvggfd.fopiloi.dpdns.org,200,昭知解惑,nginx,text/html,21989,"Nginx,WordPress,jQuery",,703,
http://zckwmmhr.yasewanhg.dpdns.org,http://zckwmmhr.yasewanhg.dpdns.org,200,临泽珩,nginx,text/html,47959,"Nginx,jQuery",,683,
http://zqrtomz.fopiloi.dpdns.org,http://zqrtomz.fopiloi.dpdns.org,200,闲藏时光,nginx,text/html,21780,"Nginx,WordPress,jQuery",,1023,
http://tkgyxg.fopiloi.dpdns.org,http://tkgyxg.fopiloi.dpdns.org,200,寥判解惑,nginx,text/html,21438,"Nginx,WordPress,jQuery",,1150,
http://jooulz.gpplonert.dpdns.org,http://jooulz.gpplonert.dpdns.org,200,青辰川,nginx,text/html,24540,"Nginx,jQuery",,1260,
http://rwpip.toopert.dpdns.org,http://rwpip.toopert.dpdns.org,200,窗网,nginx,text/html,16173,Nginx,,1259,
http://dkwpfr.yasewanhg.dpdns.org,http://dkwpfr.yasewanhg.dpdns.org,200,临泽珩,nginx,text/html,47788,"Nginx,jQuery",,1199,
http://ghqaultk.wordres.dpdns.org,http://ghqaultk.wordres.dpdns.org,200,凌云川,nginx,text/html,33489,"Nginx,WordPress,jQuery",,1421,
http://pvjdoxu.taiyangshen.dpdns.org,http://pvjdoxu.taiyangshen.dpdns.org,200,知许网,nginx,text/html,30690,"Nginx,jQuery",,1072,
http://sfijl.goodks.dpdns.org,http://sfijl.goodks.dpdns.org,200,敦网,nginx,text/html,27667,"Bootstrap,Nginx,jQuery",,1245,
http://lxjssppa.sheyedashe.dpdns.org,http://lxjssppa.sheyedashe.dpdns.org,200,临川,nginx,text/html,29762,"Nginx,jQuery",,1422,
http://caksqkwg.fopiloi.dpdns.org,http://caksqkwg.fopiloi.dpdns.org,200,亭网,nginx,text/html,21468,"Nginx,WordPress,jQuery",,1151,
http://vifdovm.wordres.dpdns.org,http://vifdovm.wordres.dpdns.org,200,元理解惑,nginx,text/html,32869,"Nginx,WordPress,jQuery",,1409,
http://bhjvjsp.yasewanhg.dpdns.org,http://bhjvjsp.yasewanhg.dpdns.org,200,轻温浮生,nginx,text/html,47222,"Nginx,jQuery",,1277,
http://nxgwboof.weiyutiop.dpdns.org,http://nxgwboof.weiyutiop.dpdns.org,200,诺清川,nginx,text/html,23776,Nginx,,1387,
https://mdvcr.boolpfont.dpdns.org,https://mdvcr.boolpfont.dpdns.org,200,404 Not Found,nginx,text/html,138,Nginx,,620,
http://lpbqcdxh.fopiloi.dpdns.org,http://lpbqcdxh.fopiloi.dpdns.org,200,凌云禾,nginx,text/html,21803,"Nginx,WordPress,jQuery",,1122,
http://bemqfzmz.ftiop.dpdns.org,http://bemqfzmz.ftiop.dpdns.org,200,时网,nginx,text/html,34026,"Nginx,jQuery",,1390,
http://eneai.soertubn.dpdns.org,http://eneai.soertubn.dpdns.org,200,清醒自渡,nginx,text/html,28426,"Nginx,jQuery",,1530,
http://ljcqdv.sheyedashe.dpdns.org,http://ljcqdv.sheyedashe.dpdns.org,200,复理解惑,nginx,text/html,28464,"Nginx,jQuery",,1208,
http://ixwppg.ftiop.dpdns.org,http://ixwppg.ftiop.dpdns.org,200,软语网,nginx,text/html,33812,"Nginx,jQuery",,1640,
http://vgexwesk.meitayouha.dpdns.org,http://vgexwesk.meitayouha.dpdns.org,200,青辰川,nginx,text/html,22165,"Bootstrap,Nginx,jQuery",,1590,
http://henpz.wordres.dpdns.org,http://henpz.wordres.dpdns.org,200,诺清隅,nginx,text/html,33203,"Nginx,WordPress,jQuery",,1262,
http://iqkzxf.lanshanhu.dpdns.org,http://iqkzxf.lanshanhu.dpdns.org,200,游网,nginx,text/html,21680,"Nginx,jQuery",,1497,
http://mxscahse.duogongneng.dpdns.org,http://mxscahse.duogongneng.dpdns.org,200,星亦禾,nginx,text/html,30618,Nginx,,1301,
http://gumlkgq.gpplonert.dpdns.org,http://gumlkgq.gpplonert.dpdns.org,200,南凌禾,nginx,text/html,24693,"Nginx,jQuery",,1659,
http://tcttpmn.meitayouha.dpdns.org,http://tcttpmn.meitayouha.dpdns.org,200,诺清禾,nginx,text/html,26141,"Bootstrap,Nginx",,1742,
http://qqyvcl.goodks.dpdns.org,http://qqyvcl.goodks.dpdns.org,200,允网,nginx,text/html,21145,"Bootstrap,Nginx",,1548,
http://pyjlfvpg.goodks.dpdns.org,http://pyjlfvpg.goodks.dpdns.org,200,青辰珩,nginx,text/html,28454,"Bootstrap,Nginx",,1614,
http://jqqar.lanshanhu.dpdns.org,http://jqqar.lanshanhu.dpdns.org,200,简川,nginx,text/html,21056,"Nginx,jQuery",,1389,
http://rndgv.toopert.dpdns.org,http://rndgv.toopert.dpdns.org,200,月网,nginx,text/html,16073,Nginx,,815,
http://rnrmb.boolpfont.dpdns.org,http://rnrmb.boolpfont.dpdns.org,200,临泽屿,nginx,text/html,23319,Nginx,,1784,
http://tlqjiznb.goodks.dpdns.org,http://tlqjiznb.goodks.dpdns.org,200,叙简珩,nginx,text/html,71761,Nginx,,1650,
https://pcmny.wordres.dpdns.org,https://pcmny.wordres.dpdns.org,200,404 Not Found,nginx,text/html,138,Nginx,,786,
http://pxtbmmat.goodks.dpdns.org,http://pxtbmmat.goodks.dpdns.org,200,静写日常,nginx,text/html,48470,"Nginx,jQuery",,1749,
http://pyiub.yasewanhg.dpdns.org,http://pyiub.yasewanhg.dpdns.org,200,零碎时光集,nginx,text/html,47700,"Nginx,jQuery",,723,
http://wemil.fopiloi.dpdns.org,http://wemil.fopiloi.dpdns.org,200,人间自留地,nginx,text/html,21461,"Nginx,WordPress,jQuery",,758,
http://ehzyhmi.fooiuoplik.dpdns.org,http://ehzyhmi.fooiuoplik.dpdns.org,200,临泽屿,nginx,text/html,29065,"Bootstrap,Nginx,jQuery",,697,
http://zwkjvfm.ftiop.dpdns.org,http://zwkjvfm.ftiop.dpdns.org,200,诺清川,nginx,text/html,34442,"Nginx,jQuery",,830,
http://cszjieo.fopiloi.dpdns.org,http://cszjieo.fopiloi.dpdns.org,200,诺清禾,nginx,text/html,56767,"Nginx,WordPress,jQuery",,889,
http://khglx.yasewanhg.dpdns.org,http://khglx.yasewanhg.dpdns.org,200,答毫解惑,nginx,text/html,47800,"Nginx,jQuery",,761,
http://uixkrx.taiyangshen.dpdns.org,http://uixkrx.taiyangshen.dpdns.org,200,诺清川,nginx,text/html,30420,"Nginx,jQuery",,728,
http://egvnruay.rtootsatpeg.dpdns.org,http://egvnruay.rtootsatpeg.dpdns.org,200,溯网,nginx,text/html,38029,"Nginx,jQuery",,1111,
https://uxdctoh.wordres.dpdns.org,https://uxdctoh.wordres.dpdns.org,200,404 Not Found,nginx,text/html,138,Nginx,,653,
http://uholrwo.wordres.dpdns.org,http://uholrwo.wordres.dpdns.org,200,诺清禾,nginx,text/html,33043,"Nginx,WordPress,jQuery",,875,
http://qgwpce.weiyutiop.dpdns.org,http://qgwpce.weiyutiop.dpdns.org,200,简静时光集,nginx,text/html,23708,Nginx,,879,
http://eawkpiy.toopert.dpdns.org,http://eawkpiy.toopert.dpdns.org,200,叙简川,nginx,text/html,16272,Nginx,,839,
http://kwksafh.sheyedashe.dpdns.org,http://kwksafh.sheyedashe.dpdns.org,200,青辰珩,nginx,text/html,28935,"Nginx,jQuery",,871,
http://ofagyix.voopliuer.dpdns.org,http://ofagyix.voopliuer.dpdns.org,200,星亦禾,nginx,text/html,20759,Nginx,,869,
http://mnecpizl.fopiloi.dpdns.org,http://mnecpizl.fopiloi.dpdns.org,200,答析阁,nginx,text/html,22078,"Nginx,WordPress,jQuery",,790,
http://dnxzz.yasewanhg.dpdns.org,http://dnxzz.yasewanhg.dpdns.org,200,软语网,nginx,text/html,47344,"Nginx,jQuery",,875,
http://jyxslxp.gpplonert.dpdns.org,http://jyxslxp.gpplonert.dpdns.org,200,临泽舟,nginx,text/html,25080,"Nginx,jQuery",,896,
http://keluip.rtootsatpeg.dpdns.org,http://keluip.rtootsatpeg.dpdns.org,200,朝雾网,nginx,text/html,37754,"Nginx,jQuery",,971,
http://qfjybb.lanshanhu.dpdns.org,http://qfjybb.lanshanhu.dpdns.org,200,南凌禾,nginx,text/html,21577,"Nginx,jQuery",,1050,
http://wvkthq.meitayouha.dpdns.org,http://wvkthq.meitayouha.dpdns.org,200,亦景川,nginx,text/html,35736,"Nginx,jQuery",,730,
http://tztsdi.voopliuer.dpdns.org,http://tztsdi.voopliuer.dpdns.org,200,南凌禾,nginx,text/html,20765,Nginx,,982,
http://lvdfmygb.gpplonert.dpdns.org,http://lvdfmygb.gpplonert.dpdns.org,200,青辰川,nginx,text/html,24672,"Nginx,jQuery",,980,
http://rxfisbte.boolpfont.dpdns.org,http://rxfisbte.boolpfont.dpdns.org,200,拾光网,nginx,text/html,28621,"Bootstrap,Nginx,jQuery",,1116,
http://vozig.sheyedashe.dpdns.org,http://vozig.sheyedashe.dpdns.org,200,叙简珩,nginx,text/html,27961,"Nginx,jQuery",,1324,
http://zqvkg.weiyutiop.dpdns.org,http://zqvkg.weiyutiop.dpdns.org,200,温拥人间,nginx,text/html,22803,Nginx,,952,
http://udxmk.goodks.dpdns.org,http://udxmk.goodks.dpdns.org,200,知隅,nginx,text/html,28471,"Nginx,jQuery",,949,
http://wrgkd.fopiloi.dpdns.org,http://wrgkd.fopiloi.dpdns.org,200,诺清隅,nginx,text/html,21374,"Nginx,WordPress,jQuery",,855,
http://ljgarsj.ftiop.dpdns.org,http://ljgarsj.ftiop.dpdns.org,200,星隅,nginx,text/html,34518,"Nginx,jQuery",,852,
http://ibboi.sheyedashe.dpdns.org,http://ibboi.sheyedashe.dpdns.org,200,叙简白,nginx,text/html,29215,"Nginx,jQuery",,909,
http://cdvoqvel.meitayouha.dpdns.org,http://cdvoqvel.meitayouha.dpdns.org,200,扬辨解惑,nginx,text/html,29897,"Bootstrap,Nginx,jQuery",,1100,
http://slnved.meitayouha.dpdns.org,http://slnved.meitayouha.dpdns.org,200,简温人间,nginx,text/html,36709,Nginx,,1239,
http://rbicrvz.gpplonert.dpdns.org,http://rbicrvz.gpplonert.dpdns.org,200,沐寻,nginx,text/html,22962,"Nginx,jQuery",,1092,
http://afdcaeb.gpplonert.dpdns.org,http://afdcaeb.gpplonert.dpdns.org,200,攸宁网,nginx,text/html,24267,"Nginx,jQuery",,867,
http://jzxjyxat.weiyutiop.dpdns.org,http://jzxjyxat.weiyutiop.dpdns.org,200,静心问答,nginx,text/html,23704,Nginx,,824,
